42.5073,1.5341,15853
42.5078,1.5211,20430
25.1674,55.4071,108759
25.1549,55.2101,16459
25.5647,55.5552,59098
25.0695,56.3312,51000
25.2250,55.3895,38425
25.7895,55.9432,351943
23.6542,53.7052,63482
25.3313,56.3420,40677
25.0513,56.3542,37545
25.2080,55.2497,39080
25.0772,55.3093,3790000
25.5925,56.2618,30000
25.6196,56.2729,26395
25.2714,55.3021,400000
25.3342,55.4122,1800000
24.1103,52.7306,25000
24.8007,56.1273,15324
25.1164,56.3414,118933
24.1917,55.7606,846747
25.4018,55.4788,490035
25.2881,55.8816,20165
24.4512,54.3970,1807000
25.2841,55.3315,18043
25.2219,55.2746,40997
25.4000,55.5292,27000
25.2917,55.3382,21608
25.2400,55.3011,75560
25.1988,55.2557,22153
25.1161,55.1351,25500
25.2604,55.2989,18698
24.4259,54.6050,85374
25.2244,55.4141,60288
25.2774,55.3368,84661
25.2461,55.2922,41244
25.2714,55.3032,53075
25.2758,55.3074,19831
25.1927,55.4201,59111
25.1638,55.4099,120000
25.0852,55.1465,120000
25.0954,55.1617,24000
25.1705,55.2334,15672
25.4034,55.4334,86000
25.4181,55.5079,18000
25.3235,55.3877,116503
25.2218,55.3573,77000
25.2106,55.2779,36000
25.0083,55.1568,160000
25.0025,55.1081,210000
24.3098,54.6294,80498
24.3589,54.4827,243341
24.3927,54.7078,61710
25.1448,56.2476,82310
25.2246,55.2689,18816
25.2737,55.3227,48739
25.2480,55.4413,17498
25.1198,55.3872,90000
25.0265,55.1457,26000
25.1854,55.2697,191000
25.2793,55.3700,48378
25.3459,55.4216,19389
25.3153,55.6321,53079
25.0376,55.5913,53079
24.3479,54.5537,85000
30.9596,61.8604,49851
34.7353,66.9738,65000
36.7360,69.5345,64256
33.3029,62.1474,29264
36.6676,65.7529,55641
34.1074,64.3052,15967
36.2154,65.9325,52121
35.8497,66.4369,15377
36.2647,68.0155,47823
37.1260,69.8304,25636
37.4185,66.0436,15018
37.2196,68.7802,24544
35.9446,68.7151,56369
34.5879,68.9509,49157
33.7218,66.1302,30058
36.0649,69.1334,22363
35.9214,64.7836,75900
34.6714,70.2094,17345
36.7090,67.1109,523300
31.5938,64.3716,43934
33.2957,61.9522,16952
36.7289,68.8570,161902
33.3395,69.9204,96123
36.6974,67.6983,64933
31.5292,62.7906,15133
30.5488,63.7888,25600
36.6830,69.1128,71531
34.4811,62.5863,17484
31.6133,65.7101,523300
34.5281,69.1723,4434550
36.8648,70.8342,23064
34.4265,70.4515,271900
35.1183,69.2378,15032
34.3482,62.1997,574300
35.7306,63.7826,30000
33.5539,68.4210,141000
31.8209,64.5700,43588
33.5974,69.2259,103601
37.1166,70.5800,44421
32.3745,62.1164,43561
34.8327,69.0776,41413
34.6667,61.0667,18086
35.0136,69.1714,53676
33.9674,68.9492,22305
34.8216,67.8273,61863
36.7563,66.8972,114883
37.0025,70.9066,32551
36.1307,68.7083,108449
37.0857,69.4796,18623
35.0333,71.3581,15708
34.8731,71.1470,48400
36.9529,65.1238,37900
35.3129,69.5152,65000
34.1258,70.7078,15098
17.1210,-61.8433,51737
39.8753,20.0048,22613
40.9025,20.6525,46070
41.1794,20.3150,23312
42.0769,20.4219,36125
40.6186,20.7808,58259
40.0758,20.1389,23437
41.1114,20.0822,100903
41.4917,20.2219,26826
40.4696,19.4838,115261
41.3274,19.8187,418495
42.0683,19.5126,95553
41.0461,19.7511,16580
40.6428,19.6508,22679
40.6833,19.6194,16000
40.9419,19.7050,63135
41.7836,19.6436,18695
40.8003,19.9167,31077
41.5092,19.7928,51191
41.1856,19.5569,30012
40.7167,19.5667,60995
40.7251,19.5582,56297
41.3235,19.4547,195920
40.7058,19.9522,62232
39.2076,46.4068,32900
39.5111,46.3417,17483
39.9548,44.5487,22800
39.8549,44.6947,16986
40.1776,44.5126,1144700
40.1656,44.2946,45842
40.5480,44.9531,18951
40.0660,44.4367,20774
40.8074,44.4970,78100
40.3540,45.1239,18900
40.8804,45.1478,19500
40.5169,44.7559,49500
40.1555,44.0388,29700
40.7931,43.8464,114667
40.7404,44.8634,16400
40.2164,44.4809,52100
40.4029,44.6445,22763
40.2144,44.5785,58800
40.2976,44.3615,17600
40.6192,43.9721,18145
40.2717,44.6334,47546
40.1331,44.5301,129700
40.1966,44.5669,137300
40.1992,44.4706,122800
40.2200,44.5383,75500
40.1740,44.4457,150500
40.1781,44.5130,133000
40.1557,44.4779,140600
40.2062,44.5037,119300
-9.6608,20.3915,393000
-8.4192,20.7447,110000
-7.3664,20.8156,177604
-7.3000,20.7333,246880
-7.4837,21.3034,20000
-14.1016,21.4353,19000
-10.7073,22.2247,55432
-11.8991,22.9022,34000
-8.3855,15.3013,60000
-7.6087,15.0613,322531
-6.8052,13.3302,20358
-6.1349,12.3689,200920
-7.3521,14.8463,31382
-7.3147,16.0024,23000
-7.2280,12.8696,28840
-7.7594,15.2722,92950
-9.2978,14.9116,161584
-10.5143,16.0199,33558
-6.2667,14.2383,148000
-6.0572,15.1097,42000
-9.5402,16.3410,455000
-8.8290,13.2310,319000
-9.2727,15.2521,19422
-9.1545,19.2814,26103
-8.8368,13.2343,2776168
-8.9077,17.0534,15965
-9.1333,14.7667,19992
-9.6846,14.4279,64643
-9.0500,15.3167,64643
-6.1208,14.6209,41878
-8.2362,19.5257,26577
-9.1458,18.0445,55000
-8.7320,15.3712,34000
-8.5785,13.6642,55000
-9.7833,16.4333,16232
-8.1881,15.3750,21767
-9.4210,15.7467,39302
-5.5620,12.1948,550000
-4.7667,12.5500,40953
-4.6500,12.7667,24430
-8.4718,13.3701,75000
-9.5750,15.9944,70481
-8.5675,13.4764,66202
-8.8249,13.3132,424528
-8.9178,13.1856,500000
-16.7444,14.9749,35000
-12.2333,15.5500,17000
-15.7270,12.9496,42607
-12.9612,15.0596,21809
-11.4124,14.3066,47421
-15.8039,11.8448,46573
-11.2060,13.8437,205832
-14.8191,14.5350,23014
-10.7337,14.9800,27128
-10.7325,13.7684,91605
-17.0667,15.7333,121537
-11.4751,16.9650,18000
-15.1961,12.1522,255000
-11.8327,16.2361,21662
-14.6585,17.6910,251178
-14.7327,15.0348,78000
-10.7391,17.7177,69420
-11.7833,19.9167,273675
-14.9172,13.4925,600751
-12.9079,15.2485,23000
-12.2371,15.3170,17000
-12.3644,13.5360,357950
-12.3833,16.9333,355423
-12.5660,16.2259,26974
-16.6864,14.9032,35985
-12.7761,15.7392,595304
-13.0159,14.6350,65000
-10.8515,14.3799,116903
-12.9517,13.1025,25000
-12.1500,18.0833,19995
-13.0387,14.2455,90367
-11.1086,14.3362,21260
-13.5500,16.6333,25000
-12.5571,16.3380,26811
-11.4217,15.1235,90000
-12.4300,13.5468,95034
-12.1500,17.2833,28831
-11.1333,14.4667,21260
-14.1167,13.2500,66112
-10.0753,17.5506,17212
-12.0167,17.4833,59000
-13.8667,14.4333,31000
-10.0006,14.8952,44000
-12.8525,15.5606,130000
-12.4702,14.1369,35000
-12.5767,13.4027,555124
-12.3543,14.7723,36361
-12.6042,13.1967,45000
-11.4868,16.6966,50000
-7.4686,17.0377,17212
-8.7672,17.9957,90000
-10.1916,15.4341,29000
-11.3922,15.0920,90000
-10.8948,17.7640,17212
-8.8181,13.2289,370000
-8.8264,13.2629,261000
-8.8800,13.1962,54000
-8.7888,13.2751,244000
-34.0958,-59.0242,99061
-25.9734,-54.5630,15529
-34.5797,-58.4683,22500
-28.4873,-59.3542,19101
-34.6791,-58.4726,114000
-31.8677,-59.0270,32027
-37.2639,-56.9730,23257
-34.5108,-58.6806,43405
-34.4751,-58.7537,41390
-34.4260,-58.5796,31106
-37.3287,-59.1369,115877
-26.6167,-54.1333,38247
-28.5510,-56.0412,22634
-34.6031,-58.5407,37267
-30.9443,-59.7883,18410
-33.6792,-59.6663,47452
-26.6218,-54.1090,23736
-27.5077,-58.5562,15347
-28.1344,-58.7668,47626
-34.6811,-58.5638,105274
-30.5807,-59.9296,15606
-34.4697,-58.5211,45190
-34.6627,-58.6982,37745
-35.6388,-59.7794,35669
-28.2550,-58.6239,18349
-34.5833,-58.3833,38635
-27.4636,-58.9866,290793
-29.1500,-59.6500,90184
-34.7206,-58.2545,262379
-26.8089,-55.0215,17491
-25.5991,-54.5735,32038
-26.0227,-54.6136,15579
-26.4084,-54.6946,54189
-27.3918,-55.9238,305874
-34.7495,-58.7016,33515
-25.7327,-59.1099,19124
-34.4587,-58.9140,81120
-29.7125,-57.0877,43805
-27.4868,-55.1199,56528
-32.3937,-59.7895,43195
-38.5545,-58.7396,73557
-34.5562,-58.7074,26844
-34.6512,-58.6221,99066
-30.2518,-57.6354,24671
-26.5685,-54.7579,22229
-34.6654,-58.7274,268961
-34.6507,-59.4314,63284
-29.1842,-58.0752,30649
-34.6424,-58.5921,37745
-38.0004,-57.5562,593337
-34.5664,-59.1148,97363
-34.5032,-58.7060,53354
-34.7574,-58.4028,111897
-34.9213,-57.9544,195443
-30.7418,-59.6452,24716
-27.0435,-55.2270,24905
-27.5850,-56.6871,168419
-34.5904,-58.6290,60000
-33.0078,-58.5184,78676
-33.1409,-59.3126,33120
-29.1399,-59.2634,70245
-28.0500,-56.0333,28756
-34.4526,-58.6431,43287
-26.5364,-59.3414,31758
-27.4831,-55.8292,28814
-26.1849,-58.1731,222226
-27.4204,-59.0373,26745
-30.9562,-58.7797,16333
-34.8544,-58.5247,115021
-30.0148,-59.5289,26399
-27.2966,-54.1981,19571
-34.6177,-58.6015,59031
-34.4946,-58.6273,71356
-36.3154,-57.6755,25190
-29.7915,-58.0499,36390
-27.4678,-58.8344,346334
-31.3920,-58.0171,145210
-32.4846,-58.2322,67895
-32.2231,-58.1443,58219
-34.5737,-58.4492,57000
-35.5768,-58.0121,47524
-30.7548,-57.9820,30655
-34.6514,-58.6407,107786
-34.1633,-58.9592,86860
-34.6131,-58.3772,2891082
-34.6333,-58.4167,48231
-34.7653,-58.2128,180523
-34.5651,-58.6903,79737
-34.5627,-58.4583,138942
-27.4813,-58.9393,50823
-34.6497,-58.3834,77474
-37.8464,-58.2555,38823
-36.7780,-59.8585,53941
-37.1528,-58.4884,17364
-29.1176,-59.6583,23341
-27.0957,-54.8934,20683
-27.9142,-55.7535,26710
-38.9006,-70.0667,31534
-26.8130,-65.2954,50783
-39.0963,-67.0837,31209
-31.4933,-68.5384,19092
-32.4329,-63.2481,16841
-32.4075,-63.2402,92453
-31.9450,-65.1903,28009
-33.2279,-60.3299,44271
-31.4183,-64.4901,69451
-27.5768,-60.7111,43511
-31.2937,-64.2977,21683
-40.8152,-63.0004,48940
-32.6184,-60.1548,25139
-29.4599,-60.2131,19797
-33.7458,-61.9671,72340
-35.4325,-60.1716,24668
-54.8108,-68.3159,56825
-31.2372,-64.3118,15369
-26.3407,-60.4321,24747
-38.3769,-60.2756,47136
-43.2490,-65.3050,97915
-27.4936,-64.8597,27838
-22.5168,-63.8056,60819
-26.7333,-65.2615,48459
-30.9448,-61.5597,18757
-31.6627,-60.7653,59072
-27.8005,-64.2629,252192
-36.6162,-64.2899,102860
-31.5405,-68.4979,43565
-31.6488,-60.7087,391164
-24.1928,-65.2934,257970
-23.1370,-64.3243,74059
-34.6153,-68.3324,118009
-24.2313,-64.8661,58430
-33.3342,-60.2108,134217
-26.8160,-65.2105,548866
-40.1579,-71.3534,23519
-33.0834,-68.4731,82549
-33.2914,-66.3247,169947
-30.7899,-60.5928,21809
-31.5373,-68.5257,109123
-30.2416,-68.7466,21018
-31.8971,-61.8599,16873
-31.4250,-62.0840,59062
-28.4696,-65.7852,159139
-40.7319,-64.9477,16966
-34.2918,-60.2545,40157
-24.8065,-65.4200,520683
-34.2624,-62.7113,18361
-32.9468,-60.6393,948312
-32.1767,-64.1129,53389
-31.6501,-63.9117,18155
-53.7877,-67.7097,52681
-51.6253,-69.2523,95796
-33.1304,-64.3527,157010
-38.9908,-64.0957,16132
-31.1697,-64.3175,16632
-43.3003,-65.1056,26335
-31.2528,-61.4908,88713
-26.8708,-60.2154,32083
-38.8805,-62.0750,57209
-42.7685,-65.0383,64555
-22.0490,-63.6908,25000
-26.7909,-60.4413,81879
-31.6833,-68.5833,40969
-38.9667,-68.2333,25186
-33.8910,-60.5746,91399
-32.9984,-60.7679,24436
-35.8108,-61.8990,44783
-31.7327,-60.5290,247139
-24.2580,-65.2136,48199
-36.8938,-60.3232,89721
-35.4439,-60.8846,34718
-38.9508,-68.0592,231198
-30.7107,-62.0071,15129
-27.1683,-65.4989,23771
-32.8895,-68.8458,114893
-32.6978,-62.1067,24226
-26.9262,-60.0485,28070
-34.8682,-61.5293,41808
-23.8131,-64.7935,49267
-27.0882,-61.0822,26955
-29.4133,-66.8564,178872
-31.0932,-64.4845,15112
-31.3458,-64.3385,24796
-34.1269,-63.3908,19908
-34.5939,-60.9464,87509
-25.1136,-64.1263,19185
-30.9815,-64.0942,26825
-32.8568,-60.7175,32427
-33.0302,-60.6405,74650
-35.0326,-63.0148,16270
-39.0333,-67.5833,73212
-27.3253,-61.2810,15741
-35.6593,-63.7579,57029
-22.5962,-63.8110,19811
-32.0296,-61.2210,18374
-33.4594,-61.4832,18294
-27.0545,-65.4019,30951
-42.9115,-71.3195,28486
-31.4496,-60.9315,35885
-23.2100,-64.0996,23961
-32.2068,-64.4006,15900
-41.9605,-71.5334,15537
-32.0671,-60.6427,19545
-30.4250,-64.3527,20164
-38.9342,-69.2305,47380
-30.7264,-64.8039,28166
-32.0308,-60.3062,18296
-31.2452,-64.4657,19070
-37.4586,-61.9329,27000
-31.9736,-60.9194,16975
-31.4065,-64.1885,2106734
-45.8626,-67.4940,140850
-38.9339,-67.9903,75078
-38.8222,-68.0629,19819
-34.8969,-60.0191,54514
-31.4931,-68.5326,73829
-29.1616,-67.4993,42248
-27.2179,-61.1874,27813
-34.6420,-60.4712,34587
-38.8295,-68.1318,28956
-31.6515,-68.2822,33609
-37.8755,-67.7945,15169
-25.9466,-60.6201,36588
-33.0446,-61.1642,32002
-40.8025,-62.9835,20533
-32.8570,-61.1511,15619
-32.8226,-60.7185,27060
-32.8203,-61.3951,36000
-46.4479,-67.5227,36077
-32.6302,-62.6888,35105
-27.0342,-65.3020,15126
-38.7176,-62.2655,299101
-33.1536,-60.5117,20620
-31.4192,-63.0508,19577
-34.0631,-60.1026,26400
-28.4602,-62.8335,20261
-31.6498,-64.4297,40384
-38.9774,-67.8271,26083
-26.8179,-65.1420,38466
-31.4372,-68.5256,20413
-28.5600,-66.8074,16625
-27.4315,-65.6146,32494
-34.6103,-58.3977,152198
-34.6108,-58.4810,34000
-33.6757,-65.4578,96781
-34.5433,-58.7123,168762
-41.1456,-71.3082,95394
-34.8004,-58.3838,28265
-34.4778,-58.7065,38470
-34.6336,-58.5705,17481
-34.5154,-58.7681,230208
-14.2781,-170.7025,11500
48.2500,16.3333,75418
46.8406,14.8442,25035
47.2583,11.3881,18142
47.8049,16.2320,44820
48.2085,16.3721,1691468
47.0529,15.3992,15687
48.1667,14.0333,16857
46.6103,13.8558,58882
48.2209,14.2383,25345
47.3071,11.0682,15229
47.0333,15.4000,16268
48.3833,16.2167,16292
48.0427,14.4213,38331
48.1833,16.4333,101420
48.2076,15.6372,21911
47.0500,15.4667,15187
46.6298,14.3402,20320
46.6167,14.2833,20000
47.7994,13.0440,157245
47.4268,12.8480,16790
47.2654,11.4152,32588
48.1193,16.2661,15047
48.2167,16.3000,104627
48.0861,16.2892,20555
48.1667,16.3333,97624
47.4264,9.6585,22821
48.3064,14.2861,204846
48.3052,16.3252,15614
46.6247,14.3053,100316
47.2627,11.3945,132493
48.2091,16.3713,16450
48.2000,16.2667,98176
47.2681,11.3687,35043
47.3612,9.6869,16317
48.1862,16.2965,54265
48.2254,16.3087,57546
47.0673,15.4420,303270
48.1960,16.3183,76396
48.2500,16.4000,162779
47.2331,9.6000,33420
48.2129,16.5244,21200
47.0700,15.3987,20511
47.4143,9.7419,49278
47.5031,9.7471,29806
47.1548,9.8225,15102
48.0054,16.2326,26286
48.2181,16.4831,50687
48.1229,14.8721,15559
48.1612,16.3823,201882
48.2333,16.4600,187007
47.0544,15.4498,32912
47.0826,15.4159,31147
47.0839,15.4440,24767
47.0692,15.4578,15853
47.1139,15.4235,19020
47.0624,15.4242,29363
48.2261,16.3448,51402
48.2019,16.3879,98389
48.1855,16.3537,54412
48.1957,16.3522,31381
48.2017,16.3471,31521
48.2124,16.3455,24499
48.2232,16.3551,41645
48.2428,16.3755,86967
-31.8958,115.7643,17605
-32.2768,115.7298,15312
-20.3121,118.6106,15298
-31.9522,115.8614,2309338
-20.7252,139.4973,18317
-35.0667,138.8667,21554
-35.1333,138.5167,24002
-32.5269,115.7217,90306
-32.2301,115.7813,30433
-30.7461,121.4742,29072
-32.0810,116.0054,21149
-28.7790,114.6146,38595
-34.6025,138.7490,20006
-12.4611,130.8418,139902
-32.2210,116.0090,18878
-33.6525,115.3455,21898
-33.3271,115.6414,76452
-33.2792,115.7150,15988
-23.6975,133.8836,25186
-35.0269,117.8837,35053
-34.9287,138.5986,1469163
-37.8167,144.9000,15636
-37.5833,145.0333,24407
-36.1218,146.8881,38949
-37.9000,145.1833,20652
-33.8038,150.9877,17835
-37.9000,144.6667,50027
-28.2190,152.0344,15380
-38.3818,142.4880,32894
-38.1591,145.9312,19856
-37.8833,145.2167,20754
-36.3585,146.3206,29808
-37.4162,144.9786,15004
-33.7182,151.1156,17652
-27.8768,153.2857,24956
-35.4165,149.0695,89461
-37.8167,144.7500,36305
-38.1953,146.5415,26907
-19.2664,146.8057,201313
-38.3308,144.3264,18534
-27.5606,151.9539,142163
-37.7582,145.0058,19005
-37.6833,145.0167,20234
-37.7540,145.1486,16966
-37.8363,144.6595,56370
-31.9110,152.4539,16359
-31.0905,150.9290,43874
-33.8678,151.2073,5557233
-33.8837,151.2128,15828
-28.0027,153.4300,31073
-37.5774,144.7261,38851
-33.8810,151.0799,25769
-37.9485,145.1527,22174
-37.8383,144.9915,25237
-27.9672,153.3980,32965
-36.3805,145.3987,32067
-33.7833,150.9333,19196
-38.1000,145.1333,17215
-37.8676,144.9810,19490
-33.7298,151.1598,18384
-37.7333,144.8000,35091
-33.8188,151.1062,26385
-37.9333,145.2333,33571
-23.3803,150.5060,81021
-33.9500,151.1333,15436
-37.8167,145.2333,19144
-37.8182,145.0018,28587
-37.7167,145.0000,51096
-33.7333,150.8833,26904
-37.7500,145.0167,33790
-37.8396,144.9423,17633
-31.4308,152.9089,51965
-37.9148,144.7509,66781
-37.7333,144.9333,18171
-28.1169,153.4658,15205
-38.0702,145.4741,54118
-33.2840,149.1002,41920
-38.0592,145.4095,18503
-37.7980,144.9451,15395
-37.7667,145.0000,25276
-37.9667,145.1667,30921
-32.9295,151.7801,508437
-27.9894,153.3363,16739
-38.0333,145.3000,27689
-27.2034,152.9592,20910
-32.2612,150.8901,16000
-37.9284,145.1771,19889
-37.8771,145.1294,35340
-38.2667,145.0167,19846
-37.8318,140.7792,25591
-38.1833,145.0833,18734
-33.7667,150.8167,16682
-33.8390,151.2396,27844
-38.2179,145.0388,25759
-27.1088,152.9491,21221
-37.6500,145.1000,24989
-37.7825,145.3168,23059
-37.7667,144.9167,16224
-37.8167,145.2000,16795
-34.0386,151.1001,15111
-37.6667,145.0667,28712
-34.1855,142.1625,34565
-33.8333,150.9833,29508
-37.6007,145.0956,23369
-37.8140,144.9633,5350705
-33.9260,151.1935,15985
-25.5407,152.7049,27489
-33.9074,151.1555,26140
-33.9500,151.2333,30224
-33.7980,151.2883,16170
-32.7331,151.5574,89597
-21.1534,149.1655,121691
-33.9194,150.9259,27545
-37.7500,145.3500,17348
-33.8644,151.0397,19791
-41.4388,147.1347,90953
-38.0239,144.4062,15919
-38.1667,145.1667,22146
-37.6667,145.0167,23219
-33.9197,151.0759,16921
-33.9681,151.1356,16416
-37.9912,145.1738,30018
-37.8064,145.0309,24499
-33.9202,151.2224,15021
-36.7113,142.1998,16985
-33.7024,151.0993,22462
-42.8794,147.3294,252639
-37.8329,145.0367,21177
-37.8199,145.0358,22322
-38.0333,145.2500,26082
-26.1898,152.6650,22424
-34.2885,146.0509,20569
-37.6333,144.8667,21274
-37.7046,145.1030,21070
-33.8406,151.0075,16716
-29.6810,152.9339,19255
-34.7516,149.7209,24565
-28.0003,153.4309,640778
-37.8781,145.1648,42642
-37.7000,144.9333,23792
-37.8667,145.0667,26131
-37.8333,145.0500,21177
-23.8485,151.2577,45185
-38.1471,144.3607,282809
-38.1333,145.1333,34457
-38.1446,145.1229,37331
-37.8000,144.9000,17131
-33.8667,150.9500,17932
-37.7498,144.9109,21240
-37.6500,145.0333,33489
-33.7727,151.0818,23435
-34.0656,151.0127,17141
-37.7333,145.1500,18847
-27.5833,153.1000,15364
-36.1406,144.7518,15056
-33.7918,151.0806,17792
-33.9209,151.1251,17592
-32.2430,148.6048,43516
-37.6000,145.1500,27122
-37.7876,145.1489,30926
-37.7883,145.1237,25020
-41.1769,146.3515,26150
-37.7672,144.7666,18145
-27.1935,153.0263,19539
-37.9833,145.2000,30127
-37.8000,145.2833,26502
-34.0625,151.1496,17703
-38.1134,145.2833,21281
-37.6000,144.9500,65178
-38.0833,144.3833,15215
-27.4932,153.0583,15965
-33.9205,151.2552,15333
-30.2963,153.1135,78759
-37.7500,144.9667,26574
-37.9167,145.1167,18988
-34.4240,150.8935,280153
-33.8000,151.1833,25140
-32.8321,151.3562,23211
-37.8739,145.0248,16903
-33.7333,151.0000,39284
-38.0997,145.1725,21976
-37.8936,145.0553,17909
-37.8000,144.9667,16055
-33.7827,151.0489,24131
-27.5433,153.2029,18002
-35.2835,149.1281,367752
-37.8421,145.0694,21965
-26.8035,153.1219,96305
-16.9237,145.7661,153075
-27.0846,152.9511,26341
-33.8833,151.1000,18224
-41.0558,145.9038,19972
-24.8662,152.3479,73747
-26.6844,153.0571,28774
-37.7667,144.9667,24896
-31.9652,141.4512,17456
-27.4679,153.0281,2780063
-37.9056,145.0028,23252
-37.8667,145.2833,23607
-33.7667,150.9167,46942
-33.9500,151.1167,19664
-38.0333,145.3500,50298
-37.9193,145.0530,30159
-37.9181,145.0354,17921
-36.7582,144.2802,103034
-33.7588,150.9929,36792
-33.4166,149.5806,36230
-35.7066,150.1754,17519
-28.2130,153.5363,15868
-33.9167,151.0333,34933
-37.5662,143.8496,111973
-37.8229,147.6104,17666
-37.6727,144.4383,24717
-33.8500,151.0333,37245
-33.8883,151.1227,23749
-37.7799,144.9228,15197
-30.5012,151.6655,21312
-27.3536,152.9685,15532
-26.6601,153.0995,18342
-37.9694,145.0481,23992
-33.9144,151.2490,28943
-33.7511,151.2889,21145
-33.5231,151.3133,16413
-12.4860,130.9833,33695
-25.2876,152.7694,52230
-33.8648,151.2077,25654
-33.9240,151.2275,15338
-27.6676,152.9249,15081
-27.3171,153.0310,16701
-27.2520,152.9923,20222
-27.2243,153.0207,21260
-27.4419,152.9386,16371
-37.7412,144.7363,24488
-37.8826,144.7003,37216
-27.6392,153.1094,345098
-27.5058,153.1024,15418
-33.8178,151.0035,26876
-37.8846,145.2954,27398
-34.9112,138.7073,72260
-32.0580,115.9181,34504
-33.7907,150.6693,22863
-37.8228,144.9643,22631
-37.8149,144.9505,15495
-27.9183,153.3328,16839
-37.8821,144.9821,15153
-37.8498,145.1190,15147
-37.7909,145.0939,21302
-37.8740,145.0425,22296
-37.9023,145.0173,16757
-27.6461,152.8596,19094
-27.9440,153.3981,18326
-37.7450,144.8005,37629
-33.4298,151.3714,346596
-37.9770,145.2587,24455
-33.7103,150.9510,27676
-37.6986,144.7863,15174
-33.7220,151.0461,18588
-37.6258,144.9255,24129
-33.9419,150.8717,15312
-37.8914,144.6237,20518
-31.8406,115.8955,18459
-32.0525,115.8878,19262
-33.7333,150.9328,16040
-33.8974,150.9345,21634
-33.9125,151.1028,24487
-33.9522,150.8995,15695
-33.7061,150.7094,15649
-33.9003,151.0556,24361
-33.8235,150.9461,23511
-31.7674,115.9694,24668
-27.5322,153.2289,16043
-27.6233,153.0479,16927
-33.9049,151.0200,17908
-38.1706,144.3114,18388
-27.9399,153.3144,16605
-28.0707,153.3933,23140
-34.7570,138.6082,16530
-32.3289,115.8305,37697
-31.8882,115.8719,24169
-31.8329,115.7759,15982
-31.8878,115.9099,22539
-32.0600,115.9550,23665
-31.8075,115.8660,15401
-33.9289,151.0511,20174
-34.7825,138.6108,16872
-37.6905,144.7417,17331
-33.7973,150.7847,19856
-19.3032,146.7253,21034
-37.6983,145.0597,28068
-27.6256,152.9688,22581
-27.6103,153.0539,17842
-27.5952,153.1233,15073
-37.7326,144.8650,15078
-38.1153,145.2981,24679
-38.0776,145.2987,24683
-38.0965,145.2671,19969
-38.0437,145.2923,30909
-37.9665,145.2081,22550
-38.1660,145.1364,18801
-37.7912,144.8164,18552
-37.8841,144.7837,18479
-37.7099,144.7548,15419
-33.9677,151.1015,29744
-33.7457,151.0476,16162
-37.8338,144.9383,112669
-26.6568,153.0796,346522
-37.8150,144.9666,60057
-34.9287,138.6033,19820
-34.4279,150.8927,19108
12.5391,-70.0200,21500
12.4362,-69.9071,15200
12.5240,-70.0270,29998
12.5660,-70.0320,24193
60.0973,19.9348,10682
39.8807,48.3916,17242
39.7601,46.7499,18662
39.5962,48.9848,36555
39.9321,48.3689,87000
39.3768,49.2470,18661
39.2089,45.4122,97200
38.7739,48.4150,87000
38.7543,48.8506,240300
39.8710,48.0600,34178
39.6009,47.1453,26765
39.2096,48.4919,36259
39.4583,48.5450,18182
39.7756,47.6186,15599
38.4560,48.8750,15190
39.9378,48.9290,70220
39.9910,46.9274,39451
41.6316,46.6448,32171
40.4775,49.9417,21396
40.6183,47.1501,127400
40.5858,46.3189,17816
41.4643,48.8056,37175
40.5190,47.6542,15741
40.9925,45.6284,177200
40.3420,46.9316,18185
40.5897,49.6686,358675
40.3967,49.9736,87349
40.8297,46.0178,35421
40.6314,48.6414,29403
41.1919,47.1706,68400
40.4425,49.9481,20996
40.0087,48.4770,30612
41.4275,48.4302,16022
41.3611,48.5134,22405
40.0387,48.9429,23102
41.0925,45.3656,18903
40.6233,49.5586,19019
40.7642,47.0623,106048
40.5298,50.0062,40092
40.4918,50.1429,15267
40.3256,49.7338,30694
40.3426,48.1565,19088
40.4481,49.7550,37949
40.7848,48.1514,28776
40.4303,50.0360,16127
40.6506,47.7422,42500
40.3744,50.0853,36293
40.6816,46.3613,335600
41.2012,48.9871,23248
40.5190,50.1144,24795
40.4508,50.0869,24596
40.3758,47.1262,37372
40.4444,49.8057,42194
40.3777,49.8920,1116513
40.4264,49.9836,28203
40.5703,48.4009,17209
40.6470,47.4738,23528
40.0502,47.4594,43000
40.4189,49.9669,66686
44.2017,17.9040,164423
43.9889,18.1781,17890
45.1850,15.8058,19330
44.5384,18.6671,142486
42.7120,18.3436,33178
44.2264,17.6658,31127
43.8486,18.3564,696731
44.9799,16.7140,36347
43.3433,17.8081,104518
44.5425,18.5262,44520
43.8315,18.3070,71277
44.8785,18.4276,15659
44.7031,18.3101,15758
43.6679,18.9756,17650
44.7318,18.0870,27235
44.9669,15.9431,21741
44.0572,17.4508,41378
44.8716,18.8163,38968
44.8825,16.1514,15193
44.7587,19.2144,37692
44.8169,15.8708,75641
44.7788,17.2063,221106
43.6513,17.9608,15950
13.1073,-59.6202,98511
26.0310,88.4699,71096
20.8583,92.2977,40557
23.8915,90.4023,337579
24.8990,91.8720,237000
23.5931,90.1425,45543
25.0689,91.4024,74570
24.9197,89.9481,167900
25.0015,89.3227,378701
24.6850,88.1564,35961
22.7082,89.0718,128918
24.4577,89.7080,127481
24.8835,90.7290,79016
23.9230,90.7177,281080
22.5141,91.4549,52152
24.1769,89.5988,102420
23.1006,90.8499,55241
24.3740,88.6011,763580
22.5797,89.9752,54418
26.3334,88.5578,48531
22.2954,91.9790,51360
25.6637,88.9309,48020
23.6135,90.5030,223622
22.6370,90.2720,38703
24.0578,89.8770,238422
25.9682,89.6915,49425
24.7564,90.4065,225126
24.7648,90.2570,24684
24.1029,90.0984,41137
24.4889,91.7708,57441
22.4557,89.8558,31647
22.8226,90.5286,39424
22.2862,89.9588,29760
25.9172,89.4459,65127
23.2402,91.1214,82290
23.4619,91.1850,1030000
25.7466,89.2517,1031388
23.9028,89.1194,135724
23.4096,89.1380,45631
23.1113,89.0906,41957
25.1015,89.0273,73068
24.1286,89.0657,81995
24.3804,91.4130,88760
22.9737,90.2238,40519
24.4320,90.5585,34177
23.0144,91.3966,84028
23.0391,90.7681,64652
22.3101,89.7911,36470
23.7333,90.4000,143677
23.7104,90.4074,10356500
25.5561,89.6710,49736
23.0248,91.5109,39335
22.3377,90.7371,42220
23.1079,91.9701,50364
25.0385,91.6696,39218
23.0147,89.4394,42653
24.0245,88.9923,38159
24.0524,90.9764,105457
22.1953,92.2195,495272
23.0430,89.6309,40492
24.5186,91.3579,37807
24.2162,90.9500,34560
22.6566,89.7912,266388
25.6742,89.0538,32600
23.1551,89.4951,55112
22.8998,89.9033,114482
23.6500,90.6167,130000
24.0530,91.1719,29757
24.7513,89.8313,81325
24.3199,90.1694,40869
22.5351,91.9192,25708
22.7167,89.5119,37985
23.2182,90.3508,67652
24.8042,88.9488,192464
24.1561,90.7728,273000
23.8879,90.9679,31671
24.8984,88.5284,527571
23.7121,90.4598,34310
22.8667,91.1000,132185
22.9443,90.8300,61703
22.9073,89.2195,30926
23.7882,90.3736,339734
23.9984,90.4223,2674697
23.2519,90.8551,44343
23.2235,90.0604,51346
23.6061,89.8406,112187
23.7110,90.3741,37894
22.1639,92.0733,40147
25.6274,88.6378,206234
22.2265,90.7127,48305
22.3384,91.8317,3920222
23.3092,90.2270,34423
22.6420,90.4260,18122
23.2271,90.6543,203000
22.1399,90.2064,29542
23.8000,90.4500,324300
24.0782,89.6326,39604
22.4952,90.7239,45670
22.2173,90.2096,19782
24.0402,91.0117,210356
22.0764,92.0495,52005
21.4397,92.0096,253788
22.8098,89.5644,1500689
22.6876,90.6440,99079
22.7050,90.3701,202242
22.6432,92.1919,106069
23.1697,89.2137,243987
23.9746,91.1123,264326
24.0064,89.2372,186781
24.2498,89.9166,180144
24.8510,89.3711,210000
25.8559,88.3594,34606
24.5903,88.2744,142361
23.1710,90.2094,84789
25.0188,90.0175,107419
24.4394,90.7829,90690
23.8577,90.0096,71698
23.8486,90.2500,286008
22.5052,91.8134,498179
22.8396,91.8413,24813
22.4890,90.0627,30219
22.6835,91.7906,89030
25.7777,88.8917,199422
22.1400,89.9414,24563
22.0513,90.0320,19705
24.3654,88.8343,159406
24.4111,88.9867,369138
24.3065,91.7296,23332
22.3683,90.3458,65000
23.7400,90.3850,54210
23.8250,90.3700,597574
23.7298,90.3854,96641
25.6647,89.5026,45911
22.6906,92.2347,203697
23.3919,89.9839,43202
23.7362,90.4143,184492
23.8093,90.3609,546503
23.7277,90.4192,202308
51.2198,4.3266,18249
50.8127,3.3385,23358
50.8695,3.8105,24434
50.9906,5.3682,19922
51.0245,5.3098,17289
50.9832,4.4608,21096
51.0657,4.0403,20236
51.1424,3.1368,21968
50.8837,4.4730,28188
51.0870,3.7091,23546
50.8439,4.4291,56584
51.1673,4.3951,41403
51.0604,4.3602,22808
50.8000,3.1667,30954
51.0053,3.8834,22930
51.0905,4.9154,22579
50.7807,3.0385,17340
50.7172,4.6014,34305
50.8015,4.4144,25157
50.7147,4.3991,29778
50.8890,3.4276,35896
50.2540,4.4380,17501
50.7376,5.6991,17054
50.9281,4.4294,36955
50.5891,5.8624,52824
50.8023,4.3394,82929
51.3225,4.9447,44000
50.6906,4.2009,18000
50.6071,3.3893,69554
51.0656,3.1008,18933
50.7805,5.4648,29816
50.8075,4.9378,31743
50.9993,3.3271,19299
51.0651,5.0886,16574
50.8237,4.5142,20623
51.1279,4.2137,26054
51.2099,4.0365,16989
51.3319,4.3713,17294
50.6138,5.7468,15237
50.5790,4.0713,24869
50.8168,5.1865,37859
50.7793,4.2435,30446
51.1651,4.1437,69010
51.2140,3.2495,16000
51.0669,4.5347,19487
51.2191,4.1237,17658
50.7465,4.3575,17990
51.1970,3.1789,19336
51.0595,3.7494,32115
50.5836,5.5011,60737
51.2525,4.5027,33622
51.2411,4.5834,20373
50.8693,4.3774,132761
50.6284,5.5324,22586
50.8538,4.3728,27366
50.8276,4.3439,50221
50.4482,3.8189,22500
50.9530,4.7166,15007
50.7457,3.6005,24204
50.9465,3.1227,56016
50.7123,4.5253,21616
50.8100,5.6013,15809
51.1898,4.5653,17405
50.4407,3.8653,18491
51.0741,4.2884,15944
51.0534,4.6326,15276
50.8539,2.7266,19537
50.5052,4.3689,15909
50.5082,3.5937,16647
51.1303,5.4595,15551
50.7744,4.5346,23486
50.7118,5.6468,23594
50.8517,3.6089,31866
51.1543,3.2313,21489
51.2155,2.9270,69011
50.5983,4.3285,24149
50.8278,4.0266,34795
51.1610,4.6701,20792
51.2281,5.4427,16122
50.4669,4.8675,110939
50.7450,3.2064,52069
51.1670,4.4513,24525
50.4550,4.2452,18233
50.4108,4.4911,18765
50.4541,3.9523,95299
50.8499,4.3125,97037
51.1919,5.1166,32659
51.1853,2.8208,17789
51.2462,4.4490,44435
50.9945,3.7462,16684
50.7972,3.1225,31916
50.9393,4.3266,18497
50.9659,5.6914,15374
51.0257,4.4776,77530
51.0748,3.6829,17062
50.3922,4.4439,23696
50.4057,4.3953,15154
50.2268,5.3442,16856
50.5031,4.2359,22196
51.2074,3.4451,22092
50.9654,5.6945,36251
51.0980,5.7838,25201
50.6683,4.6144,29521
51.2307,5.3135,31993
51.1036,3.9934,41438
51.0964,3.8319,19696
51.2420,4.8231,15466
51.1313,4.5704,33272
50.6337,5.5675,195278
50.8796,4.7009,101032
50.7110,3.8358,17687
50.9663,3.9859,16813
51.0046,4.1346,17372
50.8932,5.6468,24771
50.4866,4.1879,76668
50.8280,3.2649,73879
50.8898,4.5435,17774
51.1321,4.4471,20290
51.1164,2.6377,21957
51.0591,5.2712,18076
50.8612,4.3314,21984
51.3500,3.2667,33781
50.8855,4.7372,30215
51.2412,4.9665,17765
51.3138,4.4354,26410
51.3844,4.4756,17485
50.4422,4.4375,24510
50.8731,4.3342,52490
50.4564,4.8717,19658
50.9140,3.2138,26382
50.8333,4.3667,86671
50.8511,2.8857,35089
50.5189,5.2328,19973
51.0343,5.3743,30050
51.4003,4.7603,18524
51.1761,4.3484,34443
50.8643,4.6960,23278
50.5746,5.8662,15420
51.0366,5.2801,31017
50.8868,3.8901,16523
50.6408,5.7935,16544
50.6641,5.6235,36503
51.1765,4.8325,25912
50.9086,4.6706,19218
51.0559,5.3824,30050
51.0754,4.7283,37873
50.9311,5.3378,77651
50.8534,3.3093,25978
51.0982,4.1371,22891
50.7338,4.2345,34479
50.9063,4.0009,17129
50.6215,5.6110,21057
50.9341,4.3721,37000
50.4245,4.4789,20043
50.7734,3.8822,30807
51.0369,3.7651,15885
51.0500,3.7167,265086
50.9650,5.5008,63666
50.5615,4.6989,21676
51.1656,4.9892,34697
50.8706,4.3153,24859
50.4058,3.8960,20598
50.8168,4.3277,56254
50.4835,4.5501,22080
50.6152,5.6806,15994
50.5999,5.4447,25144
51.1131,3.7098,31615
50.8744,4.3990,41667
50.6279,6.0365,18029
50.8327,4.3883,48344
51.2809,4.4181,23300
51.1870,3.5565,19116
51.1566,4.4450,21839
51.0955,4.5090,16011
50.3958,3.7779,16861
50.8480,4.2597,39482
51.0325,2.8638,15515
50.9892,5.0506,22516
50.9077,5.4188,17699
51.2213,4.4660,78747
51.0595,3.7990,16853
51.0287,4.1011,45673
50.8851,4.0760,16969
50.9817,3.5310,29815
50.4638,4.3747,29473
50.4141,3.8557,19964
50.5828,5.6341,20960
50.4150,4.5202,17166
50.4034,4.5283,35238
50.4114,4.4445,200132
50.8505,4.3488,1019022
51.2089,3.2242,118509
51.2912,4.4918,37040
50.6098,4.1466,20133
50.6836,4.3678,37512
50.4342,3.7944,20058
51.0972,4.2436,19997
51.2096,4.4354,46087
51.0924,4.3717,15810
50.8859,4.7241,30215
51.3131,3.1323,18000
50.4115,4.1647,32030
50.8732,5.5184,29622
51.2119,4.2563,45179
50.8496,3.5873,15311
51.0495,5.2261,40930
50.8657,4.2956,25162
51.1902,4.4326,43511
50.7659,4.3002,23228
51.3193,4.8530,16208
51.1684,5.1703,19978
50.8167,4.4333,33984
50.6294,3.7780,26681
51.1937,3.2623,19772
50.9101,4.1984,28985
49.6833,5.8167,26179
51.2205,4.4003,529247
50.6623,5.5203,27297
50.8362,4.3145,160553
50.4894,5.0951,24055
50.9871,4.8369,27656
51.0902,3.4469,18802
50.9360,4.0355,77534
12.2492,-0.6153,35398
12.5824,-1.2975,33296
12.2466,-1.5840,19648
11.1825,-0.6322,21726
12.9333,-0.8500,26340
12.9591,-2.2607,38679
13.0724,-3.0694,26347
12.7584,-2.8988,15851
11.4438,-2.2255,16026
13.7667,-2.0667,48241
11.9209,-2.5154,16450
11.7844,-0.3718,61936
12.1742,-4.0848,24783
11.5544,-1.7736,26345
12.2751,-1.5769,47728
12.0667,-2.2333,15060
12.3714,-1.4147,136011
12.3196,-2.4709,33894
12.2516,-0.4256,96469
11.1697,-1.1450,28079
13.1642,-0.8225,23420
12.6667,-3.9500,15170
13.5769,-2.4179,124587
12.3657,-1.5339,2415266
10.9811,-4.9188,33422
12.3950,-1.4386,65263
12.7294,-3.8630,32428
10.2833,-4.9167,33292
11.6992,0.5061,16640
12.2844,-0.8372,25699
11.6650,-1.0698,28615
11.1003,-2.1065,51743
12.1786,-0.3510,49372
13.4345,-1.6136,17286
12.2519,-2.3669,160239
12.8251,-1.0674,18875
13.3258,-1.5347,53627
12.0688,-1.3364,28617
12.1939,-1.8769,25958
12.4386,-2.0328,16424
13.0883,-1.0837,121970
11.2219,-4.6442,15474
11.5000,-3.5167,87151
13.2078,-2.3589,40141
12.6482,0.4931,15170
11.8000,-0.5506,40404
10.3314,-3.1820,45284
11.6497,-2.1778,26453
11.5294,-2.7680,20434
12.0616,0.3584,73200
14.0333,-0.0333,46512
14.0986,-1.6266,61462
10.9621,-3.2497,25688
12.0729,1.7884,15515
12.4636,-3.4607,63617
11.1464,-3.0578,25922
11.4261,-0.7728,15336
12.6612,-1.8951,25022
13.6781,-1.5461,27213
12.6666,-0.5747,24200
11.7454,-2.9301,20193
12.9771,-0.1466,21443
11.1806,-4.2949,904920
11.2581,-0.3061,31210
11.7808,-0.7339,21894
9.8833,-2.9167,17997
12.5500,-0.9667,26539
10.6406,-4.7528,117452
12.0357,-4.3987,31215
14.2296,-0.8654,45818
13.2583,-0.2131,15066
11.7375,1.7772,16423
11.1186,0.0099,19815
11.0817,0.7237,15024
42.4824,26.5001,63656
43.2105,23.5631,49569
43.9916,22.8824,34797
42.0275,23.9916,20286
43.0812,25.6290,59166
43.2191,27.9102,318737
43.2512,26.5722,34793
42.8943,24.7159,21162
43.5649,27.8314,69434
43.6187,25.3503,30157
41.7684,26.1977,16959
42.4320,25.6426,121582
42.2648,23.1172,34764
42.6975,23.3241,1152556
41.5744,24.7120,30689
42.6861,26.3256,83740
44.1171,27.2606,29498
43.2706,26.9229,72342
43.0230,25.1036,24582
41.5667,23.2833,28510
42.3385,23.5581,26765
43.8487,25.9534,121168
43.5333,26.5185,28931
42.2882,24.9678,15782
42.1000,25.2167,17000
43.3500,26.2333,16571
42.1539,24.7500,329489
43.4179,24.6167,90209
41.3985,23.2070,30722
42.0337,24.2999,18676
42.5967,23.0332,82467
42.1993,24.3332,55220
42.4952,24.1902,19389
42.4833,26.0167,23625
43.4128,23.2217,47445
43.1323,24.7176,27910
43.8317,23.2379,18593
42.2831,22.6922,46856
41.6450,25.3658,44071
41.9342,25.5556,64564
41.9323,25.9017,18931
42.6167,25.4000,47918
42.6500,26.9833,19709
42.6333,24.8000,30340
41.5667,23.7333,20522
43.1278,25.7017,32792
42.8742,25.3182,48133
42.0500,25.6000,38015
42.2000,25.3333,15109
42.5065,27.4689,210646
42.9080,23.7927,20909
42.0146,23.0980,67810
43.2374,23.1251,15027
42.7032,27.2546,20986
43.1807,27.8882,27000
42.0167,24.8667,54778
26.1547,50.6206,72601
26.1736,50.5478,38090
26.2186,50.5478,66588
26.1153,50.5069,133550
26.0686,50.5039,65466
26.2572,50.6119,176583
26.2279,50.5857,147074
26.1300,50.5550,115495
-4.1024,29.6060,29685
-3.9736,29.4386,55599
-3.3333,29.2500,18104
-3.3819,29.3614,769317
-3.4271,29.9246,64904
-3.2548,30.1140,27867
-3.2890,30.6011,32458
-3.1014,30.1628,15964
-3.0804,29.3910,30996
-3.1703,29.4026,58913
-2.8869,29.1248,36959
-2.9075,29.8306,61716
-2.9221,29.6293,33682
-2.5845,30.0959,15511
6.6174,2.3578,18157
6.7833,2.3000,16903
6.8894,1.8372,21617
10.5028,1.3744,16330
10.1950,2.1300,16912
8.8865,2.5975,43862
10.6212,1.2665,27094
10.3496,2.3791,35267
6.3667,2.6167,23636
10.9282,3.6943,26440
6.5111,1.8283,26627
8.0342,2.4866,31444
7.9281,1.9756,38162
6.7362,2.6587,43541
6.4965,2.6036,264320
6.9801,2.6649,49232
9.7972,2.9840,15927
10.2275,2.0019,37217
9.3372,2.6303,255478
7.0841,2.4834,17043
6.3631,2.0851,47616
8.4864,2.4287,15658
9.9401,3.2107,66109
9.8636,2.7209,23264
10.3042,1.3796,53284
6.5587,2.5906,41657
10.6962,1.0631,24490
11.8682,3.3833,64639
6.6387,1.7167,47246
6.4000,2.0667,27197
7.3633,2.5998,39626
10.8258,2.1048,54276
11.1342,2.9386,56043
10.2927,3.3837,35513
6.3895,2.3458,253262
7.9725,2.2218,20036
6.4644,2.3929,20000
6.3921,2.5372,75313
6.7991,1.7807,41341
9.7085,1.6660,94773
7.3444,1.9345,23781
6.8991,1.7162,19498
7.7500,2.1833,29461
7.2210,2.3402,43554
6.3654,2.4183,679012
9.8411,1.5423,28605
6.4076,1.8820,42586
10.1771,1.1062,22386
7.1783,2.0667,93744
10.2283,2.6633,31176
9.0081,1.6654,46569
8.4122,1.8897,17682
11.2985,2.4386,37571
6.6476,2.7069,31984
6.5559,2.6512,20326
6.5808,1.6696,15195
6.9333,1.6833,26340
6.6655,2.1514,23287
6.5344,2.6683,24132
7.0023,2.6059,21968
6.4485,2.3557,385755
7.1829,1.9912,117824
9.6617,1.3847,17259
10.4922,0.9997,24878
6.9803,1.8422,23763
7.2287,2.2132,26688
17.8962,-62.8498,5988
4.8028,114.6492,19151
4.6064,114.3248,30097
4.5836,114.2312,31178
4.6775,114.4959,16813
5.0176,115.0580,18569
4.8833,114.8333,40972
4.9706,115.0208,39324
4.8903,114.9401,64409
-22.0164,-63.6775,82803
-17.5163,-63.1678,22036
-17.3914,-66.3168,58739
-22.0866,-65.5942,30253
-17.4000,-63.8333,18187
-21.2624,-63.4690,39800
-16.6500,-68.3000,86218
-21.4434,-65.7188,22233
-14.8322,-64.9034,84259
-17.3380,-66.2158,62675
-21.5355,-64.7296,159269
-19.0333,-65.2627,224838
-17.4542,-66.3574,47000
-18.0001,-63.3871,15543
-17.7863,-63.1812,1831434
-16.3777,-60.9647,23569
-17.3980,-66.0383,180726
-11.0103,-66.0526,99070
-17.3923,-66.2784,172405
-17.5423,-65.8347,15194
-19.5836,-65.7531,141251
-17.9715,-67.0932,208684
-17.3387,-63.2509,88616
-17.9410,-65.3402,30481
-18.4249,-66.5778,28069
-16.5000,-68.1500,2004652
-16.5333,-68.3833,18023
-18.2890,-66.8358,15492
-10.8258,-65.3581,36008
-17.8167,-63.0500,18347
-17.3857,-66.2381,52732
-17.3819,-66.1599,841276
-11.0267,-68.7692,26585
-15.8340,-67.5659,45747
-20.0406,-63.5240,27961
-22.7321,-64.3372,35411
-16.5739,-68.1511,19583
-15.8930,-63.1885,18816
-14.8520,-66.7495,24610
12.1500,-68.2667,10620
-4.2881,-45.2461,30845
-3.4622,-44.8706,30805
-8.1181,-35.2914,134084
-1.1967,-46.1400,58692
-7.2597,-34.9075,27605
-0.8583,-48.1417,50832
-3.5622,-41.0922,59712
-9.3714,-36.2408,24423
-7.6569,-35.3267,26359
-3.2203,-45.0036,51442
-7.9028,-35.9883,21959
-8.5747,-36.8742,17251
-5.3500,-40.3833,21841
-6.7889,-39.2958,38984
-4.1944,-40.4767,18105
-3.5431,-43.9158,43261
-6.4075,-41.7456,22279
-3.1287,-58.1550,25592
-7.2294,-44.5561,25203
-2.5364,-57.7600,19505
-3.6250,-39.5083,20189
-3.2078,-43.4036,32812
-9.1628,-36.0319,60874
-4.5858,-42.8642,46119
-3.6772,-39.3503,17470
-3.8544,-40.9211,32767
-9.8414,-39.4817,24665
-2.7619,-42.2744,53356
-1.6633,-45.3717,37491
-3.6000,-39.4333,15412
-8.7533,-37.3397,26937
-5.2581,-44.6489,36251
-3.7658,-49.6792,91306
-0.1549,-50.0615,15030
-7.7619,-40.2678,30321
-3.2778,-39.2689,58415
-9.9706,-37.0033,24124
-1.0761,-46.9031,28595
-5.1989,-35.4608,33035
-8.0067,-36.0567,41137
-2.4189,-48.1522,67585
-6.3294,-47.4164,23203
-5.0942,-42.8367,174465
-4.2553,-43.9406,26484
-7.5053,-35.3183,46147
-6.1867,-35.0919,16929
-3.7322,-40.9917,81506
-2.1042,-56.4869,18782
-5.0892,-42.8019,871126
-3.9889,-39.5806,17154
-6.0031,-40.2928,61227
-6.0000,-40.2833,29188
-7.9031,-36.0442,24736
-9.6450,-36.4972,19422
-4.8322,-40.3206,24815
-7.4103,-35.1128,36626
-8.7563,-35.0999,23561
-9.1053,-38.1492,23902
-5.2467,-38.1306,30652
-7.5908,-37.5394,27681
-7.8331,-35.7547,64120
-7.6717,-36.8800,17166
-6.7592,-38.2281,67259
-0.7167,-48.5233,24204
-5.7333,-39.0075,18179
-6.7546,-35.6645,17030
-3.6861,-40.3497,203023
-9.4718,-40.8015,25475
-8.5908,-35.1161,40852
-8.0736,-37.2644,32811
-7.9333,-39.2958,18207
-7.9919,-38.2983,86915
-5.5881,-39.3717,24266
-2.5908,-51.9542,22576
-9.5633,-35.8244,25000
-7.0964,-35.2328,51306
-7.5911,-35.4914,16677
-2.8942,-44.8803,19498
-1.7146,-49.5315,25643
-9.9336,-36.5542,32701
-9.0153,-42.6994,38934
-7.0219,-45.4811,18672
-5.8950,-35.7628,16786
-5.5036,-41.3233,17554
-9.7811,-36.0936,53391
-1.6267,-47.4833,52894
-6.2119,-38.4969,23537
-4.0417,-44.4750,38829
-9.3183,-35.5611,31792
-2.5297,-44.3028,917237
-8.0022,-35.0183,111249
-7.4789,-37.2744,31004
-7.8614,-38.7597,34843
-2.5557,-44.0599,244579
-7.1206,-38.5019,19067
-6.0747,-35.2378,47286
-9.5583,-37.3811,31557
-9.0097,-36.0583,21193
-8.8978,-35.1478,18825
-8.4325,-35.8044,20037
-6.4950,-43.7022,25020
-8.3581,-42.2467,21421
-0.7747,-47.1772,20689
-2.9553,-44.8069,18544
-8.8756,-36.3667,23837
-5.7933,-35.3294,115838
-3.6072,-38.9683,54143
-6.4006,-48.5550,24255
-6.6447,-51.9950,65418
-5.5758,-44.3853,34034
-1.6742,-47.7711,30599
-8.3258,-36.1428,37126
-0.7500,-48.0200,16666
-3.3614,-42.4178,26943
-8.5228,-36.4444,49449
-6.2833,-37.7500,32235
-2.6958,-44.8214,48036
-3.3336,-43.5283,18364
-4.0486,-40.8650,47640
-1.1519,-48.1294,27461
-6.3106,-35.4789,22177
-7.1139,-34.9781,149910
-2.4431,-54.7083,189047
-3.4959,-42.5620,23657
-4.3319,-40.1567,40183
-9.3783,-37.2453,47397
-7.1883,-39.7369,16954
-3.4606,-40.2122,30628
-3.1390,-44.3252,37035
-1.3503,-47.5756,24624
-8.8717,-49.7128,16548
-8.8078,-39.8256,40578
-7.6426,-47.2174,22909
-1.2986,-48.1606,73019
-3.6667,-45.3800,85014
-2.2311,-45.3000,41561
-7.9575,-36.2047,98254
-6.2294,-36.0228,37313
-8.3606,-36.5656,18624
-0.7533,-48.5167,24129
-7.2847,-40.4572,16633
-0.6210,-47.3542,44772
-8.0742,-39.1192,62372
-4.9403,-37.9758,72928
-2.9405,-44.2490,38475
-6.8031,-35.0806,24581
-9.4783,-35.8533,97435
-8.6688,-35.1628,20009
-8.5144,-35.3778,33507
-8.1339,-35.8564,20639
-7.3619,-46.6172,22145
-4.1417,-40.5822,18606
-6.9660,-35.7951,17885
-9.6217,-42.0814,40586
-6.2312,-42.6869,17133
-4.2258,-38.7306,27214
-8.0539,-34.8811,1653461
-5.0742,-37.9886,20874
-5.1992,-39.2928,82177
-6.2544,-39.2019,15910
-4.9714,-39.0153,84168
-8.8278,-36.0117,17928
-7.3583,-35.8983,47658
-7.7367,-37.9933,21114
-5.2900,-44.4900,45155
-1.8000,-53.4800,35577
-0.0382,-51.1748,107618
0.7133,-51.4133,17848
-6.3383,-47.3992,23903
-1.7483,-52.2383,40597
-9.9172,-37.2783,26576
-9.0450,-35.3983,24520
-1.9356,-50.8211,62503
-7.5347,-39.1183,17050
-1.3903,-48.8711,24984
-8.1414,-35.3958,27552
-6.7703,-37.8017,32473
-9.8050,-37.6844,33439
-7.0767,-36.0611,17469
-4.7518,-44.9438,17161
-7.4706,-34.8086,16751
-4.2733,-41.7769,65538
-3.7267,-44.2233,17714
-9.6236,-37.7567,23053
-3.9281,-41.7092,28846
-5.8036,-39.4178,16616
-3.8325,-45.1525,21886
-6.8354,-40.6130,17613
-2.5214,-45.0825,84621
-4.0269,-38.3050,23391
-3.6083,-45.3433,31429
-9.5972,-35.9567,36499
-6.5106,-36.3469,18333
-7.0769,-41.4669,83090
-7.1981,-37.9292,16441
-9.3986,-40.5008,386791
-8.3578,-36.6964,62722
-4.3833,-44.3333,20479
-6.0417,-38.4597,15274
-3.7928,-39.2703,37813
-3.2942,-45.1736,32511
-4.4247,-41.4586,37894
-4.5689,-44.5919,37050
-7.4019,-35.1164,29662
-5.4542,-39.7172,40187
-8.4969,-36.9408,22795
-4.4477,-45.2405,20341
-9.4061,-38.2147,112870
-8.1436,-41.1497,21055
-7.9408,-34.8731,342167
-2.7192,-42.5331,17056
-6.1092,-38.2044,30479
-7.8967,-35.1797,56665
-7.0244,-37.2800,92575
-6.6017,-44.0767,18802
-7.9950,-35.5806,28340
-6.1797,-43.7836,17220
-5.6817,-43.0933,31250
-8.0906,-39.5783,18612
-5.9156,-35.2628,267036
-2.9047,-41.7767,138008
-2.6283,-56.7358,101956
-6.6878,-36.6575,21499
-6.5557,-47.4415,33294
-6.2111,-40.6944,31445
-3.4394,-39.1483,32216
-6.4331,-43.9836,18274
-2.9956,-47.3549,105550
-3.4100,-39.0306,38980
-9.7483,-37.4367,24291
-8.6636,-36.0058,22991
-8.6833,-35.5917,54584
-3.9842,-38.6203,81524
-4.1725,-38.4606,70983
-7.8825,-40.0817,65245
-1.5519,-47.1144,17855
-6.2444,-38.9136,19675
-7.7450,-35.6022,21808
-1.7656,-55.8661,68294
-8.0089,-34.8553,366754
-9.5361,-37.2939,21132
3.8431,-51.8350,27482
-2.0031,-49.8544,33844
-7.0253,-42.1311,38161
-4.4908,-38.5967,24493
-1.9175,-55.5181,52306
-5.5344,-40.7742,27545
-4.7067,-40.5631,30699
-3.8917,-59.0954,28267
-7.0917,-39.6806,15399
-6.4781,-35.4339,34269
-6.0911,-35.2086,31942
-2.1861,-56.7131,21106
-7.7417,-35.2278,30648
-5.7950,-35.2094,896708
-9.3067,-35.9433,25933
-1.5283,-49.2167,45368
-2.8644,-44.0394,18554
-3.2294,-40.1250,22753
-8.1186,-35.0922,55292
-5.1067,-38.3725,61443
-7.8894,-37.1200,32277
-6.0678,-35.3322,23031
-2.0008,-54.0810,60012
-4.7894,-40.0633,17149
-3.4917,-45.2511,27751
-5.7431,-39.6275,37735
-1.8839,-48.7689,84094
-5.1875,-37.3442,264577
-2.5842,-49.5072,27198
-7.2497,-39.1431,36822
-3.5652,-44.5802,23864
-6.3708,-44.3631,21030
-9.5672,-48.3917,18787
-7.3133,-38.9456,25900
-4.1656,-42.8953,32150
-9.3833,-35.8417,15707
-3.5417,-40.4550,15157
-1.8044,-50.7122,27881
-0.1150,-51.2894,21924
-7.3892,-38.7744,45561
-3.3836,-57.7186,65714
-9.1517,-35.5333,24330
-5.5189,-43.1989,32174
-3.1006,-45.0336,22034
-9.1175,-37.7322,22147
-3.5228,-40.3428,37697
-7.0600,-35.3194,21512
-9.7103,-35.8950,62341
-3.1239,-40.1467,25799
-0.7175,-47.6997,26573
-3.8908,-38.6856,105093
-9.0122,-35.2225,33232
-3.8767,-38.6256,234509
-0.7707,-47.4518,25971
-2.0428,-45.9592,21149
-5.3815,-49.1323,145860
-8.9639,-37.6283,23763
-6.8386,-35.1261,44599
-9.5322,-36.9850,17834
-4.8572,-39.5767,16896
-9.6658,-35.7353,1031597
-5.1150,-36.6344,27369
-7.5547,-35.4531,23879
0.0389,-51.0664,512902
-5.8583,-35.3539,82249
-3.4578,-42.3703,25375
-2.8792,-41.6669,30641
-5.1456,-38.0981,59560
-1.8953,-49.3806,29569
-9.7406,-36.5028,25197
-7.8747,-35.4503,56510
-6.7533,-38.9644,30802
-8.6636,-36.3200,39582
-4.5603,-45.1315,44403
-7.1708,-35.8536,27730
-6.0940,-36.4722,15573
-8.9969,-40.2719,24088
-7.9361,-35.2903,19003
-7.8447,-35.3197,17981
-9.8297,-36.7378,18831
-2.1522,-56.0922,50881
-8.7117,-36.4150,15329
-9.9253,-36.4758,24381
-6.0339,-37.0203,17793
-6.5253,-39.5275,23922
-7.2131,-39.3153,225230
-9.4117,-40.4986,237821
-4.7564,-42.5756,42559
-9.1333,-35.7483,17386
-7.1150,-34.8631,817511
-5.4478,-47.4008,24709
-5.5375,-35.8197,33290
-7.8558,-35.5883,27725
-9.8842,-36.8289,37335
-7.9900,-36.4964,15843
-7.5817,-39.2835,27411
-7.3592,-41.1378,17527
-4.8339,-37.7811,31701
-5.8906,-38.6219,33726
-5.6128,-38.7669,17232
-4.4470,-49.1156,59842
-6.2222,-57.7528,24042
-8.1803,-35.0014,702621
-5.1347,-49.3267,49754
-4.5289,-39.6222,20424
-2.9203,-39.9150,42957
-7.6678,-35.1017,16554
-3.1431,-58.4442,112520
-6.8297,-35.2472,18382
-7.3044,-38.1503,23940
-4.5644,-38.9222,17841
-7.7764,-34.8922,27749
-3.4944,-39.5786,131123
-3.3925,-44.3586,60440
-3.6867,-39.5861,46426
-7.7478,-34.8256,25529
-4.2761,-55.9836,123314
-3.9694,-38.5281,64650
-8.9475,-37.4228,33691
-7.3286,-35.3325,23182
-1.7711,-47.4381,30955
-3.7461,-39.7833,23915
-7.0333,-40.4500,17111
-4.5417,-40.7189,36798
-7.6519,-40.1489,30603
-4.3222,-40.7108,41081
-8.3989,-35.0639,105638
-9.2214,-37.7486,15417
-7.2808,-35.6044,17692
-5.3964,-40.3086,24024
-8.9017,-37.8239,27488
-5.5264,-47.4917,218106
-6.3594,-39.2986,98064
-1.9750,-48.9597,64831
-1.1289,-47.6200,35797
-7.8342,-34.9064,122312
-9.5369,-36.6336,24452
-6.4011,-38.8622,62642
-2.7758,-44.0658,24794
-4.7131,-37.3553,21433
-8.5406,-37.6903,28760
-3.9233,-40.8894,23965
-9.0458,-36.8461,17605
-2.5983,-43.4611,25680
-4.0980,-38.4860,70983
-4.4080,-40.4041,17855
-1.4050,-51.6400,31786
-4.1669,-40.7475,42053
-6.8547,-35.4900,57484
-8.8342,-48.5103,25681
-5.1075,-36.3203,15295
-4.0397,-38.6372,24325
-8.2011,-35.5647,91887
-3.1203,-40.8261,53344
-5.8194,-46.1386,73872
-6.2662,-35.2097,26741
-7.5606,-35.0025,85160
-8.0017,-35.2928,30370
-9.3381,-38.2547,15524
-8.8820,-36.5022,151064
-8.5844,-35.3867,17973
-3.7600,-40.8164,15657
-5.7333,-44.1583,16976
-4.4519,-37.7972,17294
-3.7172,-38.5431,2400000
-3.7983,-40.2606,24173
-6.4446,-46.1888,17719
-6.7669,-43.0225,62036
-8.6011,-38.5686,31627
-7.8681,-37.9747,20835
-7.4475,-35.2442,15794
-7.9508,-35.3892,22169
-9.9003,-36.6775,23191
-6.9281,-39.5723,18217
-7.5119,-39.7242,33436
-3.8900,-38.4506,74170
-5.7056,-35.3072,61635
-5.7833,-43.2500,17647
-4.8770,-44.8821,18311
-3.9017,-42.2336,40970
-7.0331,-35.8572,31231
-8.3592,-35.2236,62252
-5.0382,-44.4375,23053
-5.3583,-42.6764,16352
-9.3886,-37.9992,52809
-8.0875,-37.6431,39403
-1.8283,-44.8683,31558
-0.7289,-47.8481,41262
-1.8136,-49.7953,33903
-6.2608,-36.5178,41313
-8.9903,-39.9094,34180
-8.6167,-35.9500,24301
-8.0061,-35.6972,16252
-6.4836,-36.1536,19719
-7.1400,-35.0864,17095
-4.4159,-40.9047,17481
-7.2342,-39.4094,131050
-5.1777,-40.6695,76390
-9.6181,-36.7681,26115
-5.8443,-40.7019,20213
-9.1289,-36.3303,17660
-4.1300,-44.1242,61351
-3.5510,-40.6572,20953
-7.5858,-35.1058,25383
-8.2644,-49.2698,44617
-7.5622,-38.5089,18260
-8.9089,-35.7250,15949
-6.0258,-44.2492,40316
-4.2567,-43.0128,41658
-4.4553,-43.8856,114275
-3.4719,-41.5575,28212
-4.3003,-38.4978,20163
-0.1600,-49.9883,20757
-3.7417,-43.3603,81386
-8.2383,-35.4617,21224
-6.6067,-39.0622,22344
-5.6344,-35.4256,79115
-4.8589,-43.3561,156973
-3.7361,-38.6531,355679
-6.3439,-37.7467,30661
-9.5173,-43.0103,30671
-8.6667,-35.7167,33279
-5.3222,-41.5525,19288
-1.2939,-47.9264,192256
-4.1331,-38.2419,72720
-9.1742,-40.9751,72086
-1.2074,-46.0236,24238
-8.2833,-35.9761,402290
-7.8508,-35.2547,83205
-7.3356,-47.4622,24062
-4.1667,-40.9428,17210
-7.8053,-37.7939,19513
-6.5372,-39.4967,17015
-7.0422,-39.2836,26320
-3.9506,-40.4733,17632
-4.2322,-39.1925,16377
-3.1970,-59.8267,19809
-5.7925,-37.5567,19727
-8.7347,-36.6267,18890
-1.7464,-47.0594,56506
-4.4700,-38.9014,17254
-9.4075,-36.0736,15068
-1.1958,-47.1808,70394
-9.8967,-39.0264,16105
-8.1100,-42.9444,19365
-3.6333,-44.3767,24303
-9.6600,-37.7894,26834
-4.3589,-39.3117,74174
-8.8822,-36.1911,25090
-6.3800,-35.1289,29668
-1.4532,-45.7283,19932
-9.1169,-37.6022,15743
-7.0744,-40.3761,25135
-4.8278,-42.1686,45793
-9.7819,-36.3508,32714
-7.2306,-35.8811,348936
-8.3586,-35.7619,17991
-2.9022,-40.8411,62326
-2.2444,-49.4958,134184
-8.0217,-34.9811,155771
-9.7093,-36.4479,15062
-9.3967,-36.1536,16605
-6.8903,-38.5553,63239
-3.3208,-45.0108,16412
-6.4583,-37.0978,61146
-8.7731,-36.6225,30441
-6.6417,-35.7900,16064
-8.4864,-36.2331,20612
-1.0114,-48.9633,23981
-8.5142,-39.3100,31746
-8.2877,-35.0292,216969
-6.9811,-34.8339,66519
-7.5156,-34.9083,21193
-3.1750,-41.8669,19654
-5.8372,-43.8336,22455
-3.9422,-42.9250,30799
-1.5150,-48.0447,24383
-8.6231,-37.1558,54425
-1.6822,-50.4803,106968
-7.4933,-38.9872,51090
-8.1458,-36.3711,51107
-3.6844,-42.7503,34120
-1.0536,-46.7656,123082
-4.3914,-59.5886,34879
-7.4818,-36.1322,17598
-8.4703,-35.7286,39163
-9.0744,-44.3586,28796
-7.7958,-35.5872,39278
-9.1697,-36.6797,46192
-7.7783,-39.9411,36129
-9.6414,-36.2203,21517
-5.1275,-39.7322,50411
-8.2333,-35.7969,64809
-2.4489,-44.7825,19584
-1.3614,-48.2447,63567
-2.6364,-54.9372,18099
-8.3356,-36.4242,83647
-8.7539,-38.9658,18713
-6.6917,-35.5333,16401
-1.4558,-48.5044,1499641
-3.0506,-40.1678,32775
-4.1797,-38.1306,53114
-7.1250,-34.9322,82742
-4.3286,-38.8847,35218
-9.6778,-37.1247,17103
-4.0250,-42.0750,26300
-7.1785,-38.7800,19381
-8.8183,-35.1864,42056
-2.7556,-42.8259,65589
-2.7933,-57.0700,33436
-4.2869,-38.6431,22392
-4.2444,-42.2944,47938
-5.5056,-45.2433,86662
-9.4047,-35.5072,16735
-1.5058,-48.6258,126650
-7.3111,-39.3042,75033
-5.0800,-37.6167,26913
-6.7564,-43.0242,18984
-6.7500,-35.6333,23134
-7.5325,-46.0356,101767
-2.7906,-49.6717,51641
-1.8997,-50.2082,31892
-1.7275,-45.1422,16290
-4.2325,-44.7816,103711
-3.6056,-55.3317,18290
-3.5797,-59.1306,45328
-6.9425,-38.9675,23714
-1.0217,-46.6350,44573
-9.5019,-36.0228,38530
-6.8744,-39.8750,21697
-7.5453,-35.7075,18705
-4.9561,-37.1369,24093
-6.9633,-35.6917,22633
-8.4189,-37.0539,82003
-6.5583,-35.7417,17189
-7.5761,-40.4983,90104
-7.2134,-40.1370,19783
-3.4536,-44.7800,29472
-9.7525,-36.6611,243661
-2.8900,-41.9031,39052
-5.6508,-48.1112,33205
-7.1911,-48.2072,105019
-7.7903,-35.0908,19936
-4.3711,-38.8142,25553
-4.5617,-37.7697,44293
-6.8531,-35.3811,16646
-3.9014,-38.3911,65116
-5.6642,-37.7989,36093
-6.7292,-38.4489,17964
-1.3656,-48.3722,433956
-3.2644,-44.6197,25322
-0.9867,-49.9400,28011
-3.3617,-39.8317,42156
-5.5667,-46.7422,37085
-6.2432,-42.8454,17234
-8.3831,-35.4525,18471
-5.0381,-42.4600,47453
-8.4897,-36.0594,21185
-3.2033,-52.2064,126279
-1.5233,-52.5817,34280
-7.6033,-35.2308,37372
-7.4386,-34.9144,21730
-1.9417,-54.7383,69377
-2.4041,-44.4167,18467
-7.0708,-35.7583,21013
-7.0416,-35.6270,26062
-9.1114,-37.1231,43713
-8.7075,-35.5306,27221
-9.2608,-37.9361,19550
-5.8922,-42.6361,17573
-8.4581,-35.9447,24615
-0.1567,-50.3867,37765
-8.5150,-41.0050,19349
-7.7508,-37.6392,42407
-5.5767,-36.9086,56496
-6.0953,-39.4525,44962
-2.8856,-40.1200,65264
-1.9608,-48.1967,59023
-7.9117,-34.9028,103945
-8.7203,-39.1139,17639
-1.7181,-48.8825,158188
-3.6250,-43.1111,17090
-8.0592,-48.4750,35957
-10.8229,-42.7281,44757
-26.9617,-52.5347,31918
-26.8769,-52.4042,51607
-20.4228,-49.9728,69863
-23.5467,-47.4378,127923
-22.5231,-44.1042,279898
-14.8661,-40.8394,253137
-20.3194,-40.3378,312656
-21.0103,-42.8406,39160
-20.8731,-48.2969,17414
-23.0297,-46.9753,80111
-20.3297,-40.2925,394930
-23.5883,-46.6346,127286
-23.5141,-46.5862,108543
-27.0083,-51.1517,55466
-20.7539,-42.8819,76430
-20.3903,-40.4961,73423
-30.0811,-51.0233,285269
-19.6919,-43.9233,129246
-28.9361,-51.5494,24021
-12.6333,-41.0333,30556
-23.8739,-49.8028,19188
-29.6064,-52.1919,68763
-17.9869,-46.9078,19975
-22.4039,-43.6625,35904
-15.7014,-44.0275,18840
-23.2114,-46.8283,115771
-15.6467,-56.1325,314627
-17.5976,-44.7337,33744
-21.5514,-45.4303,136467
-21.8322,-46.8936,40133
-20.6714,-41.0069,19563
-21.2278,-50.8683,24241
-22.9706,-46.9958,126373
-11.4122,-39.4619,24362
-22.2456,-43.7003,71462
-13.3703,-39.0731,85655
-28.5122,-50.9339,64197
-12.0817,-41.0944,16277
-28.5178,-49.3208,20919
-29.7547,-57.0883,123480
-16.1325,-45.7422,17479
-14.5931,-39.2844,21420
-14.5247,-49.1408,42546
-14.7714,-42.6550,15355
-26.2300,-51.0864,55033
-16.3575,-46.9061,86619
-15.2933,-39.0753,18131
-23.7664,-53.3250,117095
-11.3833,-37.6578,23917
-18.9186,-48.2772,563536
-19.7483,-47.9319,337836
-23.4339,-45.0711,91824
-14.2091,-39.5264,16094
-14.3125,-39.3233,17596
-13.2681,-39.6628,18626
-21.1200,-42.9428,103365
-17.2856,-42.7300,20000
-21.3811,-51.5706,15854
-12.6623,-40.6065,16873
-29.0806,-53.8358,20005
-18.5922,-48.7050,25470
-21.9347,-50.5136,63928
-23.4754,-46.6061,99559
-10.9582,-38.7908,48736
-28.4667,-49.0069,110088
-29.9433,-51.7181,27498
-16.6494,-49.4889,142431
-22.1167,-43.2092,82300
-21.3667,-45.5125,55255
-27.4556,-53.9319,25436
-20.7876,-51.7034,78712
-27.7733,-54.2400,24916
-29.5169,-50.7778,24425
-21.6969,-45.2533,75485
-26.1064,-50.3222,19746
-22.9583,-45.5494,51173
-14.9758,-41.4108,16296
-12.3990,-38.7552,24138
-29.9847,-50.1336,54387
-29.3353,-49.7269,41751
-24.7136,-53.7431,119313
-21.1750,-43.0178,16185
-11.1839,-37.9983,50905
-19.5811,-42.6495,81579
-26.8233,-49.2717,46099
-25.9284,-49.1801,17621
-27.2414,-48.6336,51592
-23.1019,-47.7147,37663
-24.5094,-50.4136,19961
-29.4481,-51.8064,32797
-22.6333,-47.0500,15605
-23.7681,-52.4442,17568
-22.4167,-42.9782,176692
-29.7167,-52.5032,26710
-20.4422,-54.8603,17652
-17.8575,-41.5053,101170
-22.5325,-52.1675,22173
-24.3239,-50.6156,75042
-23.0264,-45.5553,317915
-23.3556,-47.8569,122967
-23.5331,-49.2444,24350
-21.4061,-48.5047,52260
-29.7997,-51.8644,25198
-29.6506,-50.7806,53242
-11.8472,-40.7914,15818
-13.5381,-39.0986,18044
-28.0681,-52.0139,24557
-23.7331,-52.8733,15869
-13.5464,-42.4914,17158
-14.0214,-41.2481,21006
-22.7303,-42.7142,32858
-20.6264,-49.6492,25265
-21.7050,-47.2744,21435
-15.8078,-42.2331,33050
-27.1164,-49.9981,18310
-23.6261,-46.7917,273542
-23.5425,-46.3108,307429
-22.0497,-42.6747,15690
-22.8219,-47.2669,286211
-22.8792,-46.9644,18152
-23.5017,-47.4581,687357
-29.1139,-49.6167,29991
-28.8183,-52.5103,29991
-22.5914,-46.5289,41352
-15.6471,-47.7931,72273
-12.8333,-39.1000,19304
-23.6889,-49.8339,22811
-20.1239,-42.0014,19750
-10.7383,-37.8111,42578
-16.6666,-48.6125,22245
-22.6508,-42.3917,22026
-20.9319,-54.9614,47118
-19.4658,-44.2467,227397
-21.1378,-47.9903,126887
-23.0586,-51.0364,15930
-18.6047,-43.3794,21952
-11.6642,-39.0075,80435
-12.1603,-39.3317,17996
-22.6122,-46.7006,29894
-21.2114,-47.5956,43909
-20.1286,-40.3078,520653
-22.7439,-43.7075,84737
-28.7117,-51.9350,16961
-10.4614,-40.1894,74523
-24.1134,-49.4631,17270
-16.7081,-49.0931,118451
-27.1494,-52.3106,18620
-12.4171,-41.7705,46160
-26.4125,-49.0731,20061
-11.6039,-38.5831,16008
-20.0353,-44.1447,36844
-27.9439,-52.9231,22851
-23.4436,-51.8739,118455
-22.8989,-42.4699,95201
-29.8178,-51.1455,132107
-21.9950,-42.9144,18289
-29.6381,-51.0069,75648
-12.7275,-39.1819,17963
-23.9631,-46.3919,329911
-18.9911,-50.5436,17020
-30.1606,-53.5653,21219
-12.5125,-38.4953,40958
-20.9169,-46.9914,71796
-29.5867,-51.3756,24428
-23.7600,-45.4097,81595
-23.5292,-47.1353,79484
-29.6206,-54.1789,15577
-22.8392,-42.1028,110556
-22.5486,-47.9139,38256
-23.5475,-46.6361,12400232
-23.4942,-46.4322,81011
-25.3481,-54.2378,29122
-26.7253,-53.5181,44330
-13.2750,-50.1628,21900
-23.8783,-47.9972,32039
-25.8742,-50.3828,42366
-18.7201,-39.8589,123752
-28.9711,-51.0681,21084
-22.7311,-48.5706,37289
-28.4083,-54.9608,34752
-16.5250,-50.3722,33852
-31.3653,-51.9783,41989
-26.3592,-52.8511,24791
-23.8525,-46.9425,16067
-22.1164,-45.0544,44798
-29.7603,-51.1472,209229
-25.5302,-49.2084,329628
-23.1794,-45.8869,729737
-22.1521,-42.9233,22799
-20.8197,-49.3794,480393
-21.5956,-46.8886,52205
-32.0147,-52.0417,25443
-28.2134,-49.1638,200000
-27.6153,-48.6275,270299
-20.0492,-44.2739,34348
-20.5814,-47.8547,48558
-28.2939,-49.9317,25939
-21.5400,-43.0106,25565
-18.5478,-42.7633,15315
-15.3136,-42.0144,23910
-22.8039,-43.3722,466536
-21.1356,-44.2617,78592
-15.9292,-44.0078,23930
-21.9692,-46.7981,92547
-21.6403,-41.0511,38708
-27.2761,-48.8494,32687
-29.9592,-51.7222,21028
-19.3111,-46.0489,40910
-12.4339,-38.9506,39513
-21.8922,-45.5953,23959
-30.3364,-54.3200,58487
-19.0181,-40.5373,32252
-26.2433,-48.6381,52674
-12.6275,-38.6800,38733
-29.4481,-50.5836,21893
-29.5503,-55.1311,17618
-15.9486,-44.8644,52762
-12.8472,-39.0894,20283
-21.6461,-41.7469,41197
-19.8650,-42.9683,17392
-12.3633,-44.9733,32828
-11.0147,-37.2064,95612
-22.0175,-47.8908,205035
-23.6231,-46.5511,165655
-28.6606,-56.0044,60019
-23.6939,-46.5650,743372
-26.2503,-49.3786,83277
-21.4567,-43.5525,42406
-23.9608,-46.3336,433656
-12.4303,-39.2514,52276
-27.8239,-54.6628,15320
-26.0736,-53.7253,28673
-20.0872,-45.2936,27295
-15.8656,-56.0767,16795
-20.9464,-44.9189,17285
-22.6061,-46.9194,23244
-21.5394,-42.1803,43686
-12.9689,-39.2614,103055
-23.2950,-50.0772,44369
-29.8175,-50.5197,42947
-28.2992,-54.2631,76917
-23.6639,-46.5383,662373
-27.6881,-48.7786,27272
-23.6454,-46.7039,85349
-12.5467,-38.7119,56012
-29.1917,-54.8672,48938
-33.5189,-53.3681,30983
-18.8386,-50.1214,20973
-19.9356,-40.6003,22808
-21.4728,-47.3631,23411
-27.8708,-54.4814,76963
-22.2522,-45.7033,40635
-21.7103,-47.4781,24833
-29.8522,-51.2770,29024
-19.3636,-42.5686,44800
-30.8908,-55.5328,84421
-23.4442,-46.9178,154105
-12.9833,-44.0511,24755
-13.3881,-44.1987,38604
-29.6842,-53.8069,283677
-20.3839,-42.2506,16395
-19.7697,-43.8514,219132
-11.2558,-39.3747,37834
-19.3086,-47.5253,15734
-23.3156,-46.2214,53174
-17.8136,-50.5969,38492
-24.8603,-54.3328,25492
-22.4567,-47.5303,23611
-20.2111,-50.9258,34794
-29.7175,-52.4258,133230
-22.8989,-49.6325,46442
-21.8269,-47.2486,28864
-16.2781,-39.0247,29185
-26.9608,-50.4269,15546
-22.7536,-47.4136,188000
-19.9594,-43.4153,30466
-27.9497,-51.8067,16399
-12.9756,-38.4910,2711840
-23.6489,-47.5733,43748
-23.2008,-47.2869,119736
-16.1703,-42.2903,40178
-11.0319,-37.4750,20279
-23.5291,-45.8490,15202
-19.8653,-47.4400,26670
-19.8864,-43.8067,129380
-12.2839,-40.4939,28282
-15.1644,-49.8033,19788
-14.8361,-56.4275,15236
-30.2583,-54.9142,36630
-16.4708,-54.6356,259167
-29.6506,-50.5758,21253
-23.3097,-51.3692,71670
-18.9181,-54.8442,19818
-17.7981,-50.9281,225696
-11.4847,-37.9328,35362
-21.2747,-43.1792,17443
-15.6097,-42.5397,28271
-29.9897,-52.3781,34654
-26.1058,-49.7975,31324
-26.2544,-49.5183,39261
-23.7442,-46.3983,44170
-32.0350,-52.0986,187838
-27.2142,-49.6431,72587
-22.9064,-43.1822,6747815
-22.8433,-47.6061,31328
-22.5269,-41.9450,168099
-13.6860,-39.4780,24474
-22.7231,-44.1356,17950
-22.4114,-47.5614,201418
-21.8019,-54.5464,37601
-25.1900,-49.3142,37558
-22.7086,-42.6097,59113
-19.2650,-40.3333,19274
-10.5394,-37.4167,17033
-21.1775,-47.8103,711825
-23.7106,-46.4133,115559
-19.7669,-44.0867,329794
-27.6993,-48.5322,21000
-24.2208,-48.7656,18627
-10.8344,-38.5358,54010
-20.4431,-53.7592,23150
-13.6092,-42.9389,30711
-11.8069,-39.3856,33386
-11.0689,-37.7250,18313
-11.7461,-44.9100,21642
-19.3256,-41.2553,17226
-24.6503,-50.8506,24573
-22.4689,-44.4467,111514
-24.4875,-47.8436,59947
-22.2214,-51.3028,20145
-25.7689,-53.5325,19247
-20.1019,-42.4525,23423
-19.9672,-43.8042,16279
-22.2292,-50.8931,28588
-22.1067,-41.4722,23126
-18.4483,-50.4517,48447
-10.7525,-39.2092,25272
-22.7161,-43.5553,149093
-10.9783,-39.6264,25988
-25.3656,-49.0769,24191
-30.3875,-56.4514,23500
-25.2131,-50.9778,49393
-10.2111,-36.8403,26618
-21.5367,-49.8581,35131
-21.8761,-51.8439,35201
-22.1256,-51.3889,225668
-18.4178,-46.4181,18765
-27.0506,-49.6228,20010
-21.7633,-52.1156,39505
-19.3072,-48.9242,28342
-24.0058,-46.4028,349935
-21.3594,-48.0656,17078
-17.3411,-39.2208,35003
-15.8372,-54.3892,24587
-27.2581,-49.9339,17123
-22.2300,-45.9364,152217
-21.0428,-49.3772,18496
-14.0931,-46.3694,34914
-26.2381,-51.0783,32970
-16.4497,-39.0647,168326
-10.1858,-36.8400,20262
-22.4197,-44.2903,21064
-10.7081,-48.4172,68555
-21.8539,-47.4792,52649
-23.2147,-47.5239,53402
-27.1578,-48.5531,27688
-30.0328,-51.2302,1488252
-15.7433,-43.0283,37438
-29.7017,-51.2419,34071
-20.9628,-42.0408,17832
-13.4408,-49.1486,44317
-10.8628,-40.1336,19938
-15.2261,-59.3353,54795
-20.4164,-42.9086,57776
-22.5361,-55.7256,92017
-17.5250,-49.4472,18309
-21.0225,-48.0372,37607
-25.0950,-50.1619,292177
-19.2244,-44.9353,31047
-22.1086,-50.1717,20196
-26.7406,-49.1769,34289
-12.4306,-38.3278,32136
-10.7083,-38.1833,21794
-21.7878,-46.5614,168641
-16.2567,-56.6228,31269
-21.7808,-45.9650,16390
-14.5297,-40.3653,48293
-23.5281,-46.3447,103765
-15.4528,-47.6142,105031
-20.8378,-40.7219,22300
-20.4653,-45.9581,36062
-19.6828,-44.8903,26685
-21.0094,-48.2217,33674
-24.7572,-51.7614,33567
-11.7303,-40.5553,17566
-17.2997,-48.2794,32373
-15.8507,-48.9609,26690
-22.4128,-49.1347,15108
-31.4481,-53.1042,17504
-25.4423,-49.0680,118730
-22.2753,-51.5000,25348
-23.3969,-47.0022,18370
-17.3450,-44.9419,55606
-20.6847,-43.3003,17018
-21.9986,-49.4572,22431
-23.1936,-49.3839,29436
-24.5261,-49.9486,23651
-22.6292,-43.8981,29054
-21.9961,-47.4258,73545
-22.7253,-47.6492,407252
-17.3028,-49.0167,24883
-23.0539,-46.3581,26029
-23.5673,-46.6923,65145
-22.5128,-44.0006,25085
-25.6956,-51.6597,29886
-26.8481,-52.9919,21972
-22.7794,-46.5906,15224
-22.1959,-46.7488,39816
-10.7417,-40.3608,19083
-22.9239,-45.4617,165428
-23.8131,-47.7164,27619
-23.7119,-47.4278,52970
-26.7639,-48.6717,27127
-29.5843,-50.9028,20088
-13.1519,-41.7728,20086
-10.4056,-36.4344,16201
-22.5050,-43.1786,272691
-23.4047,-46.7547,87823
-24.3200,-46.9983,68352
-20.6383,-51.1092,24095
-21.0908,-45.0914,21384
-19.3528,-47.2928,17151
-26.7694,-48.6458,33663
-10.2903,-36.5864,60189
-21.4197,-50.0775,61679
-12.7607,-43.9500,17066
-31.7700,-52.3410,320674
-19.6181,-44.0431,62580
-22.7419,-46.9014,43112
-20.2569,-47.4767,15525
-16.0053,-41.2972,24410
-22.3517,-48.7750,44827
-18.5486,-42.5569,17446
-22.7611,-47.1542,112003
-18.9439,-46.9925,89826
-18.5789,-46.5181,159235
-26.2286,-52.6706,91836
-22.4286,-43.4186,29619
-17.8861,-39.8589,22168
-20.7189,-46.6097,111939
-28.2628,-52.4067,179529
-30.0002,-51.0763,187315
-22.3903,-44.9667,15515
-29.6286,-50.8347,52058
-24.7150,-47.8811,19233
-10.6875,-37.8617,26604
-23.8275,-46.7269,153695
-12.6906,-43.1842,29252
-12.4083,-39.5009,19662
-23.2178,-44.7131,15118
-19.2744,-44.4042,24107
-15.7755,-47.7812,63923
-23.0731,-52.4653,92001
-23.3863,-48.7244,19395
-19.6772,-51.1908,40957
-25.5163,-48.5254,141013
-13.4425,-42.2389,20351
-22.5542,-45.7800,20445
-23.3861,-45.6622,17667
-22.1585,-43.2932,44467
-22.4128,-50.5758,41120
-21.5472,-45.7375,21723
-19.8603,-44.6083,97139
-17.2222,-46.8747,94023
-22.6083,-43.7095,43656
-26.3703,-50.1444,19150
-19.2250,-40.8514,18893
-28.2925,-53.5017,43515
-24.2839,-53.8400,35011
-27.0675,-53.1611,15626
-22.7889,-50.2175,19594
-16.8050,-49.9258,31858
-27.8994,-53.3136,33216
-25.4294,-50.0064,33855
-14.2672,-43.1619,20078
-26.4842,-51.9906,48247
-27.6453,-48.6678,175272
-23.4575,-52.0486,45962
-17.0742,-41.4844,17334
-15.1654,-48.2842,34967
-11.9583,-38.9750,20952
-20.3948,-43.5052,74821
-22.2831,-46.3689,32094
-20.5233,-43.6949,38724
-10.9714,-41.0796,19243
-22.9789,-49.8706,103970
-27.4831,-50.1219,17312
-21.7967,-50.8786,31272
-29.8867,-50.2697,47396
-23.5325,-46.7917,728615
-24.2083,-50.9494,24192
-28.3589,-49.2914,23661
-20.7203,-47.8867,38319
-17.0314,-48.2958,16399
-12.3169,-42.8961,20715
-20.6964,-44.8272,39262
-11.3667,-38.3333,22633
-20.7372,-48.9147,55074
-15.8707,-47.9689,21636
-21.4681,-49.2208,38324
-29.6783,-51.1306,253841
-17.4681,-41.8753,26975
-17.8919,-39.3719,39509
-18.7106,-40.4006,49065
-11.2333,-38.4833,24263
-19.8761,-44.9836,105552
-21.1261,-46.4203,16387
-28.7839,-51.6100,25692
-29.3764,-51.1144,23300
-14.7972,-57.2881,16314
-22.7775,-47.2958,62019
-19.9856,-43.8467,111697
-22.7592,-43.4511,823302
-20.5339,-49.3142,19419
-22.2819,-42.5311,191158
-23.1836,-52.2047,26585
-19.7500,-43.0375,17438
-10.8550,-37.1261,192330
-23.4988,-46.6998,137240
-10.4917,-37.1933,24996
-10.2183,-37.4203,41212
-10.8225,-39.4269,18523
-14.7203,-56.3275,15753
-22.8833,-43.1036,456456
-14.4739,-48.4597,34964
-22.8075,-43.4139,147281
-16.4064,-49.2186,31932
-21.2334,-45.2349,25018
-10.3200,-36.5794,16426
-23.1811,-46.3950,18217
-13.0350,-39.0144,27060
-23.0650,-54.1906,50457
-26.8989,-48.6542,86401
-21.0422,-41.9733,15550
-28.4592,-52.8208,17898
-17.8392,-40.3539,35038
-21.3758,-46.5256,21891
-19.8000,-41.4383,27635
-13.2286,-39.5047,20037
-12.9167,-39.2500,22388
-12.6264,-38.9900,28707
-21.1306,-42.3664,104108
-20.4642,-41.4131,18153
-11.8589,-40.4725,17305
-18.0864,-39.5508,37977
-11.5485,-41.1580,33594
-28.6508,-49.2100,18537
-20.7314,-48.0578,27933
-17.7311,-49.0994,51351
-25.4769,-48.8344,18309
-22.4325,-46.5725,24089
-16.7350,-43.8617,414240
-21.1897,-46.9803,20890
-10.4378,-39.3328,47780
-29.6886,-51.4611,65721
-22.9467,-47.3158,64662
-18.7247,-47.4986,47692
-20.9072,-48.6414,18151
-15.1550,-42.8747,20328
-20.7725,-49.7142,22280
-21.2611,-48.4964,47574
-18.8706,-48.8808,20170
-18.1269,-40.3633,18900
-24.0931,-46.6208,57648
-22.4319,-46.9578,78244
-22.3677,-46.9455,153658
-23.5228,-46.1883,325746
-21.4678,-47.0047,67681
-20.8192,-49.5211,63337
-22.2919,-51.9064,15917
-10.9544,-40.5758,15734
-21.1336,-51.1017,27983
-20.2406,-56.3783,25536
-21.4122,-42.1967,28411
-24.2814,-47.4597,19643
-17.5694,-52.5511,70081
-17.2186,-42.5903,24405
-21.0642,-41.3664,24475
-22.4539,-43.4689,28123
-20.1794,-48.0319,19441
-11.4289,-40.5950,24661
-22.5267,-43.7328,18049
-16.2225,-41.4769,20156
-25.2953,-54.0939,54369
-17.3739,-40.2206,22194
-23.6678,-46.4614,477552
-19.5578,-44.0814,37618
-15.0081,-59.9506,17384
-20.2839,-42.3411,18552
-25.8322,-48.5397,39259
-19.9864,-44.4278,37841
-25.2404,-53.9824,18450
-21.6033,-48.3658,79033
-12.5303,-38.2992,42566
-26.6106,-49.0083,17162
-10.7375,-37.0817,15719
-22.1458,-51.1708,24881
-26.1494,-53.0261,15901
-23.4253,-51.9386,311724
-22.2139,-49.9458,240590
-22.9194,-42.8186,211986
-20.3778,-43.4161,61387
-23.4850,-51.7917,41851
-20.4128,-40.6831,18743
-24.5561,-54.0567,55836
-26.7608,-53.1725,28251
-28.4492,-52.2000,45124
-14.1039,-39.0149,24527
-21.0433,-40.8244,41929
-12.7778,-38.9194,35859
-13.4411,-40.4308,27620
-21.6144,-55.1683,45047
-18.7817,-40.9803,26535
-20.3578,-41.9581,20613
-20.2581,-42.0336,91886
-25.9411,-52.1756,16603
-22.9597,-44.0406,43624
-14.7558,-43.9322,18886
-25.7789,-49.3261,27439
-23.5210,-51.6818,36716
-23.3472,-52.0953,31457
-14.3361,-43.7736,15398
-17.8422,-42.0767,17516
-23.3186,-46.5867,101937
-23.5458,-47.1833,50027
-11.7114,-40.1489,17674
-22.6528,-43.0406,244092
-26.1114,-49.8053,55286
-12.7408,-38.6208,18504
-21.6747,-45.9197,37684
-13.0194,-42.6986,41859
-22.5022,-48.7114,16829
-15.5683,-40.4231,21599
-22.3848,-41.7832,143029
-16.2525,-47.9503,209129
-19.8014,-45.6856,17875
-21.7203,-51.0189,20061
-16.3333,-55.9333,27665
-23.0864,-46.9506,51847
-22.7308,-45.1247,84855
-23.3103,-51.1628,588125
-22.9231,-53.1372,23225
-13.6515,-41.8456,19914
-21.6786,-49.7425,78503
-19.3911,-40.0722,166786
-22.5647,-47.4017,291869
-21.8425,-43.7931,17221
-23.5634,-46.6323,66056
-21.5319,-42.6431,51145
-22.5986,-48.8003,66505
-22.1856,-47.3903,98161
-21.2453,-44.9997,104761
-25.4078,-52.4161,32227
-10.8064,-37.1700,23975
-23.0497,-47.8367,26261
-11.3833,-41.8319,25736
-23.5236,-46.7073,75533
-25.7697,-49.7158,45003
-21.9756,-45.3503,20414
-20.1514,-41.6228,20835
-27.8161,-50.3261,164676
-13.6023,-39.4924,15332
-29.4669,-51.9614,93646
-13.1822,-39.4250,21052
-28.4825,-48.7808,42785
-28.2086,-51.5258,27659
-19.6301,-43.9009,75145
-18.7786,-46.4075,18904
-20.0225,-45.5436,51412
-11.2951,-41.9860,15130
-10.9172,-37.6500,101579
-19.0047,-57.6017,21522
-23.9317,-47.0683,27404
-24.3208,-47.6347,17154
-21.5147,-51.4336,20448
-23.1864,-46.8842,443221
-29.2269,-53.6817,18226
-21.7642,-43.3503,573285
-15.8650,-50.8681,19620
-19.9519,-44.3428,30716
-21.0528,-49.6883,36633
-26.3044,-48.8456,461304
-17.7425,-46.1725,46801
-19.8100,-43.1736,80187
-27.1781,-51.5047,30146
-10.0760,-38.3473,37626
-16.4339,-41.0033,24007
-13.8588,-40.0851,127475
-22.2964,-48.5578,133497
-17.8794,-51.7217,105729
-23.1014,-46.7283,37535
-21.0178,-47.7639,45282
-21.4803,-56.1381,23981
-26.4861,-49.0667,182660
-23.4408,-46.7377,211610
-15.7569,-49.3344,45223
-22.6431,-43.6533,102149
-10.5933,-36.9403,16209
-15.4795,-44.3652,65150
-23.5275,-46.9025,118045
-23.6031,-51.6433,21408
-15.8025,-43.3089,70699
-20.2689,-50.5458,48776
-28.6214,-49.0253,20375
-22.7056,-46.9858,58722
-13.1133,-38.8956,17659
-24.2442,-49.7093,35141
-10.2639,-40.1958,32703
-32.5661,-53.3758,26603
-13.5306,-39.9708,45964
-23.1128,-51.5319,15122
-22.2856,-46.6122,25525
-24.6925,-48.0022,16097
-11.1814,-40.5137,82590
-15.9653,-54.9683,29560
-23.1606,-49.9694,40375
-23.3053,-45.9658,213110
-18.9056,-40.0761,28931
-21.2547,-48.3222,71821
-19.5136,-43.7450,20406
-29.5911,-51.1606,22983
-24.2478,-51.6847,32720
-20.3458,-41.5358,28590
-20.3394,-47.7806,37571
-19.7281,-50.1956,38295
-27.4144,-49.6025,26525
-23.1531,-47.0578,20605
-18.4192,-49.2153,79582
-18.9743,-49.4621,102217
-13.7354,-39.1478,21902
-13.8133,-41.2967,17914
-23.2642,-47.2992,137586
-15.1169,-40.0703,16617
-10.6917,-39.8536,33872
-22.2528,-47.8228,16148
-20.0753,-44.5764,97669
-23.1017,-48.6158,19070
-23.0058,-46.8389,122581
-22.4961,-44.5633,32694
-24.2892,-47.1744,15528
-24.1125,-49.3317,44438
-15.6597,-40.0656,17052
-29.1253,-56.5531,35768
-23.5319,-46.4442,210960
-23.4861,-46.3483,369275
-15.5622,-49.9486,26113
-10.9981,-37.3106,34411
-22.0789,-54.7894,24137
-21.5956,-48.8128,39493
-11.4835,-38.9968,21176
-27.1694,-53.7122,16638
-22.4361,-46.8217,72022
-11.3167,-38.2333,31679
-23.5489,-46.9342,240961
-23.9822,-48.8756,89728
-23.5917,-48.0531,157790
-15.2489,-40.2478,65897
-21.2050,-41.8878,107246
-25.2200,-49.3478,31217
-21.0111,-40.8339,39832
-27.0903,-48.6114,75940
-26.1169,-48.6161,30750
-23.7169,-46.8492,158522
-20.4725,-45.1256,21046
-12.8883,-38.6786,19789
-14.9508,-49.5494,21087
-21.6692,-42.0761,23643
-17.1664,-40.3300,17813
-22.2958,-44.9347,15236
-24.1831,-46.7889,103102
-15.2450,-40.6244,24394
-18.0311,-41.6850,21042
-17.8572,-42.8589,32948
-17.0392,-39.5311,59605
-14.6781,-39.3750,18781
-22.4256,-45.4528,93073
-21.3181,-49.0544,16989
-14.2836,-39.8428,15310
-26.9078,-48.6619,155716
-26.3364,-49.9064,22051
-23.4178,-49.0906,25180
-22.8522,-43.7753,123980
-14.2789,-38.9958,27704
-15.1022,-44.0919,17208
-14.7856,-39.2803,205660
-22.7444,-42.8594,240040
-20.2533,-43.8014,53365
-19.6192,-43.2269,113343
-16.0203,-49.8103,44734
-12.5275,-40.3069,65073
-23.8619,-49.1372,17983
-11.2739,-37.7900,40678
-10.6850,-37.4253,103440
-11.3042,-41.8558,74507
-25.4672,-50.6511,59250
-12.0500,-38.7667,28043
-12.2486,-41.6194,23879
-22.5806,-47.5186,21967
-24.0031,-53.7042,15746
-16.4419,-51.1178,35684
-23.5996,-46.6160,116271
-12.1583,-39.7372,56876
-14.1345,-39.7395,40706
-23.3503,-47.6886,36459
-19.4683,-42.5367,228746
-22.9844,-43.2028,37392
-19.8008,-41.7131,19522
-17.7219,-48.1597,25548
-19.4136,-42.4194,17136
-16.3578,-49.4961,52204
-19.5492,-42.1200,22692
-11.7844,-38.3531,33790
-11.5192,-37.5117,16549
-23.0884,-47.2119,256223
-26.8978,-49.2317,71549
-25.2300,-50.6044,29924
-28.2400,-48.6703,52579
-26.8997,-48.8272,17046
-14.7991,-39.0323,155499
-20.4328,-51.3425,25549
-23.7781,-45.3581,35591
-28.3878,-53.9147,84780
-24.7081,-47.5553,29115
-14.7564,-40.0892,21491
-22.8392,-42.2289,29577
-29.5744,-50.7903,32808
-10.1253,-36.6619,22125
-20.0703,-44.3017,45847
-20.0383,-47.7469,26212
-22.5092,-48.5578,23106
-13.7733,-42.7142,15527
-10.0005,-42.4798,35357
-28.7133,-49.3000,59035
-12.1853,-43.2206,26309
-23.6564,-47.2225,75605
-11.5472,-41.9775,16969
-21.7578,-48.8289,60033
-28.6275,-53.0897,21583
-20.0219,-44.0589,170537
-14.0669,-39.6406,18792
-14.1642,-39.3736,25344
-27.0569,-49.5178,19862
-23.2692,-51.0481,51603
-11.0086,-44.5194,27390
-11.6408,-42.0111,16603
-13.4132,-41.2857,20785
-14.8650,-39.5875,21665
-19.4783,-46.5389,22229
-20.2339,-41.5106,25380
-21.9547,-47.9967,32178
-23.8486,-50.1878,28830
-12.7672,-40.2117,24607
-22.8583,-47.2200,234259
-27.6258,-54.3078,18851
-16.9622,-49.2281,27742
-11.7292,-49.0686,89574
-21.3053,-46.7128,50911
-23.4628,-46.5333,1169577
-23.9931,-46.2564,322750
-21.3600,-48.2283,37498
-23.3728,-48.1842,15013
-25.8828,-48.5747,42062
-22.8164,-45.1925,118044
-16.5820,-39.7812,19049
-23.4150,-46.0350,31236
-21.2608,-50.6428,31043
-25.3905,-51.4654,182093
-20.6718,-40.5020,124656
-21.2992,-46.8025,19150
-26.4731,-49.0028,46711
-20.4283,-47.8242,18606
-15.8098,-47.9720,120641
-28.8456,-51.8903,25268
-16.8306,-49.5319,19545
-22.5372,-42.9819,54300
-24.1850,-48.5328,17071
-20.7950,-49.2203,21711
-18.7750,-42.9325,32244
-14.2233,-42.7814,87817
-24.0820,-54.2462,32097
-20.3183,-48.3106,39279
-22.4912,-47.2118,19566
-23.5433,-46.4108,109316
-20.7756,-41.6794,29358
-29.9422,-50.9928,265074
-18.8511,-41.9494,250878
-24.1847,-53.0275,28437
-18.0125,-49.3547,35664
-15.9344,-50.1403,24071
-16.4961,-49.4264,71916
-16.6786,-49.2539,1536097
-15.3175,-49.1175,73707
-28.0283,-54.3497,16013
-27.8903,-52.2275,16602
-26.9314,-48.9589,72570
-26.0267,-48.8550,18545
-28.0233,-48.6133,29959
-29.2561,-51.5336,34335
-22.2106,-49.6561,42110
-13.7439,-39.4867,32178
-16.0251,-48.0712,139467
-11.2287,-41.8765,18600
-19.9341,-40.4047,18014
-20.0247,-48.9406,58588
-27.3592,-53.3944,32627
-23.3217,-46.7269,144849
-16.4758,-43.4883,23476
-23.2817,-46.7453,165139
-13.0713,-55.9148,92256
-26.0811,-53.0550,96666
-20.5386,-47.4008,358539
-25.5478,-54.5881,258248
-28.7475,-49.4722,31431
-11.7967,-49.5289,19428
-11.0483,-45.1931,25899
-15.5372,-47.3344,115901
-20.4644,-45.4264,68248
-27.5967,-48.5492,508826
-29.0289,-51.1817,30892
-10.7428,-40.1319,17897
-23.5408,-46.3686,179198
-20.2839,-50.2464,71186
-12.2667,-38.9667,619609
-24.0003,-51.3194,16389
-10.6000,-38.2167,17895
-23.3883,-49.5100,16641
-29.2250,-51.3478,70286
-22.8547,-46.3183,53482
-16.3775,-39.5803,113710
-10.5075,-39.0158,61456
-29.5019,-51.9664,32183
-28.0611,-50.9383,24200
-29.8614,-51.1792,76137
-29.6483,-51.1739,47924
-11.2683,-37.4383,65078
-28.7247,-52.8497,15173
-11.7961,-37.9450,32554
-14.9261,-42.8192,30443
-20.6503,-41.9072,24102
-19.7625,-44.3139,85598
-20.8400,-42.6572,20255
-27.6346,-52.2754,96087
-11.9419,-38.0844,38098
-30.5439,-52.5219,23819
-15.5314,-40.9094,19107
-29.2361,-51.8697,22962
-23.8322,-46.8114,66970
-23.6489,-46.8522,250691
-21.6100,-45.5653,26336
-23.0428,-47.3739,17699
-18.3733,-40.8306,21992
-22.7856,-43.3117,818329
-21.4825,-51.5328,45474
-22.2211,-54.8056,162202
-30.9828,-54.6731,36981
-20.3633,-40.6592,35416
-25.7336,-53.0572,44869
-29.5803,-51.0853,30709
-22.3661,-48.3803,24510
-20.1436,-44.8907,231091
-20.6144,-42.1486,20706
-26.2550,-53.6397,15008
-12.6125,-38.2969,71485
-11.6278,-46.8206,18031
-14.4086,-56.4461,22479
-18.2469,-43.6035,47702
-23.6861,-46.6228,393237
-21.9039,-47.6194,31756
-18.7564,-44.4308,80665
-27.2828,-50.5844,40045
-25.4278,-49.2731,1948626
-23.0744,-44.9597,22110
-15.5961,-56.0967,618124
-23.8950,-46.4253,112476
-26.0175,-51.3467,15978
-21.8386,-44.8083,15362
-23.7850,-53.0733,23831
-22.5732,-44.9711,74961
-12.6700,-39.1019,60348
-28.6440,-53.6063,58913
-14.5489,-49.9692,17065
-11.4756,-37.7553,17100
-16.7677,-47.6153,60210
-11.5106,-38.1500,19729
-28.6775,-49.3697,161954
-21.3403,-47.7294,33281
-18.5067,-54.7600,32151
-23.6039,-46.9192,253608
-22.6458,-47.1961,59773
-10.1256,-36.1756,51788
-26.4253,-49.2431,15267
-19.0092,-57.6533,96520
-13.3433,-44.6367,32457
-10.4433,-45.1622,27278
-27.5847,-50.3611,15727
-25.9797,-52.5678,23331
-19.5186,-42.6289,104736
-18.4733,-47.2003,28894
-23.1811,-50.6467,45206
-18.3808,-44.4564,23532
-22.4819,-47.4567,24514
-22.0286,-42.3608,21444
-24.7989,-53.3067,17470
-12.2333,-38.7500,26692
-16.6853,-44.3650,25377
-25.6792,-49.5372,19128
-19.9317,-44.0536,627123
-19.1722,-41.4722,20824
-20.6603,-43.7861,111596
-20.5053,-43.8588,52890
-14.8953,-41.9686,17053
-11.8136,-37.6106,23654
-27.2342,-52.0278,81646
-23.0153,-48.0106,15232
-22.3303,-47.1725,28101
-19.0372,-43.4250,23163
-11.5639,-39.2828,67825
-12.7794,-39.1700,15794
-22.0853,-41.8683,21769
-12.3167,-38.7667,35308
-19.9147,-48.3883,28381
-12.5058,-38.9986,20800
-18.5933,-39.7322,27458
-12.9603,-38.6086,42529
-22.8375,-51.9731,22896
-25.2917,-49.2242,246540
-20.7133,-48.5408,18486
-19.5394,-40.6306,101190
-14.1839,-44.5344,19151
-28.5991,-49.3233,17240
-14.6408,-39.5511,17333
-26.4047,-52.3511,15070
-20.4433,-44.7658,30159
-11.0997,-38.5136,17230
-30.1811,-50.2056,17071
-10.6000,-38.3833,30907
-23.6633,-52.6050,83816
-25.8558,-52.5233,21085
-14.6643,-52.3586,25486
-29.9547,-51.6253,35012
-22.5097,-47.7781,15535
-27.0964,-52.6183,160157
-15.4606,-55.7497,19374
-11.0440,-41.9710,16354
-23.2267,-47.9531,19048
-24.8236,-49.2611,16134
-23.1650,-47.7436,44695
-23.0356,-49.1661,21469
-15.3083,-49.5983,22046
-11.1356,-42.1128,16348
-15.8091,-48.1310,287023
-29.1681,-51.1794,381270
-21.9772,-44.9325,21056
-12.3531,-38.3789,48148
-21.1378,-48.9728,115791
-18.1658,-47.9464,114427
-21.3892,-42.6967,66261
-12.7656,-39.4283,24712
-24.7893,-50.0123,73075
-20.8722,-51.4875,19977
-20.6036,-41.1847,36930
-19.1133,-51.7342,20988
-20.5831,-46.9219,17155
-22.4806,-42.2042,48563
-24.9558,-53.4553,257172
-21.7739,-47.0864,28083
-20.5414,-44.6350,18003
-20.9719,-46.1189,20954
-19.0008,-46.3161,29011
-20.1842,-44.7711,23479
-21.9336,-42.6086,17740
-17.7031,-40.7664,18615
-29.2975,-51.5036,30420
-23.4250,-49.7208,16905
-10.3608,-37.7011,19939
-14.3047,-43.7650,28869
-20.2639,-40.4200,353491
-28.2839,-52.7864,61804
-19.7897,-42.1392,87360
-22.6342,-54.8222,30612
-23.5227,-46.8350,386984
-20.7331,-42.0294,31240
-20.9536,-43.8064,23812
-17.1889,-41.6947,19548
-23.6203,-45.4131,123389
-22.9950,-47.5078,50068
-27.3436,-51.6119,23314
-11.3811,-40.0128,33235
-17.6914,-42.5158,39626
-23.4706,-47.7347,22866
-10.5033,-37.0528,31645
-31.7633,-52.4839,26487
-29.7456,-50.0097,63594
-24.0058,-48.3494,46337
-25.6719,-53.8089,20481
-21.9811,-42.3681,19996
-10.6672,-39.4992,37439
-26.1772,-50.3900,55016
-29.9178,-51.1836,328291
-31.3950,-52.6756,49680
-29.3562,-50.8136,48946
-22.7464,-50.3869,29449
-24.5669,-51.3333,15244
-29.6692,-52.7889,28906
-12.6678,-38.5506,72382
-15.6750,-38.9472,32683
-11.6847,-41.7689,24206
-11.3448,-41.6632,24854
-20.4167,-54.0667,22806
-27.4017,-51.2250,36932
-21.2350,-45.7586,26105
-22.7394,-45.5914,52405
-13.0367,-46.7717,18108
-21.7523,-41.3304,511168
-25.4530,-52.9046,30738
-24.0431,-52.3793,99432
-25.3686,-49.4514,30160
-23.6363,-46.7657,236162
-23.2055,-46.7838,77632
-25.4596,-49.5301,136327
-20.4428,-54.6464,906092
-10.5075,-40.3214,71377
-10.7333,-37.4933,18149
-29.6789,-51.0533,62886
-20.8972,-45.2772,52277
-19.5379,-49.4881,18011
-22.9056,-47.0608,1031554
-25.3056,-49.0553,47825
-24.5917,-52.7989,15723
-21.7111,-46.2464,20696
-21.8361,-45.4006,15935
-22.6122,-46.0575,29536
-21.5753,-41.9111,15070
-27.0253,-48.6544,85105
-23.2758,-51.2783,107208
-23.0464,-50.0736,23212
-30.8511,-51.8122,62200
-22.7553,-46.1447,26097
-13.9470,-39.1026,30469
-12.6975,-38.3242,188758
-15.4192,-39.4958,22579
-17.7443,-48.6279,98622
-21.2753,-47.3042,23830
-24.7361,-48.1228,28515
-23.3561,-46.8769,92689
-13.4869,-39.0439,17761
-23.3642,-46.7406,102775
-16.9567,-51.8103,16513
-24.6178,-53.3200,18997
-21.8025,-49.6100,16654
-11.6936,-41.4683,17466
-14.0694,-42.4750,52012
-19.8800,-43.6697,38776
-14.5033,-42.2222,22462
-21.5294,-46.6439,17101
-20.8489,-41.1128,187019
-29.9511,-51.0939,136258
-22.4625,-42.6531,59837
-22.6650,-45.0094,31564
-30.0392,-52.8939,80070
-12.6014,-38.9658,33567
-16.0706,-57.6789,91626
-30.5144,-53.4850,32515
-23.1008,-45.7069,96202
-26.7753,-51.0150,73720
-23.3075,-47.1328,47011
-22.8872,-42.0262,238166
-12.6004,-39.0418,20605
-12.5356,-39.1908,16559
-30.1197,-51.9622,19084
-17.3511,-44.9622,23910
-15.6178,-46.4233,24030
-10.7078,-43.6306,19589
-21.0661,-50.1472,17210
-23.7975,-48.5928,20250
-11.1469,-37.6206,24636
-27.0980,-48.9128,141385
-14.2036,-41.6653,70510
-20.1433,-44.1997,38915
-22.2842,-48.1267,23898
-20.9914,-47.6586,25201
-15.6794,-48.1967,55561
-16.2064,-44.4333,32025
-15.7797,-47.9297,2207718
-23.5500,-46.6167,38750
-22.9527,-46.5442,176811
-28.2750,-49.1656,33773
-22.8858,-48.4450,148130
-22.6331,-47.0556,15094
-22.2742,-46.1653,17404
-12.8231,-42.7306,19322
-21.1211,-56.4819,23659
-11.9694,-41.2658,15844
-21.0331,-44.7581,17151
-23.5251,-46.6389,33520
-23.1350,-46.4653,22006
-21.1339,-41.6797,37172
-13.2550,-43.4181,65550
-18.2205,-49.7299,23958
-22.1519,-42.4194,29736
-19.7364,-45.2522,51737
-23.2833,-47.6722,62170
-17.1078,-43.8150,48032
-21.0900,-45.5658,39848
-26.9194,-49.0661,361855
-26.1614,-51.5525,15533
-11.6167,-38.8000,15146
-23.5725,-46.0386,29683
-21.2886,-50.3400,102277
-27.4942,-48.6556,76773
-19.9678,-44.1983,384000
-23.8544,-46.1386,64723
-29.1714,-51.5192,123151
-19.2200,-42.4836,23928
-19.9208,-43.9378,2721564
-15.0383,-41.2597,18412
-15.8613,-38.8798,20121
-22.7642,-43.3994,466096
-16.9728,-48.9533,34445
-22.1081,-56.5325,21613
-20.9494,-48.4792,76373
-22.3147,-49.0606,379297
-20.8911,-47.5850,58402
-21.7142,-52.4222,23031
-21.9219,-50.7339,21503
-23.5106,-46.8761,316473
-21.1869,-43.9758,20080
-11.5283,-39.0764,15203
-21.1936,-48.1639,32092
-20.5572,-48.5678,122485
-15.6153,-43.5919,18167
-12.1528,-44.9900,159734
-26.6322,-48.6847,45369
-22.5442,-44.1714,164052
-10.9089,-37.0386,41511
-22.4700,-43.8256,98501
-15.8900,-52.2567,72694
-15.0725,-57.1811,29576
-18.7550,-40.8908,42498
-13.6261,-41.3269,26026
-14.8811,-40.5794,36539
-22.4947,-48.5581,34346
-11.0894,-43.1417,51092
-22.0744,-48.7403,31595
-21.2258,-43.7736,125317
-19.9458,-43.4872,30778
-23.1100,-50.3675,31273
-20.0064,-45.9769,23546
-28.8321,-49.2366,15981
-26.9906,-48.6347,139155
-19.5189,-41.0158,30674
-11.9597,-40.1681,18220
-31.3314,-54.1069,98940
-21.9589,-44.8900,18366
-20.9181,-49.4453,27260
-23.0986,-48.9258,96098
-23.1169,-46.5503,144088
-23.2325,-51.6656,25475
-22.6617,-50.4122,105087
-23.3961,-46.3208,91157
-22.5731,-47.1725,53157
-32.2375,-53.0869,17558
-28.9869,-49.4173,15820
-29.4011,-51.9450,21958
-22.9661,-42.0278,32794
-22.7469,-41.8817,42442
-15.9169,-46.1056,17272
-10.7578,-37.3153,18081
-20.2819,-45.5394,41416
-19.5933,-46.9406,111691
-25.5931,-49.4103,151666
-22.8728,-42.3431,137773
-22.3569,-47.3842,135331
-21.7944,-48.1756,168468
-28.9357,-49.4954,71922
-26.3700,-48.7222,45283
-24.1578,-49.8267,25777
-23.4194,-51.4244,119138
-18.6472,-48.1872,117808
-15.8975,-52.2508,18390
-16.8497,-42.0703,34297
-19.8203,-40.2733,94765
-23.5053,-47.6142,33656
-11.3333,-38.9667,48294
-21.2089,-50.4328,170024
-23.4386,-47.0614,22168
-10.9111,-37.0717,664908
-20.4711,-55.7872,48561
-10.2814,-37.0186,20131
-23.5508,-51.4608,130134
-11.6603,-38.0814,15922
-24.5094,-48.8425,24886
-20.0867,-51.0936,27674
-22.8469,-45.2297,33223
-25.4286,-48.7119,18091
-16.4611,-49.9617,18503
-23.0067,-44.3181,179120
-23.4897,-48.4128,24512
-20.8961,-51.3794,61473
-22.0681,-46.5692,40553
-10.3447,-39.8356,15012
-23.0506,-50.2289,19878
-20.8058,-40.6456,29984
-20.4836,-55.8069,24114
-16.3267,-48.9528,319587
-14.6122,-41.1356,25438
-25.9150,-53.4728,19620
-22.7011,-46.7644,72677
-21.7244,-48.1017,33757
-22.7392,-47.3314,246655
-11.4553,-41.4361,15137
-13.0303,-39.6047,36521
-23.1042,-55.2258,39325
-20.1067,-43.0489,15059
-22.0794,-51.4719,28250
-23.8744,-53.9017,18742
-17.3147,-53.2153,17657
-21.0256,-47.3739,17156
-20.8636,-46.3881,18300
-25.3247,-49.3100,119825
-16.1836,-40.6944,40364
-13.4529,-39.4208,27734
-21.4292,-45.9472,78970
-21.8878,-42.7044,30717
-29.7831,-55.7919,72409
-20.7636,-41.5331,29177
-17.5194,-39.1956,24530
-12.1356,-38.4192,122688
-19.4958,-41.0639,25269
-22.4692,-48.9875,37680
-29.6453,-53.2400,16041
-17.0822,-40.9358,18448
-22.4764,-46.6328,18245
-20.4333,-45.1667,80484
-22.0594,-46.9786,32888
-20.4481,-52.8781,16741
-20.0742,-41.1239,30684
-21.6853,-51.0725,35642
-26.5647,-52.3283,17392
-19.1600,-45.4458,22675
-22.9844,-43.2231,37709
-30.1139,-51.3250,92924
-13.6631,-59.7858,18461
-10.1675,-48.3277,306296
-27.1518,-48.4894,25058
-25.6736,-48.5111,30426
-10.7936,-49.6236,16312
-10.1761,-48.8667,55164
-22.7664,-43.6914,26371
-2.9900,-65.1083,15278
-2.8731,-67.8022,20224
-3.3684,-64.7205,79278
-8.9411,-72.7917,17093
-8.1614,-70.7656,43467
-5.6283,-63.1833,20501
-4.2312,-69.9386,72283
-9.0634,-68.6724,41343
-3.3783,-68.8725,35196
-0.1181,-67.0853,56406
-3.1022,-67.9397,30448
-9.9747,-67.8100,419452
-8.7619,-63.9039,548952
-9.5883,-67.5325,16693
-7.7136,-66.9764,20232
-5.1206,-60.3797,24987
-2.6214,-60.9442,16467
-5.8092,-61.3003,57758
-7.6142,-72.8958,19294
-3.1019,-60.0250,2219580
-3.2997,-60.6206,110691
-7.2644,-64.7964,48927
-7.0506,-71.6947,25458
-7.5165,-63.0311,62312
-2.5139,-66.0917,16060
-8.1654,-70.3549,35426
-6.6603,-69.8736,35534
-7.6276,-72.6776,91888
-3.8367,-62.0569,24451
-4.0850,-63.1414,73820
-4.8828,-66.8958,30892
1.8161,-61.1281,20957
-6.5339,-64.3831,17885
-8.7522,-67.3978,38246
2.8197,-60.6733,419652
-3.8983,-61.3731,22136
-4.3755,-70.0318,40509
-0.9736,-62.9269,18626
-4.3665,-70.1919,15892
-9.9133,-63.0408,96833
-3.7728,-61.6442,17932
-3.2208,-64.8042,16670
-3.2847,-60.1861,67114
-2.0344,-60.0250,33004
-3.7681,-60.3692,32442
-3.4281,-60.4594,17009
-10.6517,-68.5044,18243
-12.7406,-60.1458,95832
-10.1497,-67.7374,23236
-11.1753,-61.9014,19327
-13.0827,-62.2773,37949
-10.3353,-67.1856,16560
-11.6725,-61.1936,35079
-10.7481,-62.2158,35044
-10.8853,-61.9517,124333
-10.4389,-62.4664,50591
-10.7836,-65.3355,39387
-11.5247,-61.0128,29414
-11.4386,-61.4472,86887
-11.0161,-68.7481,26000
-16.7572,-49.4375,19128
-4.9467,-47.5047,106550
-17.3956,-50.3769,21568
-6.7911,-50.4669,18080
-14.0500,-52.1586,31314
-15.7619,-48.2817,225693
-4.6278,-43.4706,23286
-16.0822,-48.5072,27008
-11.9681,-61.9542,21494
2.8958,-61.4975,21096
-4.2128,-44.4464,24048
-3.6707,-45.8475,25710
-9.7228,-63.3102,16320
-23.5350,-47.2619,17591
-3.4722,-51.1978,31850
-16.8233,-49.2439,510770
-7.1972,-59.8914,21735
-4.8858,-46.0050,25517
-10.1765,-59.4491,26010
-24.4200,-53.5214,36808
-2.1339,-47.5589,23774
-2.9708,-44.3156,16966
-29.1567,-49.5794,15669
-5.3097,-38.9206,17195
-4.4835,-46.8533,28599
-5.0514,-48.6089,18005
-4.0009,-49.5068,45712
-10.2117,-63.8286,27992
-1.7597,-46.5450,19630
-27.5944,-48.6069,20000
-13.6753,-57.8919,50033
-15.5467,-55.1689,47831
-6.5239,-49.8517,77079
-13.5522,-52.2683,27657
-8.8097,-63.6956,22310
-15.5050,-41.2392,25247
2.6103,-60.5975,18682
-28.4447,-48.9578,23975
-13.1889,-60.8122,15890
-18.7942,-52.6228,30993
-15.7944,-48.7758,25016
-10.8178,-55.4508,32010
-9.4092,-59.0250,26090
-13.1167,-60.5417,15663
-2.0017,-47.9497,26881
-10.6439,-51.5689,37541
-10.2842,-37.9264,17056
-18.5439,-53.1292,26037
-6.1017,-49.5981,19950
-4.2850,-47.5050,58484
-8.4472,-40.7711,17749
-30.0839,-51.6161,39559
-6.1042,-49.3553,28192
-11.0289,-68.7414,18757
-23.4947,-46.4739,112333
-9.3903,-36.7600,15701
-22.3742,-54.5139,20609
-25.6575,-49.3081,148873
-7.5536,-49.7125,17898
-27.0261,-50.9214,33481
-1.9342,-47.0525,24703
-3.8425,-49.0969,26362
-27.3147,-48.5592,16915
-2.1258,-45.8853,23128
-27.0860,-48.9676,24543
-27.1936,-51.4947,21724
-29.9753,-50.1281,26824
-17.1381,-49.9881,17061
-2.5578,-47.4950,30329
-16.5750,-39.5533,28165
-23.5031,-46.3857,205295
-16.5617,-41.5033,19151
-23.4744,-54.1850,19423
-12.7119,-39.6981,15737
-4.4497,-47.5256,22513
-8.1128,-35.0147,644037
-15.3383,-43.6744,37660
-5.3714,-45.6364,17076
-2.8950,-40.4492,25555
-11.2550,-57.5197,35899
-11.4205,-58.7549,47800
-15.3233,-58.0036,27511
-0.8260,-52.5060,35114
-12.8944,-38.3272,203331
-9.4439,-61.9814,30707
-2.0464,-47.5506,34353
-1.8530,-65.5743,15843
-20.0564,-44.1883,15900
-1.3553,-48.3419,111785
-3.6322,-44.5558,17432
-10.1693,-54.9344,21415
-3.4461,-52.8889,27094
-13.5331,-48.2200,27075
2.4399,-60.9115,18095
-2.6833,-54.6428,23501
-21.4658,-54.3839,21822
-22.2333,-53.3431,48563
-2.2678,-46.9675,20478
-10.4019,-65.3267,25444
-13.8289,-56.0822,61223
-16.0592,-48.0394,103804
-7.1478,-55.3811,33638
-4.3306,-49.7964,60732
-6.7547,-51.0839,32467
-3.8378,-50.6375,41097
4.4314,-61.1464,19305
-2.5322,-44.1075,145643
-2.6453,-44.8950,21059
-14.4317,-54.0511,28228
-6.0675,-49.9022,267836
-16.6231,-54.4739,18722
-18.0303,-40.1506,21522
-2.9724,-45.3513,24320
-10.2231,-54.9797,33599
-8.9792,-38.2194,34161
-25.4447,-49.1925,117000
-18.3703,-40.2133,23915
-3.8678,-54.2200,18668
-14.6697,-40.4711,23334
-22.8428,-45.2514,20392
-2.5914,-45.3642,17511
-12.5969,-52.1997,29820
-25.8725,-49.4978,18398
-2.4231,-44.1033,30839
-8.0286,-50.0314,85597
-21.9758,-51.6514,17963
-7.3106,-50.0483,18384
-2.6980,-59.7017,25723
-11.8036,-61.8033,56406
-4.7761,-48.0672,53143
0.9461,-60.4181,32647
-22.5797,-53.0592,17440
-4.0956,-54.9103,35769
-25.7839,-53.3086,15223
-1.2236,-48.2944,21087
-3.9633,-45.6583,57635
-1.5236,-46.8975,20370
-20.0275,-40.7434,41636
-25.4400,-54.4016,24262
-9.3350,-50.3500,32413
-15.9397,-48.2550,72127
-5.5378,-48.7333,21092
-13.4006,-44.1947,15194
-21.3019,-40.9614,47368
-12.0522,-63.5675,16286
-19.3953,-54.5664,29579
-5.1139,-43.8100,16889
-15.6214,-58.1764,17830
-4.3788,-44.6711,18153
-23.6058,-46.4789,155682
-11.6936,-62.7114,21635
-23.5956,-46.5247,266715
-9.7458,-41.8853,38154
-12.7844,-38.4039,114559
-11.8642,-55.5025,216029
-5.8781,-46.6992,17074
-19.1969,-40.0978,26502
-12.5453,-55.7114,120985
-12.0886,-41.6378,17054
-2.9472,-48.9531,72493
-14.6194,-57.4858,112547
-4.5744,-55.9436,15242
-18.2064,-45.2417,28895
-4.5719,-44.6208,22484
-6.7475,-51.1611,39550
-24.5453,-52.9878,24749
-3.7419,-47.4947,37972
-3.7175,-53.7367,43558
-16.0658,-47.9786,198861
-23.6033,-47.0264,50415
-10.0117,-51.1164,19827
-2.8800,-52.0100,15607
-29.8008,-50.0436,16463
-7.0983,-49.9435,52893
-3.2747,-45.6583,40801
-24.1567,-54.0969,18119
-15.8333,-48.0551,193367
-22.9983,-43.3655,39403
-23.5373,-46.5666,98601
-23.5524,-46.6574,53249
-22.9889,-43.2493,24543
-22.9948,-43.2399,15112
-22.9182,-43.2040,23260
-22.9254,-43.1814,22295
-23.4898,-46.7322,179724
-23.4928,-46.6692,82373
-23.4717,-46.5792,29968
-23.5667,-46.6644,83667
-22.9177,-43.1881,35873
-27.5861,-48.5234,15100
-27.7177,-48.5627,21000
-4.1387,-45.1188,17919
-9.9097,-36.3561,39161
-15.6757,-58.0902,27511
-17.0104,-46.0085,15020
-23.4903,-46.6387,115689
-5.7451,-47.3640,18411
-3.3071,-52.5386,24718
-15.8550,-48.1243,101866
-23.5858,-46.6824,101452
-15.8101,-48.0308,96871
-23.5952,-46.6645,81899
-13.6414,-41.8432,43903
-15.6179,-47.6487,189412
-12.0909,-45.7850,107909
-13.5421,-58.8201,31499
-23.7698,-46.6711,384873
-23.5402,-46.4858,104864
-23.4309,-46.7929,75360
-23.7258,-46.7024,182459
-23.6688,-46.7805,270767
-23.5010,-46.6574,80536
-23.6128,-46.4267,149700
-23.5947,-46.5436,138038
-23.6853,-46.7137,38051
-23.5714,-46.7589,131631
-23.5511,-46.5383,84397
-23.5668,-46.5719,85788
-23.5476,-46.7120,37359
-23.5620,-46.4913,136660
-23.5738,-46.5156,89574
-23.4601,-46.5749,94609
-23.5110,-46.7471,24730
-23.5336,-46.4087,164391
-23.6505,-46.6459,214958
-23.5674,-46.4326,128243
-23.6738,-46.6568,249218
-23.5212,-46.6741,33436
-23.5376,-46.5948,55785
-23.4486,-46.6884,243273
-23.5702,-46.7263,123748
-23.6746,-46.6875,115925
-23.4970,-46.5204,141172
-23.5644,-46.6170,45163
-23.6281,-46.6679,71058
-23.6314,-46.6207,103171
-23.5614,-46.5964,80880
-23.5925,-46.5728,105590
-23.5963,-46.7080,51715
-23.7067,-46.6498,163586
-23.4595,-46.6409,103665
-23.4544,-46.6621,143366
-23.7164,-46.7687,311432
-23.5272,-46.6175,17359
-23.5679,-46.5460,92186
-23.5092,-46.6058,52587
-23.5026,-46.4616,134189
-23.5394,-46.5179,103558
-23.4887,-46.5776,114839
-23.5318,-46.6529,80972
-23.5759,-46.4630,74677
-23.5387,-46.6809,102391
-23.5157,-46.4937,89881
-23.5924,-46.7856,117738
-23.4934,-46.7476,88884
-23.5477,-46.6315,23832
-23.5293,-46.7344,46875
-23.5438,-46.7487,55382
-23.5848,-46.4008,192177
-23.5609,-46.6476,60024
-23.4837,-46.4131,129409
-23.6807,-46.7394,259377
-23.5448,-46.6410,60720
-23.6308,-46.5982,261436
-23.6282,-46.4539,148145
-23.6262,-46.7283,168669
-23.5100,-46.4157,140673
-22.4231,-42.9661,20424
-23.6093,-46.6230,128469
-23.3684,-46.3110,117691
-23.4060,-46.3161,69630
-15.8015,-47.9271,44354
-15.8458,-47.8837,26244
-15.7494,-47.7686,65408
-15.7395,-47.8569,41778
-15.8653,-47.8148,77767
-15.6336,-47.8348,82785
-16.0310,-48.0293,116622
-15.8981,-48.0467,105210
-15.8838,-48.0163,39552
-15.8823,-48.1043,218840
-15.8397,-48.0267,128486
-15.7822,-47.9882,36042
-15.9085,-47.9405,22289
-15.7907,-47.9371,25741
-1.5282,-45.0786,17519
-2.1409,-46.1239,16267
-2.2203,-45.3064,31638
-3.5428,-45.6085,33100
-2.5439,-45.7755,24307
-4.3212,-46.4547,55499
-12.7371,-56.5136,15272
-9.9505,-54.9082,31328
-14.5411,-52.7951,15713
-12.1201,-58.0027,17496
-16.1097,-47.9326,91767
-19.7003,-43.9602,26090
-15.9029,-47.7761,98612
-15.9086,-48.0645,115550
-13.5423,-43.5797,34222
-15.7941,-47.8825,198697
25.0582,-77.3431,227940
26.5333,-78.6667,46525
25.0500,-77.4167,17679
26.5333,-78.7000,26910
27.4661,89.6419,98676
27.5914,89.8774,21500
26.8516,89.3884,27658
27.0219,90.1229,22376
-21.4424,27.4615,23296
-24.6686,25.9711,55508
-24.6701,25.5398,25300
-22.3875,26.7108,55676
-21.9790,27.8430,42488
-24.8716,25.8699,33271
-22.5461,27.1251,52636
-24.7718,25.4216,23858
-24.4066,25.4951,74861
-24.6269,25.8656,88004
-24.4167,26.1500,50321
-19.9833,23.4167,85350
-23.1041,26.8142,48431
-25.2244,25.6773,29772
-21.4149,25.5926,36404
-24.9668,25.3327,48028
-25.4167,25.5500,16853
-21.6978,21.6458,19012
-24.6545,25.9086,246325
-24.6667,25.7822,20027
-21.1700,27.5078,103417
-21.9655,28.4363,21216
-24.5669,25.8742,25460
-20.4943,27.0348,18582
-24.6017,24.7281,18784
54.0985,28.3331,63744
52.8926,30.0240,76844
52.2168,27.8561,15950
54.0114,27.2695,17404
55.1904,30.2049,358395
54.4914,26.9111,26625
53.1561,24.4513,47300
52.6329,29.7389,62602
53.4799,26.7351,17737
54.4798,26.3957,35422
54.0249,28.0894,22679
53.0152,27.5416,60056
53.0875,25.3171,48907
53.6014,24.7465,15371
52.7898,27.5358,97818
53.0926,30.0486,31821
52.3617,30.3916,65213
52.5546,24.4548,18994
55.4879,28.7856,79579
52.1215,26.0673,124295
55.1168,26.8326,18618
54.6138,25.9554,15116
53.3059,28.6287,29103
54.5136,30.4036,102759
53.2219,26.6768,15968
55.5262,28.5931,95717
53.5942,25.8191,27936
53.9002,27.5665,1742124
52.0416,29.2163,105152
53.5090,28.1470,20096
54.3167,26.8540,89068
53.9088,30.3404,353110
54.8814,28.6990,17400
52.2486,26.8006,23592
54.2064,27.8512,15565
53.8833,25.2997,103916
53.7192,31.7136,23264
53.9440,27.7823,17000
52.2117,24.3563,52635
53.6049,31.9563,15020
52.1323,29.3257,36941
52.7079,25.3351,22377
52.1472,25.5320,16172
53.6758,23.8289,361115
54.2861,30.9860,28961
52.4345,30.9754,501102
55.1393,27.6914,17746
53.6848,27.1317,29796
52.4147,31.3143,18083
53.5213,30.2308,16349
52.5313,24.9782,28376
52.1089,23.7175,344470
54.2279,28.5050,135696
53.1325,26.0077,171361
53.1464,29.2055,207351
54.4181,25.9373,16787
53.7500,27.3334,18252
17.9160,-87.9659,17429
18.0812,-88.5633,15298
17.2538,-88.7640,13381
17.4995,-88.1976,65222
49.0580,-122.2526,141397
43.8042,-79.2753,29113
45.5667,-73.6667,135336
51.3001,-114.0353,90044
43.8501,-79.0329,119677
44.1501,-79.8663,18809
48.5501,-71.6491,29526
45.3864,-75.6581,24726
48.5669,-78.1162,17918
49.2497,-123.1693,15295
44.6359,-63.6264,16502
44.0001,-79.4663,55445
49.2168,-68.1489,21536
44.4001,-79.6663,147829
43.7764,-79.3803,21396
45.4334,-73.8659,19194
44.7255,-63.6673,21474
44.1668,-77.3828,50716
45.5684,-73.2057,18927
43.7668,-79.2533,29960
45.6668,-73.8825,46493
45.6168,-73.8325,26483
43.8795,-79.7379,26795
45.5910,-73.4360,39062
43.9168,-78.6829,39371
45.0334,-79.3163,16010
43.6834,-79.7663,656480
49.8469,-99.9531,48859
43.1334,-80.3497,34415
43.1334,-80.2664,104688
49.1667,-123.1333,62855
49.1500,-123.1333,23050
50.7082,-120.4134,16713
44.5913,-75.6870,23886
43.9583,-78.9597,25000
45.4501,-73.4658,69575
43.3862,-79.8371,186948
49.2664,-122.9526,249125
43.8654,-79.9932,76581
51.0501,-114.0853,1306784
43.3601,-80.3127,129920
50.0163,-125.2446,33430
53.0168,-112.8353,20405
45.3834,-73.5159,15947
49.2500,-122.8833,22780
45.5312,-73.7036,34667
48.5663,-123.4193,17385
45.4153,-75.6964,25687
45.4501,-73.2825,22608
46.2346,-63.1256,38809
45.3834,-73.7492,42786
42.4122,-82.1849,43550
51.0334,-113.8187,32255
49.1664,-121.9526,101491
45.5333,-73.7500,94030
45.5501,-75.2910,20790
43.7219,-79.2309,15935
49.1080,-122.7276,73355
43.9598,-78.1651,18099
51.1834,-114.4687,32199
44.4834,-80.2164,21793
48.4329,-123.4859,16859
47.4999,-52.9981,27168
49.2846,-122.7822,148625
48.9500,-57.9520,19316
45.0181,-74.7281,48821
45.4654,-73.6659,31395
49.6866,-124.9936,25599
51.1687,-114.0590,17350
49.4999,-115.7688,20047
44.6713,-63.5772,101343
49.1440,-122.9068,101668
45.5346,-73.9017,17402
46.0784,-64.6873,27304
45.4945,-73.8242,48930
43.7539,-79.2822,25003
45.4473,-73.7533,18980
45.8834,-72.4824,59489
48.7829,-123.7027,22199
45.5833,-73.6667,37460
44.1009,-79.4378,23991
51.1256,-114.1488,15225
53.5501,-113.4687,1010899
43.7525,-79.5442,15545
48.4357,-123.4117,17655
43.6442,-79.5699,365000
50.9292,-114.1000,20780
49.1667,-122.8000,65565
43.7181,-79.3322,21933
43.4194,-80.5233,15581
42.9001,-78.9329,30710
56.7268,-111.3810,66573
56.2499,-120.8529,21465
49.2000,-122.7833,25000
45.9454,-66.6656,63116
45.4772,-75.7016,300045
43.6501,-79.9163,44058
46.1970,-59.9570,16915
45.3500,-75.6333,150012
48.4833,-123.3167,21270
45.4001,-72.7324,66222
55.1667,-118.8027,70385
46.4900,-80.9900,166004
49.2774,-123.0708,29175
44.2501,-76.9494,15892
45.4865,-73.4622,16733
43.2001,-79.5663,27314
43.5459,-80.2560,143740
49.1917,-122.8000,64985
43.6403,-79.9315,62951
43.2501,-79.8496,569353
49.2167,-122.6000,21041
49.2833,-123.0333,34575
43.7695,-79.3524,15723
43.4334,-80.3164,18445
43.8049,-79.3544,16934
45.3334,-79.2163,19816
44.3001,-79.6496,43326
46.0164,-73.4236,34772
50.6665,-120.3192,104460
45.3001,-75.9161,90000
49.8831,-119.4857,144576
43.7227,-79.2605,17123
49.7674,-94.4899,15096
49.2500,-123.0667,49235
44.2501,-79.4663,21000
49.2259,-123.0428,29325
44.2298,-76.4810,132485
42.1001,-82.7331,22119
45.4501,-73.8659,20491
43.4254,-80.5112,256885
49.2667,-123.1667,43045
45.5001,-73.4659,17499
48.4496,-123.5026,46584
49.1011,-122.6588,132603
45.4168,-73.4992,23357
42.2448,-83.0610,32721
45.8232,-73.4294,15906
45.5699,-73.6920,438366
45.5564,-73.7001,36933
42.0501,-82.5998,32991
53.2668,-113.5520,15561
45.2834,-74.2325,17396
49.7000,-112.8186,103197
44.3501,-78.7329,20354
53.2724,-110.0226,31582
42.9834,-81.2330,422324
45.5152,-73.4682,229330
49.3141,-123.0725,19718
46.1354,-64.9050,16311
45.2668,-72.1491,15550
49.2384,-122.8668,15837
43.8094,-79.2234,43794
49.2194,-122.6019,82256
43.8668,-79.2663,338503
45.7497,-73.5996,34626
50.9134,-113.9674,17505
50.0393,-110.6766,63138
49.2250,-123.0000,52355
44.7501,-79.8830,24353
43.8250,-79.2987,26572
43.5168,-79.8829,132979
43.6162,-79.5127,33964
45.6501,-74.0825,34626
47.0290,-65.5019,17537
49.1330,-122.3026,41519
43.5789,-79.6583,717961
46.0945,-64.7965,86106
45.5088,-73.5878,1762949
45.5168,-73.6492,18933
45.5652,-73.1868,15720
50.4001,-105.5345,33890
47.5166,-52.7814,22477
49.2667,-123.1000,33000
49.1664,-123.9400,90504
45.3362,-75.7225,180000
45.5834,-62.6486,18665
44.0501,-79.4663,91034
49.1333,-122.8500,159390
49.2068,-122.9109,78916
43.1001,-79.0663,99818
43.2565,-79.0853,17511
42.8334,-80.3830,60847
52.7797,-108.2967,19440
46.3168,-79.4663,50396
48.8413,-123.6860,29676
49.1667,-122.9167,60769
49.3164,-123.0693,88168
45.4768,-73.6143,68152
48.4496,-123.3026,18015
43.4501,-79.6829,213759
43.6828,-79.4383,21210
49.8167,-119.4833,38374
50.7289,-113.9828,30214
53.5431,-113.5222,18180
43.9168,-80.0997,30734
44.6087,-79.4207,31166
43.9001,-78.8496,175383
45.4112,-75.6981,1017449
45.3921,-75.6873,125090
44.5672,-80.9435,21341
51.1529,-114.0810,25535
47.5291,-52.8814,22957
49.4806,-119.5858,33761
45.8945,-77.2801,17187
44.3001,-78.3162,85807
43.9001,-79.1329,91771
45.4599,-73.8928,59093
49.2212,-122.6897,18573
45.4487,-73.8167,30161
49.2413,-124.8028,20712
42.9001,-79.2329,18306
49.2664,-122.7693,58000
49.2812,-122.8246,27512
53.2001,-105.7677,35102
44.0001,-77.2495,25496
53.9166,-122.7530,78943
44.1834,-77.5662,43577
45.4213,-65.9513,18768
52.2668,-113.8020,100844
50.4501,-104.6178,226404
49.2450,-123.0376,51530
45.7422,-73.4501,84965
49.1700,-123.1368,209937
43.8711,-79.4373,202022
46.0545,-64.8160,20584
45.3570,-71.9968,35500
43.8041,-79.1657,46496
48.2366,-79.0231,23504
49.8998,-119.3857,34800
48.5496,-123.3693,117735
51.1326,-113.9468,24365
48.4168,-71.0657,148886
45.5334,-73.2825,15605
45.5334,-73.3492,24388
46.0501,-73.4659,15285
45.3668,-73.5659,27359
45.4001,-73.5825,16762
46.3184,-72.5663,16211
45.5834,-73.3325,29019
45.6392,-73.8276,25224
45.5650,-73.9055,42062
45.5001,-73.4158,82548
45.6308,-72.9570,50326
45.3071,-73.2626,98036
45.7804,-74.0036,54948
45.2708,-66.0562,71808
45.2594,-66.0778,15255
45.5001,-73.6659,98828
45.4001,-74.1326,19889
45.5877,-73.5950,79495
45.8501,-73.7659,17463
45.7020,-73.7867,119944
45.5676,-73.6217,56420
45.6168,-73.6492,15194
45.2501,-74.1325,42787
50.6998,-119.2691,19432
42.9787,-82.4041,72125
52.1324,-106.6689,266141
46.5168,-84.3333,72051
43.7390,-79.2212,16724
49.1500,-123.1833,16070
50.2001,-66.3821,28534
46.5667,-72.7491,38211
45.4001,-71.8991,129447
53.5168,-113.3187,70618
46.0418,-73.1136,41629
49.0500,-122.7917,77170
53.5334,-113.9187,38985
49.6992,-123.1563,23819
53.6334,-113.6353,57719
43.1713,-79.2427,136803
43.8120,-79.3308,24623
49.5258,-96.6845,15829
45.2501,-75.9161,40889
43.2168,-79.7663,76382
53.5334,-114.0020,17993
43.9668,-79.2496,36753
43.3668,-80.9497,31465
42.9551,-81.6223,23871
49.1333,-122.8833,41000
42.7736,-81.1804,38909
49.1063,-122.8251,568322
50.2834,-107.8013,16604
52.3110,-114.0837,17477
43.7798,-79.2950,27446
51.1183,-113.9368,17630
42.3160,-82.8840,23229
45.4939,-75.5883,20000
54.5163,-128.6035,19443
45.7000,-73.6473,111575
43.6737,-79.2954,21567
43.1168,-79.1996,18801
48.3820,-89.2502,108843
42.8599,-80.7262,18615
48.4669,-81.3331,41788
43.7064,-79.3986,2794356
46.3451,-72.5477,144472
49.0167,-123.0833,21588
51.1243,-114.2449,19700
44.1001,-79.1163,21176
45.5984,-73.6754,40974
48.0974,-77.7974,25541
49.2497,-123.1193,662248
45.4399,-75.6650,17000
45.6834,-73.4325,20994
45.4001,-74.0325,25789
43.8361,-79.4983,323103
49.1000,-121.9667,22620
45.4601,-73.5706,69229
50.2673,-119.2734,40116
48.4359,-123.3516,289625
49.2167,-123.0667,31065
46.0501,-71.9658,34426
44.5168,-80.0164,20675
43.3334,-79.8829,24400
43.4668,-80.5164,104986
42.9834,-79.2496,52293
49.2833,-123.1333,47200
43.7674,-79.1795,27392
45.4834,-73.5992,20494
43.7036,-79.5151,17992
49.1792,-122.8667,102555
43.8834,-78.9329,138501
44.0001,-79.3163,49864
60.7161,-135.0538,28201
49.0205,-122.7951,23670
42.3001,-83.0165,229660
49.8844,-97.1470,749607
43.7666,-79.2277,53485
44.6775,-63.5273,20000
43.1334,-80.7497,40404
62.4541,-114.3725,20340
51.2167,-102.4677,16343
44.6427,-63.5769,471559
47.5649,-52.7093,110525
46.8588,-71.1920,81425
46.8990,-71.3050,82870
46.7814,-71.2922,111300
46.8123,-71.2145,531902
46.8033,-71.1779,143414
48.4488,-68.5240,42240
47.8270,-69.5424,18586
46.1351,-60.1831,105968
45.4002,-75.8064,56542
46.7939,-71.3519,16516
47.3737,-68.3251,16580
46.1135,-70.6653,31173
45.4276,-75.7106,63702
45.5856,-75.4208,16685
46.0937,-71.3054,25704
44.6724,-63.4751,19096
49.8625,-119.5833,28793
48.4165,-71.2488,54842
46.7406,-71.4513,17281
49.0894,-123.0824,23016
49.1271,-123.1814,25220
49.1647,-122.6404,25683
49.1262,-122.6800,31305
51.1640,-114.1230,18710
43.6550,-79.3715,20506
43.6563,-79.4745,22162
50.8885,-113.9814,20850
50.8879,-113.9593,18090
51.0395,-114.0709,25880
43.6466,-79.4296,15559
43.6446,-79.4071,31180
43.6479,-79.4085,16556
43.7873,-79.2064,17455
43.7392,-79.2458,22776
43.7861,-79.3350,15818
43.7060,-80.3776,20767
43.2181,-79.9872,40557
49.3286,-123.1602,45487
45.4573,-75.5043,125937
43.7667,-79.3991,79440
44.7760,-63.6786,51749
46.8903,-71.3722,88460
46.8544,-71.3419,37540
49.2778,-123.1279,62030
49.2800,-123.1056,24000
45.4756,-75.4840,25000
50.0088,-119.3967,15817
46.6450,-80.9973,17451
44.6483,-63.5776,25555
43.7657,-79.4889,27593
43.7550,-79.3302,34805
43.6367,-79.4393,21849
43.6493,-79.3357,27876
43.6696,-79.3752,18615
43.6339,-79.3772,65913
43.7162,-79.5964,33312
43.7377,-79.3497,27695
43.6947,-79.2651,22291
43.6335,-79.5433,43965
43.7044,-79.3934,29658
43.6580,-79.5804,18588
43.6657,-79.4385,36625
43.6709,-79.5225,15535
43.7915,-79.4059,16097
43.7858,-79.4314,23831
43.7957,-79.3141,43993
43.6950,-79.2959,15683
43.7543,-79.4248,16164
43.7172,-79.4060,15179
43.7038,-79.3661,16828
43.7469,-79.5873,32954
43.7049,-79.3849,16775
43.7712,-79.4276,16936
43.7649,-79.5220,21737
43.6748,-79.4944,22246
43.6828,-79.3797,20923
43.6355,-79.5011,25051
43.6895,-79.3314,17180
43.7563,-79.3790,17812
43.6716,-79.4040,30526
43.7077,-79.3500,21108
43.7285,-79.3149,17510
43.7486,-79.2986,27917
43.7788,-79.4524,26274
43.7706,-79.4015,50434
43.6836,-79.5542,22156
43.6596,-79.3790,31340
43.7013,-79.4856,17757
43.7068,-79.3122,18675
43.6536,-79.3972,17945
43.6575,-79.3857,25797
43.7887,-79.2656,23757
43.6842,-79.2994,21381
43.7204,-79.4374,22372
43.7315,-79.4202,23236
43.7648,-79.4561,15873
43.7420,-79.4463,16472
43.7136,-79.2814,26984
43.7833,-79.3536,27051
43.7333,-79.4905,35052
43.7456,-79.5135,30491
43.6451,-79.4679,23925
43.6990,-79.5479,22000
45.4939,-73.8956,19857
45.4498,-73.6015,30440
45.4859,-73.6310,32160
45.4676,-73.6006,15800
45.5237,-73.5963,23977
45.5295,-73.6318,33800
45.5156,-73.6086,23954
45.4455,-73.5816,29688
45.4603,-73.5482,20461
49.2630,-123.1321,33620
49.2422,-123.1884,21245
49.2136,-123.1298,27843
49.2210,-123.0955,36500
49.2430,-123.0932,22555
49.2139,-122.9399,22318
49.1553,-123.1571,18065
49.1854,-122.8466,33520
49.3046,-122.7934,19776
48.4277,-123.3610,46309
48.4721,-123.3948,18405
49.2481,-122.8924,15300
49.1474,-123.9474,8769
49.3257,-123.0723,18485
49.0621,-122.3601,21095
49.1643,-121.9591,31410
49.2602,-123.1395,24820
49.2818,-123.0935,18477
49.2642,-123.2390,16920
49.2222,-123.0059,19650
49.2717,-123.0619,80740
49.2603,-122.8381,15480
49.2770,-122.7967,24282
49.2570,-122.8788,25656
49.2545,-123.0316,20570
45.5283,-73.5808,105813
45.4990,-73.5705,104944
45.4719,-73.5899,86347
45.5719,-73.5463,142753
45.6016,-73.6306,86857
45.5019,-73.8417,73194
45.6406,-73.5846,113868
45.5366,-73.6069,146501
45.5587,-73.6054,144814
45.5372,-73.5077,135218
44.6293,-63.5765,19922
44.6486,-63.6195,22664
49.2624,-123.1002,32955
43.4267,-80.4515,15249
43.3473,-80.3019,15372
43.3948,-80.2874,17576
46.8289,-71.2264,108415
46.8185,-71.2720,77000
52.1000,-106.6371,72564
52.1304,-106.6723,36088
52.1085,-106.5903,51237
52.1443,-106.5787,51957
52.1391,-106.7036,70192
52.1643,-106.6388,34620
52.0845,-106.6227,16392
50.4331,-104.5360,33725
50.4543,-104.5467,18715
45.9759,-66.6412,28167
0.7675,24.4397,62082
3.0372,29.5355,47278
2.1484,27.9947,17373
-3.3953,29.1378,407092
-6.4162,20.7999,634529
-1.5739,29.0434,17151
-1.1867,29.4467,82680
-8.4660,28.9008,38298
-7.6981,29.7772,24767
-5.9561,28.0165,62565
-7.0091,23.4528,189177
-4.8519,21.5595,81267
-7.8349,26.9985,89340
1.9447,30.0386,45318
-7.0841,29.7368,81181
-6.2215,23.3925,79929
-6.1360,23.5898,2101332
-7.2986,27.3989,82465
-8.0448,26.7963,25430
-4.9750,23.4439,49376
-7.1618,23.7006,54676
-3.8688,23.8835,46534
-5.3522,21.4219,45443
-0.1584,29.2386,41722
-5.3877,25.7489,37818
-3.5210,23.6005,91409
2.1513,21.5167,117464
-5.3853,27.0003,86932
0.5153,25.1910,1181788
-1.0906,29.2925,52041
-8.2059,26.4204,46430
-2.9437,25.9224,234651
-0.6093,29.1725,51103
0.0893,29.3086,89352
-0.8254,29.3645,42105
-4.4274,26.6666,81629
-0.6998,29.1718,44146
-7.5167,24.1740,80043
-5.8962,22.4166,1247168
-3.5968,26.6671,37034
-8.7351,24.9980,200184
-5.4854,28.2160,72327
-5.9475,29.1947,160961
-6.1379,24.4818,219396
-5.9988,23.2539,44093
-2.4968,28.7908,37034
-6.0526,26.9143,81191
2.7739,27.6160,255409
-4.3311,20.5864,117245
-1.6741,29.2284,432587
4.2790,21.0028,73835
-6.7450,23.9533,208051
1.9193,30.5026,41409
-5.4957,22.2696,22263
0.1416,29.2912,286242
2.7858,24.7300,80751
3.3386,20.8858,48339
1.5594,30.2522,399282
2.1877,22.4683,154586
-2.4908,28.8428,816811
-9.2044,25.8547,105530
3.8146,23.6867,17860
-0.2816,20.8805,50794
2.3735,20.4977,96790
0.4911,29.4731,140731
1.2391,23.6160,76371
4.1263,27.3953,100575
0.1833,27.4833,81740
2.8622,30.8414,45516
2.7388,23.7833,61437
-10.9667,22.9000,116073
-12.4276,28.3468,34762
-10.3781,24.5452,44027
-11.6609,27.4794,2221925
-10.9830,26.7384,635768
-10.7148,25.4667,790248
-11.7610,27.2513,169635
-10.8735,26.5975,99884
-10.6177,26.3211,50100
4.3428,18.5945,48658
-4.9971,12.9484,64210
-2.7204,17.6900,62153
-3.0173,16.9224,61336
-5.9275,12.3715,128804
-5.2584,14.8584,142773
0.0486,18.2603,455011
-5.8386,13.4631,425662
-4.7755,17.8910,45775
-4.0233,19.5339,63713
3.6533,18.6357,37344
-2.7249,18.1476,56061
-4.3276,15.3136,16000000
-5.5615,14.4316,79539
-5.0410,18.8162,509367
-5.7652,13.6571,63317
-6.4783,16.8174,20060
-4.5833,15.1655,45400
-1.9275,18.2881,68852
-5.1312,15.0541,115317
-4.9659,19.5915,87882
3.2565,19.7723,197159
-3.6244,18.8494,41076
-4.1587,19.8619,55672
-4.5444,18.6036,81393
-5.8510,13.0536,297009
-2.1580,16.2325,47032
0.0000,18.2167,79648
1.2209,19.8021,41141
-3.3169,17.3806,202904
-4.3836,15.3914,485167
0.6978,29.5186,74502
-9.8170,22.8702,295683
-7.5816,30.2060,66378
0.6042,29.3100,55439
5.0314,25.1361,17829
8.4109,20.6473,27071
6.2679,21.2247,28319
6.5423,21.9863,47226
4.7413,22.8184,54059
5.7679,20.6757,83029
5.0267,21.2088,32588
5.3195,17.1011,21710
5.7180,19.0739,31986
7.2427,16.4406,47703
3.5249,16.0458,31923
3.8678,17.9892,21867
4.9934,19.9619,36575
6.9896,19.1874,55047
7.6994,18.6290,16279
6.3223,19.0792,19639
4.9427,15.8773,129032
6.3193,16.3799,20665
6.5073,18.2767,19320
5.9340,15.5960,71680
5.2667,17.6500,17203
6.4926,17.4552,55353
6.9853,15.6406,36418
4.0500,18.1167,16486
4.8005,18.1275,18090
4.2567,18.4158,348802
4.2612,15.7922,103713
4.4544,18.5347,264067
7.3008,18.2833,24119
5.6667,15.9667,18089
4.3612,18.5550,812407
5.7957,14.8280,33739
-3.6819,13.3498,33122
-4.7761,11.8635,1032000
-0.4819,15.8999,35698
1.6136,16.0517,40667
-2.9497,12.7042,19104
-1.2198,16.7992,21809
-3.9944,13.9272,18321
0.0069,15.6333,20550
-4.2961,13.8508,27726
-4.1162,13.0676,20391
-4.1983,12.6666,121000
-4.7561,11.8578,23204
-4.2186,13.7617,27512
-4.2049,13.2861,58737
1.6180,18.0598,48939
-1.8764,15.8644,26718
-2.5447,14.7533,15372
-4.2661,15.2832,1982000
3.0550,18.5172,16221
3.1028,18.5111,20985
1.4050,16.3183,15102
-1.1650,15.9700,20630
-4.1840,13.2859,103000
47.3667,8.5500,415367
47.1724,8.5175,30542
46.7785,6.6411,30157
47.5056,8.7241,111840
47.4615,9.0455,23955
47.3264,8.7978,24764
47.4661,8.3266,18191
46.4630,6.8434,19891
46.2170,6.0850,30086
47.3471,8.7209,34715
46.7512,7.6217,43723
46.7781,7.6325,15709
47.2079,7.5371,16777
46.2274,7.3556,34708
46.2919,7.5356,16790
47.4218,8.5478,17851
47.0208,8.6541,15181
47.6973,8.6349,36587
47.4239,9.3748,75833
46.5399,6.5881,20927
47.2256,8.8223,34776
46.5103,6.6618,16263
46.1840,6.1024,17302
47.3500,7.9033,18362
47.4082,8.5426,17922
46.3832,6.2396,16797
46.9918,6.9310,33475
47.5227,7.6451,16927
46.5113,6.4985,15705
46.4330,6.9114,25984
46.2545,6.9541,17777
46.2342,6.0803,19772
46.1028,7.0724,18301
47.0505,8.3064,81691
46.0101,8.9600,63185
46.1709,8.7995,15824
47.0500,8.2627,16121
46.5160,6.6328,139111
47.0999,6.8259,37942
47.0311,8.2855,25010
47.6505,9.1750,21997
46.9244,7.4146,41784
47.4515,8.5849,16289
47.2298,8.8388,17655
47.2598,8.5978,22662
47.4031,8.4971,17117
47.3862,9.2792,15744
47.1921,7.3959,15927
47.4155,9.2548,17043
46.2022,6.1457,201741
46.8024,7.1513,38365
47.5578,8.8989,25607
47.0782,8.2733,30926
47.1285,8.7474,15867
47.3972,8.6187,19882
47.4016,8.4002,20893
46.8499,9.5329,35373
47.1821,8.4636,16719
46.1810,6.1392,19344
47.0590,7.6279,16420
46.6180,7.0569,23438
47.5220,8.5405,20443
47.1371,7.2461,55120
46.9481,7.4474,121631
46.1928,9.0170,43220
47.5584,7.5733,177595
47.4733,8.3059,19340
47.1962,8.5295,20546
47.3775,8.5213,27273
47.5507,7.5360,18189
47.3100,8.5246,15230
47.3925,8.0442,21503
47.5788,7.6468,20000
47.3950,8.5253,15718
47.4181,8.5122,17241
47.3401,8.5313,16073
47.3738,8.5116,20977
47.3953,8.5372,20045
47.3740,8.4901,16480
47.3895,8.4853,28307
47.4949,8.7195,16182
47.4037,8.5761,28189
47.4765,8.7700,15434
47.3578,8.5030,46018
47.4233,8.5217,54260
47.3824,8.4799,44878
47.5169,8.7686,16356
47.4077,8.5005,36216
47.3376,8.5211,29215
47.3548,8.5610,15519
47.3733,8.5804,33820
47.3922,8.5438,29951
46.1898,6.1144,27291
47.4970,7.5917,19216
7.4303,-6.0505,44097
6.7623,-6.8638,15375
6.9194,-8.2065,29649
6.9765,-7.7983,25210
6.7952,-6.2355,27050
6.9893,-6.6667,17406
6.2102,-7.4828,63341
6.8205,-5.2767,275686
5.9388,-6.5983,26037
7.3819,-6.4778,86977
6.5580,-5.0177,55986
8.2833,-7.6833,28986
8.7682,-5.6865,20738
10.4811,-6.4069,52271
7.1577,-5.2248,24412
5.8984,-4.8229,35090
7.8034,-3.1683,35854
9.0688,-5.1640,22284
4.4230,-7.3528,29469
6.6210,-5.9114,245226
4.9538,-6.0853,34492
6.4854,-6.2780,34860
4.7485,-6.6363,390654
7.4546,-5.2926,17093
5.0619,-6.2600,20838
6.0700,-4.3106,18180
5.2690,-7.3142,16054
6.1202,-6.7125,16457
7.2817,-6.8145,18278
5.5196,-7.3275,22807
5.5605,-6.5900,23834
6.3831,-5.4176,58606
9.9684,-5.1488,49248
5.7644,-6.4078,15852
5.3512,-5.6759,16922
9.5051,-7.5643,54669
10.1981,-5.6234,24780
5.3485,-6.0560,18336
8.6576,-5.2911,21793
6.6613,-3.2698,20422
5.8638,-4.7609,35145
10.0500,-5.3378,16677
6.1540,-5.6933,21186
7.4875,-6.7882,18180
10.0024,-5.9004,28832
6.4720,-4.3578,23722
7.4573,-4.3399,19307
8.0586,-6.1897,19597
7.4125,-7.5538,241969
5.7351,-3.4034,20659
7.2247,-7.9312,19342
5.4151,-3.0301,17008
5.6667,-6.4167,23215
7.0724,-6.2412,25463
7.1077,-7.5521,16106
5.0905,-6.3444,18713
5.8475,-5.6820,32376
5.2972,-3.9675,412282
7.2560,-7.2351,15335
10.0908,-5.1948,26142
9.4580,-5.6296,440926
9.1494,-4.6098,15262
6.6517,-5.6050,30217
9.7651,-6.4637,15716
5.4075,-3.3802,19351
8.1373,-5.1010,59641
6.9141,-7.6312,32991
6.4922,-6.5856,68263
6.1888,-5.2946,41430
6.5437,-7.4935,68113
6.2387,-6.1715,23371
6.7418,-7.1174,20057
6.5670,-7.7020,20057
5.6882,-6.0712,15080
6.7367,-6.9549,17944
6.4727,-5.7062,26111
5.1383,-5.0212,36906
5.2118,-3.7388,96797
6.3204,-3.9524,47109
6.5649,-7.4273,35292
6.9042,-6.2435,24838
7.0540,-7.4403,21824
6.6562,-6.1661,16620
5.4665,-5.5868,17699
5.0335,-6.1514,15794
6.1319,-5.9506,277044
9.5928,-5.1945,72476
6.7863,-7.3934,37165
6.3792,-3.3472,18530
8.9433,-6.2549,33548
6.7420,-7.3492,117023
6.4262,-5.5592,19290
9.8095,-3.3458,48225
5.8374,-5.3572,136627
6.8892,-7.5195,16666
6.2916,-6.2794,15621
6.6468,-4.7052,70198
9.0676,-5.7722,18087
6.2892,-5.5741,43456
10.1070,-5.4729,26206
7.0591,-3.9631,101136
7.2596,-8.1550,78614
6.8773,-6.4502,421871
5.5602,-6.0211,22056
5.3256,-4.3769,138083
8.3632,-4.4286,18322
6.2753,-6.9970,32847
9.5217,-6.4869,51803
9.2693,-2.9951,24312
7.6939,-5.0303,832371
6.9904,-5.7442,104209
7.1291,-6.4742,30420
5.2725,-3.5962,49434
6.6517,-4.2041,36379
8.0402,-2.8000,141568
6.9659,-6.6565,27529
6.5691,-8.0025,41821
5.3558,-3.8854,82983
6.0787,-3.6355,21578
6.0120,-3.1902,17561
7.7391,-7.6138,23232
7.6739,-5.5808,33089
7.1601,-6.3064,22419
5.9091,-4.0128,20284
6.4648,-5.9543,16298
6.4798,-7.1653,28802
7.2343,-6.4748,17712
7.0123,-7.4864,21861
7.0412,-7.1680,23420
5.2077,-6.3516,33150
7.1762,-7.2973,16018
6.6707,-7.3426,17216
5.6298,-4.0820,17987
6.6734,-3.9694,37432
5.4946,-4.0518,133905
6.7818,-4.0852,16341
6.3842,-3.8876,35970
7.1311,-3.2041,63015
5.9280,-4.2132,81770
6.1069,-3.8619,76122
5.2863,-3.3040,24701
5.4678,-3.2071,59225
5.4161,-4.0159,1340083
5.3544,-4.0017,6321017
6.7297,-3.4964,130810
5.3120,-3.9936,214061
5.9283,-5.0225,18428
5.5057,-4.8588,33939
7.9611,-6.6731,103980
5.7838,-6.5939,131181
8.4911,-7.1786,15293
6.9015,-7.4138,15253
6.4850,-7.2010,16614
6.3722,-7.3989,15290
6.5630,-7.8172,15873
6.5387,-6.8159,15627
6.9268,-6.0489,119938
6.1802,-6.9053,23595
6.1162,-6.5360,31326
6.1366,-6.8410,16006
6.0116,-4.8213,16337
5.4119,-6.5603,74365
7.6688,-6.9688,31245
7.1333,-7.1833,19689
5.2911,-6.8202,39673
8.2149,-5.1255,21579
5.0234,-6.5616,22619
6.0059,-6.2940,21245
5.2000,-6.7000,32380
5.8967,-5.1579,19158
5.2560,-6.5325,20686
5.1257,-6.8148,21333
5.9227,-6.1501,21879
4.9353,-6.7783,20769
5.4310,-6.5595,16684
5.2403,-5.7952,19370
4.9822,-7.0602,15835
5.0491,-6.7448,15910
5.7941,-4.6613,16321
7.6964,-6.5535,17716
6.9432,-5.9673,15282
6.8734,-6.8483,23595
8.4827,-3.1273,15815
-21.2075,-159.7755,13373
-33.0246,-71.5518,334248
-39.2857,-72.2279,49184
-33.0482,-71.3729,97320
-38.6688,-72.2257,22499
-30.0354,-70.7127,27771
-38.2329,-72.3329,32448
-33.0360,-71.6296,282448
-28.5762,-70.7594,44895
-39.8142,-73.2459,133419
-38.2496,-72.6703,17164
-36.6176,-72.9559,53219
-22.0920,-70.1979,25400
-33.0831,-70.9292,19312
-38.9944,-73.0893,15504
-38.7363,-72.5974,238129
-36.7249,-73.1168,150499
-35.4232,-71.6497,197479
-33.6639,-70.9273,51764
-34.4386,-71.0775,44046
-34.4333,-71.0833,22572
-33.4569,-70.6483,4837295
-34.6388,-71.3658,34914
-33.6391,-70.3532,18189
-35.5952,-71.7292,40189
-33.9822,-70.7104,25343
-32.7498,-70.7258,59294
-32.7987,-70.5807,17090
-35.5378,-71.4870,39538
-36.4248,-71.9580,31517
-33.5922,-70.6996,249858
-33.5947,-71.6075,87675
-34.9992,-71.3842,17569
-40.3349,-72.9556,31366
-34.4064,-70.8583,38100
-33.4019,-70.7062,147151
-34.1691,-70.7405,212695
-32.7859,-71.5322,31923
-33.0475,-71.4425,130263
-32.8834,-71.2488,67779
-36.7455,-72.4748,17485
-33.3680,-70.7139,210410
-32.6264,-70.7184,15361
-40.9130,-73.1591,20705
-53.1628,-70.9092,117430
-41.3195,-72.9854,37561
-43.1182,-73.6166,21823
-51.7299,-72.5060,18505
-41.4693,-72.9424,245902
-45.4030,-72.6918,16936
-33.6117,-70.5758,568106
-39.2822,-71.9543,26953
-20.2558,-69.7863,16878
-38.9864,-72.6372,21981
-33.6364,-70.5736,26521
-36.7407,-72.9953,46091
-33.4684,-70.5341,241599
-33.6063,-70.8765,65495
-36.1431,-71.8260,26904
-39.6435,-72.3327,32525
-33.8080,-70.7411,72759
-40.0682,-72.8794,19088
-38.7608,-72.5982,72892
-33.5684,-70.8058,63250
-30.6011,-71.1990,77138
-40.5740,-73.1335,135773
-33.4474,-70.5828,255823
-38.7445,-72.9502,29366
-34.6519,-71.1972,17833
-37.5025,-72.6731,26523
-37.7189,-72.2410,27557
-35.1143,-71.2823,40329
-33.6891,-71.2153,63100
-41.6178,-73.5983,15580
-33.5142,-70.7651,503635
-34.1808,-70.6493,42572
-37.0899,-73.1577,47339
-31.9129,-71.5005,18275
-37.4697,-72.3537,125430
-32.8337,-70.5983,63009
-37.6280,-73.4601,19494
-35.9650,-71.6836,28499
-39.3671,-72.6309,21458
-41.2560,-73.0065,16249
-32.8404,-70.9562,22659
-35.8467,-71.5931,69535
-33.0133,-71.2608,46121
-37.6082,-73.6536,22345
-38.5307,-72.4365,34268
-40.2931,-73.0817,26298
-29.9059,-71.2501,154521
-33.2863,-70.8756,102234
-32.4524,-71.2311,32131
-32.8275,-71.2263,17310
-32.7868,-71.1980,50221
-20.2133,-70.1503,199587
-31.6335,-71.1697,22816
-32.7833,-71.2167,49106
-36.9727,-72.9356,24333
-34.0686,-70.7275,23301
-38.9525,-72.6265,22390
-33.6797,-70.9848,26459
-34.9828,-71.2394,102438
-37.4779,-73.3449,32000
-38.9318,-72.0315,15628
-37.0339,-73.1402,107759
-29.9533,-71.3395,161317
-27.3674,-70.3322,129280
-35.3332,-72.4116,41207
-32.9220,-71.5162,42152
-36.8270,-73.0498,223574
-37.9545,-72.4344,23321
-33.2044,-70.6747,146207
-35.6949,-71.4057,17619
-36.6279,-71.8307,25159
-45.5752,-72.0662,45787
-36.4874,-72.7032,15711
-34.7125,-71.0434,33446
-36.6230,-72.1319,28735
-36.6066,-72.1034,150396
-36.9256,-73.0284,84718
-33.2838,-70.6533,18000
-35.9671,-72.3225,38522
-42.4721,-73.7732,41667
-33.3171,-71.4031,24537
-33.5538,-71.6076,17978
-38.7112,-73.1610,24377
-37.8013,-73.3962,20158
-27.0681,-70.8192,16150
-41.7734,-73.1305,32963
-22.4567,-68.9237,166334
-37.0339,-72.4047,27595
-32.4313,-71.0717,19315
-33.7326,-70.7428,63419
-33.2328,-70.8092,16784
-18.4755,-70.3006,241653
-37.2463,-73.3175,24659
-23.6509,-70.3975,401096
-37.7952,-72.7164,44856
-41.8707,-73.8162,40819
-20.2687,-70.1049,142086
-37.8000,-73.3833,31805
-39.8087,-73.2182,30000
-36.8390,-73.1003,121631
-33.5833,-70.6342,201178
-33.4443,-70.7255,104316
-37.4042,-71.9795,131936
3.5167,15.0500,32900
3.8667,11.5167,1299369
10.3411,15.2329,59069
6.3833,10.0667,42457
7.7708,15.3568,28987
4.9667,10.7000,16036
4.7466,9.6705,24384
4.0750,9.3600,94836
6.4650,12.6284,35673
8.4022,14.1698,23187
9.0287,13.1848,35199
4.2344,9.6164,24994
2.9333,11.9833,80036
9.3839,13.5023,33610
4.6391,9.6799,21367
6.2500,10.4333,44443
3.9833,11.6000,24110
4.1667,11.5333,45321
4.5167,12.0333,27677
4.9547,9.9404,162309
6.6333,10.6667,26816
4.5806,9.6647,27130
7.3277,13.5847,238196
4.6833,12.3667,28518
4.2898,9.4103,43749
4.0913,9.3144,64054
11.0461,14.1401,61523
10.7424,13.8023,51999
5.1218,9.9614,76716
6.5167,14.3000,59426
5.6261,10.2542,71867
4.5016,9.5671,44155
4.4500,11.9000,29281
3.5167,11.5000,82384
10.5909,14.3159,314122
4.8428,9.8217,41740
5.7513,9.3137,20350
3.5500,11.0333,29135
5.9500,11.2167,30931
10.8434,14.9396,24492
4.7182,9.7351,58554
3.2333,10.7333,22252
4.0236,9.2061,131381
9.0583,13.6661,33564
6.2000,10.6667,125124
4.6363,9.4469,225046
2.9373,9.9077,93482
12.0769,15.0306,139024
5.1569,10.0200,27038
10.1092,14.4508,32853
10.1337,14.7075,24554
9.9333,13.9467,81608
5.8833,14.5500,46615
9.3014,13.3977,34957
6.2800,10.2830,43509
5.5080,10.6325,74319
5.7266,10.8986,130287
5.4685,9.8818,42689
9.7557,13.9647,31550
3.6500,10.7667,27928
4.6030,9.0404,23975
3.8000,10.1333,103861
2.9000,11.1500,101363
5.4440,10.0533,99582
4.0483,9.7043,1338082
3.7667,9.9833,19243
4.1534,9.2423,140533
10.7336,14.6093,32830
4.5773,13.6846,137993
4.9333,13.3000,24359
4.4333,14.3667,49422
6.7500,11.8167,47936
5.1408,10.5253,43694
5.3757,10.4133,31750
4.4591,8.9027,24741
5.9884,10.4386,40152
5.9597,10.1460,420445
5.8874,10.0118,27473
6.0833,10.1000,25563
5.4778,10.4176,373268
4.7500,11.2333,74050
5.1570,10.1771,54505
2.3833,11.2833,25052
3.7667,12.2500,30078
3.9833,13.1833,24433
6.5000,13.2667,40328
12.7752,14.5533,27208
24.2667,98.2833,51477
24.1906,97.8019,53370
38.1887,77.2708,51691
26.1143,99.9527,56246
26.4500,99.1500,37406
38.9258,76.1714,31113
29.3554,90.7321,41851
29.2500,88.8833,80000
24.9949,98.5128,127133
39.7432,98.5174,428346
32.5012,80.0976,24910
26.8685,99.9563,21006
23.0519,99.8284,44918
26.9195,98.9516,30129
38.4167,77.2406,128145
25.5317,98.4086,28612
25.2167,98.6000,42380
38.1339,85.5299,18893
38.3722,76.9903,29946
31.1304,97.1798,86280
24.7102,97.9367,80481
36.8333,81.9333,18271
29.4374,90.1485,29989
29.1667,89.2500,42551
31.4768,92.0573,30000
37.2725,79.7344,66541
24.0014,97.8650,112578
22.5621,99.9103,86877
24.4533,98.5704,46353
38.3855,90.1555,18856
37.0789,80.1818,18127
24.6009,98.7042,65192
25.8505,98.8557,63013
29.6500,91.1000,118721
39.8333,97.7333,84769
25.4633,99.5283,55685
36.8933,79.6214,16505
29.8377,91.7289,49511
36.8190,81.6333,18582
39.4672,75.9868,506640
37.9781,76.8672,18749
27.3061,99.6491,21368
26.5380,99.9172,53523
26.4390,99.4406,53667
25.4274,98.6532,65843
39.8112,98.2862,231853
38.2554,90.8679,27000
25.3236,98.2780,27965
37.1093,79.9343,408894
33.0012,97.0089,141308
25.3417,98.4830,45528
38.7092,77.3706,36793
29.9618,90.7188,62400
29.6733,91.3453,32318
30.4780,91.1055,47900
36.7000,81.5000,19524
29.6581,94.3589,21400
25.1163,99.1637,935618
39.7084,76.1797,285000
37.0769,79.7317,29032
37.1497,79.6583,32355
36.7554,81.6077,17941
36.8864,81.5097,19796
43.4265,83.2496,282718
44.1628,87.5217,154400
41.2755,80.2361,83110
44.4310,84.6762,72587
43.8010,87.6005,3029372
42.9477,89.1789,273385
46.7454,82.9585,161037
44.3023,86.0369,572772
44.3260,85.6201,60129
43.8355,81.1476,22111
41.7150,82.9325,102752
41.7606,86.1523,549324
44.2028,80.4164,71446
45.5847,84.8872,261445
43.9749,81.5356,37238
43.9151,81.3215,269158
46.5187,86.0021,22000
42.8339,93.5060,246373
46.9919,89.5212,19772
46.5258,83.6342,57782
44.3396,84.9043,69361
46.5119,88.5339,15253
40.1667,94.6833,186027
44.0078,87.3046,198776
47.7028,86.8637,20205
47.3525,87.8205,20414
45.6930,85.1394,93697
40.5418,81.2657,126259
47.8505,88.1329,190064
41.1842,80.2792,535657
47.8781,86.9895,15187
43.6411,81.8700,23543
43.6817,81.7889,19217
43.7458,81.6569,24761
43.9803,81.3142,36572
43.8744,81.6206,46759
44.0075,81.4247,25307
33.9639,117.9694,52048
33.9361,117.7250,55442
33.9694,117.8806,48234
34.2035,118.3565,52711
34.3889,118.0500,48327
34.4083,118.1222,44747
34.5215,118.1184,51114
34.6000,118.0500,45461
34.1478,117.2540,52985
34.1944,117.0833,47205
34.2583,117.8889,28002
34.2961,117.4580,56099
34.2972,117.7722,80617
34.3361,117.5667,59162
34.3615,117.4882,52063
34.3583,117.0528,54785
34.4917,117.3972,31991
34.5139,117.8528,42410
34.5194,117.0056,74114
34.5667,117.8278,49653
34.6694,117.0083,32231
34.4528,116.9000,35118
34.4809,116.8525,62859
34.5778,116.8139,47281
34.5723,116.6024,79763
34.6667,116.5833,46941
34.7611,116.8139,56908
34.7389,116.4556,53193
34.8306,116.8194,82181
34.8056,116.6389,62956
19.4478,109.2627,76427
34.6889,103.3524,23035
27.6867,106.9072,2037775
33.3308,105.6047,27027
35.4006,116.9656,277400
34.0007,102.0713,17820
32.5192,108.5323,35496
30.1211,104.6481,905729
30.1782,105.8299,212819
31.4128,108.3147,20396
29.3416,104.7769,1262064
27.8333,113.1500,1129687
31.3022,109.2581,39338
29.0642,105.9449,26335
29.5361,105.6668,34113
29.0184,105.8488,58262
29.3031,108.7702,20386
32.9794,114.0294,721670
31.1076,121.0570,60000
34.4500,115.6500,1536392
29.7188,120.2423,110721
33.7842,104.3628,21967
35.9947,119.3975,499285
39.7008,122.9911,80384
31.1179,120.8443,22000
26.4833,107.9167,16859
33.6333,114.6333,505171
30.4191,107.5385,32562
36.8167,117.8167,122402
24.3550,102.5422,103829
30.2949,108.0337,26341
33.1913,104.4201,19641
33.7039,118.6792,57338
26.6167,101.2715,51866
24.5167,103.7667,91750
31.1766,108.1316,43318
28.4505,108.9890,105003
28.8466,108.7642,93928
28.3133,105.2377,87882
26.1375,109.2200,22129
29.7650,105.6664,31118
35.9167,119.2167,43152
31.0075,119.9085,63753
30.2956,111.5047,159383
32.2803,119.1700,176006
29.8993,107.4645,50017
33.0346,112.2276,181528
32.2109,119.4551,950516
29.9695,121.6875,61979
34.7578,113.6486,4253913
29.4574,106.1293,27804
34.4372,117.0389,43021
38.1450,114.5656,193524
24.9667,105.8167,34250
32.9392,119.8342,105918
27.3167,103.7167,787845
23.0489,112.4609,1553109
39.7654,118.4119,86555
34.3027,117.8570,76691
37.3650,120.4100,120000
21.2339,110.3875,1400709
26.8589,100.9140,23854
24.5133,117.6556,589831
34.6167,116.9500,74433
38.9342,100.4517,507433
34.9876,106.2090,62497
34.1375,117.3756,61929
36.7906,118.0633,3129228
36.0960,114.3828,1146839
34.1750,117.7629,38164
31.2586,121.4597,840000
34.8647,117.5542,899753
32.1272,112.7542,184509
30.0500,121.1494,114177
34.1628,113.4639,87961
34.0615,108.6291,60206
30.3239,105.7774,16463
29.5328,108.4250,30981
31.3776,120.9543,2092496
33.4474,112.7142,73922
30.1389,107.2049,40328
34.7606,105.7925,16220
25.4245,100.6890,93671
31.0625,113.7655,64390
30.0827,106.3238,68698
22.0026,100.7697,205523
29.0818,105.6433,54385
34.3114,117.9503,343421
22.9279,112.0381,2612800
35.0231,110.9928,680036
38.2918,109.7375,90870
22.6305,110.1469,1056743
29.3494,110.5441,52712
30.8115,107.9538,30454
30.9113,108.1593,47802
29.3850,106.5194,81408
37.6803,112.7319,235929
34.9289,116.4653,62365
29.6657,106.5575,37009
37.7615,114.5170,81861
36.7683,120.3456,74253
38.7153,112.7575,82883
30.4210,112.8919,179079
23.7333,114.6833,463907
29.2094,106.1443,63386
29.4313,105.7376,44363
28.9635,109.1415,17763
26.4239,111.6131,1020715
34.2078,105.3289,22079
28.9897,106.1761,32535
28.9667,106.5333,49951
34.7481,106.1269,55595
27.8333,100.6667,20852
29.5719,106.0013,22377
27.4549,112.1694,70783
29.3538,105.8939,192954
26.6462,100.7807,60099
31.0189,109.4595,144314
34.1565,117.5937,34968
35.7847,118.6281,94115
36.6608,119.4625,83872
31.1661,112.5831,108883
28.2333,117.0000,214229
32.6294,116.2701,61771
19.0383,109.8400,41835
30.9445,113.5528,265886
38.4681,106.2731,1487579
34.7381,111.8839,82509
35.8114,114.3167,59073
36.6967,118.4797,236406
27.8333,114.4000,1045952
31.7047,112.2561,61027
31.3606,119.8202,1285785
30.7144,111.2847,1350150
28.7593,104.6399,836340
30.6037,109.7233,104839
36.4167,118.5000,97936
37.1566,122.4376,91517
22.1975,109.9419,56629
34.1833,118.0667,60668
34.0667,117.8167,65897
34.5056,117.7022,25714
35.5528,116.8286,254788
37.4765,121.4408,2227733
34.6592,109.2292,60891
29.9449,106.3503,24680
29.8276,106.9973,72825
32.3972,119.4358,1584237
33.2219,107.5427,64349
34.2639,105.4639,44954
34.8833,116.8833,53417
24.7808,110.4897,300000
31.8650,120.5389,1432044
37.8575,113.5633,731228
39.1375,116.9997,76387
39.4806,111.6930,17624
38.2785,106.2478,67901
36.1106,115.7753,74725
39.3639,117.0603,63756
33.3575,120.1573,1615717
36.5989,109.4917,475234
29.4548,107.3737,19636
29.9852,102.9990,612056
34.1805,117.1571,329661
28.1699,105.4345,108352
20.3302,110.1664,83267
28.4518,117.9429,1116486
32.8239,109.3653,67929
28.1008,104.5606,41120
28.4543,104.7150,118664
26.8394,116.3201,87459
34.0319,113.8630,1265536
29.2086,105.5697,69250
30.9525,118.7553,774332
35.1628,112.8650,60745
32.9870,107.7640,99867
20.0007,110.2936,290000
29.7167,112.4000,122411
27.9113,116.7764,81153
30.4079,108.2173,25585
25.1167,114.3000,79050
28.2863,117.2066,73732
38.4092,112.7333,544683
30.8667,114.8000,78767
19.7145,109.3115,67316
36.4989,111.7047,72303
36.4000,118.6167,100168
27.8043,114.9334,839488
32.5288,112.3651,61633
32.1228,114.0656,1230042
36.0492,119.5414,38200
35.1903,113.8015,1047088
30.6987,108.4019,34145
35.9006,117.7519,222459
31.0470,113.1410,98422
30.9034,109.4668,21912
29.6553,107.0499,34299
37.9260,115.2191,145911
36.6255,101.7574,1677177
27.7428,111.2956,75233
36.9250,119.5931,69884
37.0622,114.4927,798770
25.4333,105.2333,91579
29.8893,106.7062,20333
30.6572,109.4460,41411
34.8586,105.6686,95211
32.6800,109.0172,870126
31.4049,109.2346,31338
36.7975,118.2944,82555
29.8167,113.4667,175761
36.2486,116.7658,77606
34.6743,103.5868,20535
29.9600,107.1041,21578
34.3842,118.3462,300511
23.1549,112.8916,153714
24.9877,118.3858,94326
33.7833,114.5167,66848
31.6864,113.4659,90422
38.5526,106.3481,112061
29.7741,106.3688,60933
27.8964,102.2634,481796
21.6333,108.9500,80064
36.4492,119.8356,88710
34.9161,118.6389,63285
25.4000,100.8333,53954
34.8022,117.1117,125667
26.5167,107.7833,25490
30.5363,120.6864,70171
34.7553,113.0114,56033
26.1903,107.5125,58913
30.1675,120.2588,95234
30.1227,106.5344,27154
32.0324,118.8540,66031
28.2385,116.6005,127076
30.9269,113.9222,908266
33.6806,105.5616,18098
34.3378,108.7026,1034081
30.3708,113.4429,239406
38.9850,117.3828,74028
32.4281,119.5605,83936
29.8435,114.3220,512517
28.8547,120.7317,61532
36.1644,119.4189,61748
22.2769,113.5678,2207090
25.4669,100.5625,121959
28.6821,112.8786,57117
27.7333,112.5333,87592
27.8500,112.9000,959303
30.6550,108.1930,16889
32.0422,112.1448,1294733
33.8470,113.4778,65833
29.2100,106.3001,48586
34.2583,108.9286,9600000
24.4798,118.0819,4617251
36.6931,120.4347,30706
23.4805,111.2885,761948
30.7454,120.4851,60000
31.9925,116.2472,79070
29.8506,115.5525,220661
31.0775,109.8764,117873
31.5689,120.2886,4396835
38.1833,106.2833,20506
34.7208,104.8858,68643
30.7797,108.4551,20672
29.2678,120.2253,130387
30.5059,108.2588,24632
29.0321,111.6984,1457419
36.4500,118.4000,60260
29.6348,105.3911,34549
21.7667,109.0333,15549
31.3526,118.4295,1598165
30.5833,114.2667,10392693
39.6844,106.8158,218427
26.7279,110.6320,132457
30.2099,107.3413,17190
39.4994,106.7117,129922
29.6008,118.1749,60212
27.9994,120.6668,2650000
32.9471,104.6814,31339
35.7275,116.4961,59455
31.3591,108.5222,39402
28.3752,121.3842,67433
28.3881,104.5634,68433
25.6674,116.7543,20542
37.2637,122.0523,115370
19.5516,110.8028,560894
30.0398,106.1470,36068
34.5035,109.5089,1199290
34.5833,117.0667,51820
34.0333,117.9500,48069
37.5091,122.1136,844310
36.7100,119.1019,2044028
37.1361,109.6597,113698
34.3833,118.2333,37080
30.8160,108.3741,859662
30.0401,106.9716,22256
26.7353,107.9872,17141
28.9629,106.9284,113751
18.7993,110.3841,545992
19.6562,109.2907,24274
29.6824,105.9355,28871
35.0571,105.4359,23414
33.9833,117.7500,54578
35.8786,119.9753,75656
36.5500,118.3833,48052
33.2064,105.0497,19394
39.6183,122.0081,454338
30.7129,109.1556,41011
34.2208,117.8369,42853
29.7114,118.3125,460786
28.1368,106.8220,80344
39.9040,116.6618,163326
30.0005,106.1304,29699
27.3273,120.2140,192352
27.7172,109.1853,90593
30.9500,117.7833,402062
29.8565,106.8448,30673
31.0941,105.0873,58346
31.0400,108.1336,42085
34.5333,118.0333,87689
29.2772,106.6425,28825
36.7958,119.7367,64957
34.5795,105.7424,1212791
30.9866,103.9393,60797
37.0000,118.7833,67165
39.1422,117.1767,11090314
35.0836,117.1907,105456
34.8500,117.3333,60137
30.9064,119.4086,146610
33.8528,117.7703,52861
35.2739,119.3703,61852
35.8001,119.5340,31795
26.0303,119.5974,69050
31.4557,108.4986,15261
34.4328,116.5911,67936
36.4467,118.8597,93260
39.6438,118.1832,3372102
22.0318,111.9354,81729
39.7433,118.4510,79489
32.6855,112.8323,278055
39.0211,117.6469,535298
30.0165,105.7973,45385
32.4907,119.9081,1607108
37.8694,112.5603,4303673
32.1667,120.0136,79655
30.2620,107.2929,24393
30.1604,105.9340,20654
30.0995,106.0489,66506
22.2513,112.7799,145440
31.4478,121.0939,831113
36.1853,117.1200,1735425
30.0660,105.8093,24258
33.6361,116.9789,1647642
34.3928,117.7556,65333
33.9492,118.2958,1437685
36.9539,118.1047,58766
31.7111,113.3631,618582
33.8907,116.7747,74172
33.8963,117.9331,256665
30.5080,105.5733,656760
31.0344,121.2233,130218
22.7787,113.8454,24201
26.8819,120.0011,165730
31.7569,110.6725,31207
22.1563,107.9795,71468
36.3128,118.4119,56289
35.6489,117.2758,90175
34.6222,105.0128,27168
22.7886,100.9748,296565
39.2756,122.6000,29717
34.6262,117.9714,40430
34.8418,116.5572,47330
23.9296,115.7650,140493
29.7822,106.4974,44551
25.9128,109.3136,26827
23.9837,115.8958,62321
29.2476,107.2844,50918
36.8592,120.5269,341470
29.4003,105.8378,24315
29.9597,107.2036,29213
30.2175,105.7452,33771
25.9667,108.9242,16773
29.3207,105.5694,49411
34.0353,117.5781,45697
34.8465,116.4588,76030
36.8800,118.7375,473620
39.2333,106.7694,136570
35.1711,118.8289,86749
32.6475,110.7781,3460000
23.0011,113.0770,82031
21.7500,109.2000,40330
29.7161,107.1356,26144
39.2342,106.3439,78765
33.0408,108.2364,53422
36.1617,119.2631,58538
22.9464,113.3577,135308
22.5168,113.3852,342306
29.1004,106.0330,35665
29.6312,105.8307,22820
24.4465,117.8122,68375
30.2613,106.5759,25006
23.1144,113.8472,109733
35.0747,109.0850,223603
21.7667,109.3167,64818
38.0414,114.4786,3938513
28.9244,106.7561,46097
34.2000,118.4833,41652
29.5718,108.6102,15205
36.3933,119.3086,35367
29.7658,106.8228,39645
36.1239,119.1028,58333
29.9892,107.6152,33452
22.5455,114.0683,17494398
36.2411,115.6672,79196
35.5047,119.2669,24706
29.9576,122.2980,95433
22.4936,113.9156,18730
30.5228,107.6420,29673
33.6274,104.5637,21551
30.0530,107.5941,20054
30.4746,107.4359,30928
22.7702,112.9578,107589
30.0024,120.5786,2300000
27.3409,117.4831,112585
27.9167,112.5167,118000
24.8000,113.5833,1028460
34.1333,118.4333,32448
34.7953,116.0817,74459
22.7820,115.3475,491766
23.3549,116.6788,3838900
35.0753,117.4578,80843
21.6000,109.7167,70153
34.2047,117.5956,50617
33.8667,109.9306,531696
36.9656,118.8831,65770
31.3205,109.4842,25648
31.2222,121.4581,24874500
22.7463,113.8190,127089
33.9000,118.1333,46696
36.9383,114.5058,125132
30.8282,108.3503,24915
21.6667,109.0333,30710
35.5033,119.1717,52214
18.2543,109.5095,1031396
29.6416,105.6216,28563
26.2486,117.6186,602166
34.7808,111.1929,669307
29.0503,106.7364,35486
28.9447,106.7106,39785
30.0817,106.5912,51413
29.9621,105.8868,27469
39.9805,117.0689,965075
29.2784,108.3982,26221
22.3812,112.6849,688242
33.0011,114.3542,60202
27.7761,120.6586,927383
35.5148,102.0160,103700
29.4359,105.4487,32983
26.5500,101.2500,32291
25.7294,119.3747,67397
23.5418,116.3658,1899394
36.9508,120.3831,43758
36.6386,120.2036,64569
29.5074,105.4783,38864
30.6609,107.6790,21499
38.7094,116.1009,98569
26.4167,101.0167,24903
28.9594,118.8686,902767
25.4833,103.7833,1408500
35.5967,116.9911,85144
24.9139,118.5858,1469157
26.5844,111.8590,66442
37.3055,120.8275,79106
33.8000,118.0000,76343
34.6333,116.8000,51750
21.5750,108.4790,44561
20.0086,110.3538,87657
28.8412,112.3551,66145
21.9825,108.6506,1296300
33.2531,119.9133,55975
39.9410,119.5894,759718
24.5000,108.6667,155872
24.8198,118.5742,1416151
27.3808,112.0206,62000
37.4667,101.4333,28561
34.4164,117.3631,44314
30.4511,115.2559,76154
29.9770,106.5206,21160
33.5886,119.0192,2494013
28.4370,104.5162,56650
36.0649,120.3804,7172451
23.7000,113.0333,1738424
27.2127,116.5301,99987
26.3094,100.6251,36823
29.8443,117.7194,55500
26.7684,112.1081,58287
31.1527,121.3569,283352
36.9350,101.6736,114712
33.1076,104.8117,21273
36.5644,118.8839,82467
22.9000,100.2000,48090
36.2814,100.6131,46907
29.6329,108.3282,18133
35.7062,115.0279,104994
29.4568,119.8887,3590000
25.4394,119.0103,1539389
36.1319,119.7211,52563
29.7167,113.8833,132891
22.7610,108.4836,61690
39.3953,121.9669,104277
32.0373,105.4669,42577
28.9924,116.6675,70787
36.2831,116.4453,62050
35.5006,117.6308,78254
37.2025,112.1781,42000
27.6167,113.8535,893550
22.0969,106.7567,129843
29.8459,105.8778,30816
22.9938,114.7131,113631
23.5418,110.3893,62483
35.5392,106.6861,504848
32.3847,109.3456,45493
30.6118,107.5450,55139
36.7844,119.9464,542234
33.7309,113.3155,979130
26.0167,100.5833,24575
29.8988,116.5457,350000
31.2855,121.4367,152725
36.4311,114.1700,68442
34.7361,116.9247,195363
34.4667,117.9667,64585
29.5003,105.3707,51177
26.7269,108.0636,22306
34.7547,105.1117,70072
19.6398,109.1586,17577
30.4741,106.6370,858159
35.7642,116.7914,82994
28.2583,112.5605,55312
32.8340,106.2503,50440
37.3842,121.6086,56937
29.2892,121.4247,68330
23.0405,101.0368,162711
29.8782,121.5494,3731203
36.4800,102.4164,260184
29.5835,105.0622,1251095
29.3638,112.4065,54449
31.7839,111.8275,83604
33.0052,112.5466,1811812
28.8421,104.9796,96061
22.5356,113.9156,25294
32.0303,120.8747,2273326
37.0201,120.3373,40188
27.9233,118.5333,59832
29.0864,106.9872,32888
26.6450,118.1736,467875
22.8167,108.3167,3839800
36.1848,118.1549,74406
31.3533,106.0631,63405
32.0617,118.7778,9314685
25.0449,100.5144,50083
35.4878,119.3458,61034
37.3546,115.3888,82386
23.7269,111.7972,86129
19.4102,109.5502,23669
22.8525,110.8233,61881
36.7483,118.0558,85495
36.5328,120.1339,124210
30.7951,106.0847,1858875
28.6840,115.8531,2357839
29.9994,108.1091,118597
21.6667,107.8667,41577
19.5213,109.5790,256652
29.8060,106.6444,23157
29.5733,106.8393,36704
24.4042,103.4428,72485
36.7167,117.5000,114858
32.7802,117.9638,68351
32.4586,114.0486,67945
36.7536,119.6408,53926
25.3429,100.4873,89144
30.8687,109.6461,34913
31.4678,104.6817,1550000
33.1570,106.6945,84606
39.9382,116.0931,197772
35.7069,117.9264,65889
21.4623,101.5637,30296
33.2661,116.5661,69916
22.1994,100.4169,22540
24.2886,116.1177,992351
30.0439,103.8370,1107742
21.4571,110.7659,104168
28.2636,109.0268,29667
29.5925,107.3134,32360
28.8933,108.9511,33456
34.5167,117.0667,35358
21.6663,110.9136,1307802
34.3767,117.2506,57649
37.0748,120.4625,42197
25.0319,102.6380,131696
30.4214,111.7533,60169
31.1801,115.0221,126366
24.6841,113.5984,113609
31.6858,118.5101,741531
28.8903,105.4257,998900
38.8000,121.2667,82345
36.4842,101.5633,67153
26.6500,107.7833,25074
34.6735,112.4368,1390581
24.9594,118.6830,66188
23.1624,114.2734,123144
24.4058,109.6086,67593
29.7223,106.9321,36862
31.2066,110.0868,24859
34.7542,105.0247,89998
28.8056,104.8991,40612
31.3050,104.5048,212186
29.3466,106.4351,71515
33.5639,114.0427,1294974
29.3848,104.0286,73581
34.7167,116.7667,63704
31.2336,117.2806,89119
33.3321,106.1550,67496
30.0022,101.9569,100000
23.1723,112.2830,95820
37.8845,114.6463,597130
31.7356,116.5169,1644344
27.7344,111.9944,497171
25.0749,117.0178,1025087
29.7020,106.7911,36297
29.4463,107.1022,36511
28.7572,108.9641,57769
29.5656,105.7621,121609
30.2147,106.4574,56142
35.0319,106.0806,37976
24.6719,102.1613,91534
30.7982,107.6871,19380
29.2103,106.2073,27849
33.9428,105.0674,18148
37.6518,120.3306,60444
30.6109,108.6352,31982
34.9033,116.8067,59086
29.6974,105.7137,74605
22.7229,114.2633,215273
30.3879,109.5071,61862
25.8072,109.2125,16928
28.6100,109.0492,24814
35.0010,105.9734,25055
26.6667,107.9167,18563
31.4281,119.4835,72276
34.9122,105.0806,16753
34.1900,105.1725,58300
29.9621,106.6100,17505
28.1586,113.6271,1380000
34.3686,117.1150,65258
36.9333,119.3833,48469
23.3107,116.1687,874954
34.4342,117.2983,51657
28.4604,119.9103,451418
29.0789,106.2620,66620
34.3780,109.2089,75882
24.3240,109.4070,1436599
35.0631,118.3428,2743843
35.6003,103.2064,274466
39.7118,118.4495,100316
36.4247,114.2047,109955
29.6670,107.1923,41730
36.5156,118.5397,299646
30.4159,103.4609,55587
36.8409,115.7109,110046
30.4225,120.2972,78180
29.2452,105.9566,25740
31.0996,108.2196,71149
35.9939,119.6503,88509
38.0814,106.3444,22040
36.3642,119.0769,99069
33.8164,118.1136,53841
22.7072,110.3492,199769
19.9087,109.6872,64874
29.8910,107.2197,23868
36.0889,111.5189,959198
23.8797,100.0945,323708
27.6667,113.5000,98162
33.7667,117.7833,39691
36.3578,120.1428,65714
29.7386,107.2948,88124
30.3000,108.8500,120587
23.2955,113.8247,172775
36.0572,119.7833,55140
36.6744,119.8753,84306
36.4506,116.0025,1229768
24.7819,112.3712,92827
21.6592,109.2001,192813
24.9227,102.4850,106795
37.9267,102.6320,1010295
34.5000,116.7500,54742
39.7360,116.1329,76744
33.4318,104.8091,27281
29.7283,106.6351,60466
25.7183,116.7489,60504
21.6467,110.2817,100341
29.5623,103.7639,662814
26.4111,111.5956,88935
27.6881,111.4294,115399
26.4024,112.8591,129116
25.1280,113.3504,124268
32.3858,111.6678,253112
36.0570,103.8399,3000000
29.2159,119.4716,73706
27.6883,111.6642,66501
39.5208,116.7147,868066
32.3003,108.8931,35348
37.1807,119.9422,188000
36.9758,120.7136,169594
36.1928,117.6569,989535
29.2660,105.7780,41361
23.7474,109.2222,910282
35.2013,102.5212,22970
27.6658,120.5658,65009
25.0389,102.7183,3855346
38.0725,114.0461,27836
29.1441,104.6747,47125
23.6977,103.3037,198423
26.5858,107.9797,275745
23.3695,104.2772,64404
34.7986,114.3074,1451741
35.3874,116.0717,58107
28.1711,104.5116,80708
28.9241,104.2615,43527
32.3174,121.1855,73317
34.5897,103.5042,17731
35.0891,112.5881,242143
37.5505,115.5687,362013
29.8620,106.2029,31499
36.1961,118.4650,44420
22.5931,113.8889,78022
29.7048,116.0021,1164268
36.9918,120.2041,97604
33.7333,115.4000,77540
28.3193,109.7335,102332
39.1000,121.7167,215386
27.4326,120.6063,84231
29.6049,111.8701,82906
32.0898,121.0735,95647
31.2709,121.5933,28000
28.4005,116.8998,49245
19.7288,110.0085,68720
23.2281,110.8261,56816
35.4050,116.5814,1241012
29.1068,119.6442,1463990
30.3503,112.1903,1052282
36.3100,119.3875,126703
37.9981,114.0156,61292
38.5000,106.4167,29796
31.0336,112.2047,632954
30.6500,113.1000,224871
29.8955,106.5639,43674
29.2947,117.2079,473561
22.2107,113.2922,186000
38.5006,102.1938,228561
35.5022,112.8328,476945
36.6683,116.9972,4335989
36.3897,120.4622,70733
29.2899,106.2500,196787
37.0244,111.9125,77178
33.2634,115.3611,141993
22.8103,115.8306,137444
29.2495,106.7766,48018
35.5428,118.4550,69245
22.8793,116.0732,130298
36.0236,119.1761,93228
30.7522,120.7500,1180000
34.4328,117.4419,133861
29.1157,106.4469,27327
35.2392,113.2391,865413
29.7161,107.5976,23454
33.5655,104.6464,19083
36.2839,120.0033,619266
26.6617,119.5228,429260
31.4340,108.8953,17334
27.0415,118.3190,59187
36.4944,119.7942,72453
32.5061,120.1428,70375
28.1938,115.7836,61469
36.6781,120.5292,86642
21.6000,108.1500,42985
22.5833,113.0833,1795459
33.9014,105.8219,19204
29.2396,107.8788,20829
25.4869,119.1983,59902
29.3931,106.8192,16518
21.8556,111.9627,1292987
28.7334,105.0683,67776
27.5583,116.6398,109108
27.1172,114.9793,538699
32.4420,105.8230,516424
19.2425,110.4642,528238
32.2091,106.2149,38421
30.8703,120.0933,1015937
31.5343,119.4900,56370
30.1764,121.2457,1457510
32.3547,116.2939,61904
29.3942,107.8725,25818
22.8190,113.6731,191891
23.1115,114.4152,2900113
33.7683,106.0808,39643
31.8111,121.6550,74818
29.8693,118.4336,74349
23.0385,116.2899,125919
28.5863,105.3666,54795
29.7155,106.1109,30248
21.6333,110.5833,91701
34.5653,110.0664,242488
34.6300,116.7358,71281
34.8700,116.6697,77758
30.4500,114.8000,122563
30.2471,115.0481,688090
26.8263,100.2191,20136
23.1104,113.4418,116307
30.8845,114.3779,57554
30.1924,116.0250,77633
34.4333,116.9833,43038
35.8892,119.4578,65646
23.6770,116.9996,225956
39.7403,116.3269,104904
32.1272,115.0394,72663
25.0962,104.9064,322890
32.9589,117.1657,65530
32.6264,116.9969,1666826
23.9195,112.1763,89294
27.5634,110.0040,552622
33.4333,115.0333,89978
33.9744,116.7917,1113321
24.0670,115.6131,101165
36.9914,118.9658,96737
26.1258,109.4089,21293
29.3520,105.7268,21618
32.2334,106.3013,81953
27.1100,109.9956,59199
36.4028,118.9181,88458
28.5023,109.2666,18235
34.9856,102.9094,59148
35.2393,115.4736,1346717
29.9923,106.2646,377213
37.0184,120.5737,38398
28.5694,112.3473,1249807
23.4308,115.8299,131238
26.8895,112.6189,1075516
37.7391,115.6835,522147
23.8797,115.7255,78575
30.5812,107.6806,19268
22.5385,104.0111,44998
28.8116,105.8336,137437
29.0555,108.7964,17180
31.8639,117.2808,5050000
33.7722,120.2618,89107
36.5333,114.1111,83009
29.6566,106.1967,20037
35.7323,114.2862,634721
33.9362,105.2163,32538
37.3757,101.6220,36515
38.0167,106.2833,32507
33.0751,107.0221,1006557
34.0108,105.2919,37284
32.8914,108.5047,66926
27.0913,119.6445,154439
36.7708,119.2108,90637
29.2952,108.1613,108430
30.2936,120.1614,9236032
39.2489,117.7892,208369
31.1695,108.4031,196528
36.1839,113.1053,1214940
36.6100,114.4876,1358318
30.6500,113.7667,87737
35.4603,110.4292,58049
34.5817,119.1289,59098
29.7861,118.1770,48928
19.5056,108.9505,34648
28.6984,121.4733,470804
23.1935,116.6122,125427
24.7798,102.5755,112644
20.0342,110.3465,2873358
36.0067,106.2808,411854
39.7408,118.4507,41484
36.7341,120.2256,44533
30.3303,105.8721,34633
34.1139,117.8828,48748
34.3659,107.3590,85415
28.8500,106.6014,32831
29.0231,106.6480,208010
28.0422,105.8104,116527
28.8816,120.0331,536000
26.5833,106.7167,3037159
30.3335,107.3454,188980
33.6697,118.1889,57446
23.3948,110.0743,71066
25.2802,110.2964,1572300
23.1160,109.5947,1086327
32.2660,111.6348,74038
36.2633,119.1939,50826
29.0993,104.3942,63606
34.4253,117.9953,97705
23.1167,113.2500,16096724
29.3748,105.5265,49388
31.6199,113.9978,154771
30.9559,109.8470,42766
30.0810,106.4290,24913
28.9077,108.3486,17248
31.1270,109.1972,38852
34.9414,106.2964,23100
21.8000,109.6000,96492
30.0359,107.1161,55938
23.3608,103.1537,136135
31.9486,108.6607,37312
33.9031,118.0397,43419
21.9197,110.8568,292164
32.7893,119.4418,90911
30.7758,106.1029,204368
36.3833,119.7528,391986
36.8000,118.5000,67339
34.3167,118.5167,48485
30.0204,107.8600,43944
29.3956,108.0658,15522
34.0175,119.1886,56214
30.2902,107.4620,49218
25.8466,114.9326,1977253
27.4375,111.9731,90000
26.7156,109.7689,24000
28.7422,106.7111,65994
34.7356,105.3263,103589
34.3174,118.2072,39999
27.9600,116.3333,1089888
26.0614,119.3061,3740000
33.8189,105.9536,23660
22.6721,113.8152,17291
32.9000,115.8167,1768947
30.0533,119.9519,70183
29.9082,105.7871,24209
37.4958,121.2581,65622
30.6542,107.9683,20225
29.7100,107.3939,268658
29.1482,105.3739,131927
23.0268,113.1315,9042509
27.8112,114.6680,58478
30.7197,108.0833,60308
25.5840,100.3118,61890
34.7039,116.5872,161850
39.8266,118.1382,65150
30.0827,113.3335,67139
29.3931,108.7846,21810
29.4269,105.6751,31859
27.5457,116.2146,64715
35.2606,117.9675,80929
39.6870,115.9966,97026
34.0864,117.4736,54035
33.2532,113.0012,93808
30.4000,114.8333,193652
30.3000,109.4833,279185
22.1866,112.3042,110921
19.8572,109.2627,17317
39.2107,101.6690,16798
29.8785,107.0784,51888
26.2667,107.5167,198516
29.1500,106.5328,26879
25.8333,107.5333,80045
30.6700,112.6895,90257
27.0500,114.9000,94445
23.2421,111.5284,95525
36.6579,101.5337,66767
22.3730,110.9475,98259
37.4627,118.4917,998968
21.5500,107.9667,88607
28.7614,106.6611,58169
32.8523,120.3095,262873
39.8161,109.9776,99809
33.9997,119.8308,72789
22.9459,115.6420,264709
23.0180,113.7487,9644871
35.8500,117.7000,72957
36.7767,121.1597,92282
37.3680,101.8357,17982
38.3490,114.6853,99347
38.5147,114.9868,152934
35.5709,104.6230,420614
35.0744,115.5658,58206
28.7755,108.5465,19543
29.4090,106.1423,60585
37.4466,116.3671,679535
31.1302,104.3820,735070
30.5449,119.9599,87576
37.8082,120.7591,85279
32.6827,112.0887,285032
34.4555,113.0319,62375
29.2785,106.2316,83950
26.2311,109.1314,82710
33.1997,120.4578,84323
29.1294,110.4783,441804
30.0833,114.9500,347406
26.8688,100.2207,211151
27.2637,100.8639,52568
30.0729,108.1103,15466
31.2106,107.4631,1589435
39.0419,106.3958,131880
34.8092,116.9017,110258
32.6208,117.0632,61085
29.5701,107.0454,18844
23.0024,100.1149,15980
29.6563,121.4064,76653
36.8339,118.8978,93728
35.5690,114.5159,56637
22.7984,114.4672,126701
32.5428,111.5086,92008
31.5605,118.4815,60335
21.6500,109.1167,45408
34.0446,104.3946,31861
33.6333,115.1833,65411
34.2641,117.3638,77179
29.7298,106.2177,48145
22.8407,113.2503,210411
38.9122,121.6022,4913879
25.5847,100.2123,235305
31.5096,108.4458,32213
34.2934,117.3444,44771
29.2550,106.9769,20538
26.7119,107.8114,26460
31.2686,109.8021,36217
29.9866,107.7392,21009
29.3831,106.0148,48371
36.6253,119.7133,47651
29.9854,106.7398,22996
32.3219,118.2978,782671
25.0364,101.5456,555081
22.1667,111.7833,153547
29.3151,120.0768,1481384
38.0333,106.3000,41212
29.5603,106.5577,7457599
29.7806,104.8522,58441
30.1556,105.6122,27745
30.5311,120.4309,112060
30.6613,117.4778,615274
25.8000,113.0333,822534
35.5794,118.8328,66588
33.7478,105.7329,69427
30.2092,107.2589,41321
29.8719,106.3847,28056
31.9110,120.2630,1779515
33.1492,107.3258,116375
30.6667,104.0667,13568357
23.4613,116.7701,152453
34.4753,117.7512,45844
23.6540,116.6226,1750945
32.6446,105.8850,29424
31.6000,117.8667,138463
31.7736,119.9540,3290918
35.2089,111.7386,699514
29.4050,105.5883,186653
36.8536,119.3908,302072
38.6747,106.3297,25095
28.1987,112.9709,3093980
36.5575,116.7272,82598
28.5777,104.9209,81248
39.7065,119.1603,64476
28.7000,115.8167,56429
36.7058,118.8275,259161
21.8333,109.4167,62763
34.7759,116.5834,49772
36.0906,119.4517,63208
29.3347,107.4750,15286
36.2489,119.6242,79043
34.5333,117.8833,30094
30.2508,105.9085,24526
34.3405,118.1104,65243
30.2297,115.4335,67370
26.8500,104.2333,56744
38.3112,116.8533,527681
28.9089,106.3404,43922
30.5833,114.0333,71891
30.2876,112.2298,106347
33.8772,115.7703,1409436
38.0737,116.5667,63045
36.4833,117.8333,153596
23.8901,106.6268,686078
29.9289,117.9464,36905
29.5949,106.2248,204702
37.3667,118.0167,682717
32.7458,105.2414,16247
27.3019,105.2863,1137383
34.8486,118.0447,65381
34.4233,117.6454,46260
32.9408,117.3608,972784
38.6208,115.3964,44112
38.1548,114.8069,52752
36.6044,119.4956,66277
39.9075,116.3972,18960744
21.4835,109.1155,525329
34.5686,105.8933,74767
29.8274,106.4364,247702
34.2667,117.6833,65830
38.8386,105.6686,94445
30.8164,108.6110,34962
31.1949,109.8805,18646
29.8354,106.2927,23851
19.1027,108.6656,444458
27.7682,116.0502,103748
33.2292,119.3092,80292
18.6403,109.6994,33138
27.2382,111.4621,753194
31.5504,105.9938,60542
29.7642,107.6783,21417
29.4387,108.3132,39738
38.8729,115.4625,2739887
29.5130,105.9534,22725
34.1887,117.9126,38894
30.0940,105.7130,47879
36.5470,104.1702,294400
28.6997,104.5492,88251
34.8511,106.0017,15555
30.5972,108.8114,16790
29.5508,107.4869,46160
29.0623,106.1189,115761
21.7167,109.6833,89759
19.7120,109.2180,59585
29.3955,107.5394,25629
28.7360,106.4604,38564
29.0942,104.6085,41574
22.1132,107.2359,63629
30.0156,120.8711,770000
36.1156,119.5333,42913
29.8486,106.0505,208520
24.4167,111.5167,65603
38.1806,100.2403,25603
27.4259,115.8364,82717
29.5274,107.2007,16197
34.8808,105.2764,40828
29.4137,112.1643,57769
26.2500,105.9333,765313
36.4342,119.1925,364208
30.5136,117.0472,804493
30.9638,109.3450,24767
23.0128,104.4508,63569
31.2575,113.6783,71198
25.1000,105.5167,86416
23.6982,115.6795,115560
29.9907,106.0319,21000
27.3194,110.1031,55421
33.5053,105.0478,29916
29.3594,105.4674,40268
28.7742,105.3649,50020
23.4489,116.6809,162964
34.3766,118.6031,55298
19.7428,109.3449,31646
31.7667,104.7167,127225
31.3041,120.5954,6715559
29.9887,122.2049,882932
19.5093,109.3928,84620
34.5744,117.0953,41803
33.7983,117.8664,51086
31.2560,120.5186,61902
31.1933,120.7176,77566
29.8583,105.9731,33968
29.9567,105.7509,15743
29.7385,105.9794,15213
29.8180,106.1593,22719
29.7425,106.4751,35564
29.6895,105.5010,15669
29.5662,105.5434,27597
29.6217,105.6927,18963
29.6443,106.0696,16277
29.5560,106.1600,40068
29.5136,106.0606,21665
29.4880,105.8676,46458
29.3357,106.1452,18002
29.3145,105.9926,39863
29.3394,105.8268,19627
29.2570,106.0629,29206
29.1821,105.8344,19861
29.1370,105.8699,38106
29.1511,105.7840,36561
29.1590,105.7470,20978
26.7203,108.1297,18394
26.5308,107.6314,18121
26.0908,108.7653,18314
25.9108,109.1764,16737
34.9728,105.6303,32146
34.6958,105.2889,20486
34.8476,105.3704,31856
34.8975,105.1864,27474
34.9589,105.3361,16156
34.6838,105.8100,15276
34.8114,105.4344,37727
34.8208,105.0339,16390
34.1664,105.5411,27438
34.8914,105.7192,21406
34.8047,105.5778,18501
34.1539,105.1297,29050
34.0625,105.2221,18901
34.8850,105.5417,17925
34.8339,105.7617,22131
34.6519,105.0535,18314
34.8611,105.8375,23922
34.0382,105.3442,19803
34.7760,105.3222,97483
34.9372,105.6467,30091
34.2899,105.2722,18279
34.9381,105.8775,27147
28.9877,105.9244,69881
29.3786,106.5400,508703
36.7017,120.3511,52613
36.8242,120.2261,52249
22.7217,113.2926,130370
22.2550,113.4669,382445
22.5523,113.9791,37722
32.2900,105.5133,32400
29.0303,106.9703,17053
29.0754,106.2056,18551
29.1168,106.5101,17486
29.2472,106.5942,31546
29.2822,106.8981,20431
29.3347,106.6522,46786
29.4619,106.7047,23017
29.4658,106.7708,16461
29.7198,106.7234,23917
29.6850,106.4444,21820
29.8903,106.8973,21850
29.9036,106.0387,17909
29.9253,106.4907,17221
30.0004,106.9520,30426
19.4614,109.6604,23711
19.6419,109.3545,27803
19.7894,109.2150,76757
19.8075,109.3454,40373
19.7087,109.4561,49252
19.5283,109.6328,20729
18.7823,109.5013,112269
23.0955,113.7919,246960
29.9915,120.8984,155000
35.9122,116.3117,72070
39.0286,121.6950,55841
39.2358,122.7236,16071
27.7599,118.0307,137133
28.2000,112.8461,28014
29.3745,113.0948,991465
26.4672,111.9681,25000
27.4056,111.9869,58000
31.0813,108.4116,39910
31.3301,109.4399,22331
30.5696,108.4375,26017
30.1467,107.3196,29695
30.2376,106.1270,35877
28.5249,108.8804,20448
29.0814,106.8164,30661
28.5313,108.6110,24429
23.9196,115.7801,101825
45.8496,123.1979,67760
43.5107,123.5007,93666
45.7060,125.2661,114009
45.5197,125.0763,93505
46.0522,125.9552,154406
40.7834,114.8714,692602
48.0095,122.7365,132224
44.8275,126.5406,124736
47.8531,128.8356,78402
40.6647,122.2318,591159
46.3223,129.5608,71180
47.7214,128.8753,155762
41.3975,119.6408,65536
43.2919,126.0094,57515
42.8882,129.5024,326957
49.2833,120.7333,116284
40.6121,115.0646,373422
40.2928,123.2744,71614
48.2870,129.5234,55415
41.9908,122.8253,74139
51.6667,124.4000,23533
43.9561,125.4661,58432
40.6167,120.7167,98968
43.9667,116.0333,120965
42.7372,124.7222,61087
41.2971,124.1209,68994
44.9275,127.1604,94786
43.3108,129.7633,88732
42.0597,126.9158,65298
46.8321,126.4766,99617
46.0833,122.0833,165846
52.9000,122.7667,20056
42.9656,129.8420,78719
43.6125,122.2653,261110
41.7197,125.9264,510000
42.2931,123.8414,333907
46.9754,128.0480,107621
45.3332,122.7846,112819
46.3900,123.4085,66623
46.8614,124.4420,55316
52.3215,124.6976,60874
41.6592,123.3392,148113
47.2349,127.1077,57124
46.6481,126.9666,252245
44.3998,131.1478,98561
42.1859,127.4789,67672
43.1614,124.3778,555609
40.1217,116.6478,117623
44.4113,126.9483,77420
46.6769,131.1327,600000
43.5226,125.6595,62137
45.3798,126.3071,130710
40.7058,110.2856,70357
41.7922,123.4328,7050000
45.7113,128.5803,57550
40.0012,119.7540,140000
45.2056,128.0024,131006
42.0817,126.6003,66576
40.5414,110.5108,104090
46.6414,124.8628,226298
45.7680,130.9953,345033
47.3392,123.9615,882364
46.6983,126.0921,64182
45.1290,124.8277,113611
42.0372,119.2889,67273
42.9372,126.0574,80200
41.1881,122.0494,625040
47.5134,122.8879,62131
49.1741,125.2197,87236
48.4793,124.8702,108253
40.9241,122.8044,56478
41.0982,120.7479,157044
47.1333,129.2743,121367
42.1167,118.7833,60627
44.5480,129.6259,665915
45.5500,131.8833,87257
43.1025,128.9085,58872
47.1794,125.9028,59369
42.5287,125.6788,99419
49.6000,117.4333,54808
42.7713,129.4231,117185
47.3360,123.1960,106384
46.5317,125.1038,152074
42.2847,125.7454,66975
43.3073,124.3337,61584
45.2762,130.2733,77754
41.8069,126.9078,69149
41.2400,119.4011,91418
46.5543,131.1449,83636
41.5061,122.7242,54691
42.8854,125.1367,465249
41.2719,123.1731,687890
46.2577,126.2806,72528
46.9498,128.8685,57318
40.0407,124.3353,59046
50.2236,120.1709,42435
40.7286,124.7847,70867
42.5331,124.0403,112462
44.8091,123.0811,62537
45.2932,130.9622,403759
44.1513,125.8298,175115
41.0667,122.9500,123843
44.3167,126.8000,103988
41.1078,121.1417,604269
40.7643,120.8533,313247
41.0275,113.1058,258757
43.8465,126.5608,1895865
45.2560,131.1164,58520
43.7213,127.3347,123018
46.7971,130.3112,549549
49.4500,117.7000,107828
50.4167,124.1167,135760
41.9417,123.5027,61979
42.8674,130.3569,77028
40.7524,120.8355,944495
47.2042,123.6333,265344
45.8933,126.5784,109104
42.6225,126.2614,66315
41.2647,125.3667,66147
43.5583,128.0239,54959
46.2362,130.5464,66087
42.9721,126.7411,139047
46.3974,124.8845,147977
40.8106,111.6522,2350000
45.2084,130.8981,164844
42.5397,128.9972,85756
41.6892,122.1128,68603
50.2441,127.4902,223832
47.3473,130.2903,743307
45.7500,126.6500,5242897
47.4466,126.9248,109881
44.5715,129.3854,144443
49.2000,119.7000,211066
40.8516,122.7475,191651
41.5956,121.7928,152033
43.5007,124.8198,140909
41.1167,123.4500,70761
50.7833,121.5167,73631
47.9204,123.5005,59239
48.3635,134.2984,30000
47.7949,124.4577,75147
45.1833,124.8167,138704
42.0156,121.6589,689050
41.8867,123.9436,1400646
46.7259,131.1331,59160
47.2472,132.0296,89442
40.4394,113.1536,72444
47.5760,130.8131,42109
40.4536,124.0717,120514
44.4833,126.5000,38105
43.6475,111.9767,16427
41.7764,126.0319,60831
43.3695,128.2286,148844
44.0844,131.1184,61440
41.8144,123.5758,171454
42.6739,125.5289,67820
45.3473,130.8369,109561
44.5367,125.6943,108818
40.0936,113.2914,1850000
43.3067,128.5114,65683
40.6373,122.5025,80223
46.5833,125.0000,1604027
40.1292,124.3947,631973
41.1653,121.3667,56176
41.9653,101.0639,16927
45.5000,124.3000,93297
42.2683,118.9636,346654
45.3361,131.0049,98188
40.9519,117.9588,449325
42.6622,126.0263,75347
41.5703,120.4586,410005
42.7788,124.0954,71284
40.2161,116.2347,93174
44.2730,123.9756,55841
43.8800,125.3228,4714996
44.7598,129.6783,67963
45.7529,130.5845,95260
45.7427,127.4605,62017
41.2886,123.7650,987717
41.7919,120.7792,190315
48.2667,126.6000,436444
46.0762,127.3937,55186
40.6516,109.8439,2150000
46.5747,131.3932,123791
46.3245,132.1897,62991
44.9165,130.5171,66170
43.5833,127.5667,56992
47.6066,126.0823,70472
45.6175,122.8330,316970
41.9385,126.4197,183880
41.1236,122.9900,1450000
46.4487,125.3016,181271
50.5667,123.7167,61582
49.9795,127.4812,192764
45.5456,126.9519,144665
40.2939,118.2714,52277
31.1361,109.3643,22126
29.6550,90.9918,137451
30.3961,114.8865,668727
25.8006,100.5743,96883
28.6321,104.4078,102143
24.8188,103.3324,55000
28.3077,105.0522,43135
28.4521,104.3449,44055
26.5851,101.7128,787177
52.9906,123.2352,39310
22.7636,113.8129,74910
22.7592,113.7945,204881
22.7512,113.8350,320304
22.7291,113.7758,21000
22.5123,113.9255,15300
28.9820,105.6370,58663
22.5231,113.3791,3841873
22.5403,114.0614,28600
34.8988,108.9506,417740
31.6461,120.7422,1677050
24.9482,114.0657,72996
30.8492,120.9258,137112
27.9356,109.5996,370000
33.9662,104.9144,18129
34.0351,105.0329,16160
28.2084,116.8172,63814
33.8697,104.8522,18077
33.5347,104.8142,16272
33.5964,104.8462,16121
33.3431,105.0105,27674
33.4594,104.9578,28369
34.0636,103.2136,15993
33.3792,104.9507,16816
33.3852,104.9196,20469
35.0149,105.8988,34509
35.0616,105.7911,34447
35.1024,105.5656,26896
34.1079,105.3158,22621
33.0677,105.2648,25871
33.5100,105.1812,15397
33.7235,105.6757,21907
33.7347,105.3882,16550
33.8410,105.2312,29955
33.9518,105.2925,38961
33.9993,105.1999,27098
34.0092,105.3402,23852
34.0516,105.3036,24452
34.0641,105.3651,18327
34.2313,104.2230,28292
34.2484,104.3195,19701
34.6276,104.8406,37074
34.6646,104.6978,42260
34.7511,104.8313,24235
34.7608,104.6767,18170
34.7877,104.7753,26352
34.8256,104.7520,16103
24.4036,111.5667,1005490
35.9950,119.4026,1000000
30.3994,120.2517,52400
31.2391,121.3678,229925
27.8251,99.7078,186400
34.4744,100.2450,59900
41.7703,109.9699,22681
43.9389,116.0702,349953
29.2430,91.7724,353700
22.5881,113.9479,40685
40.9930,113.1330,550231
39.6086,109.7816,1940653
29.0379,100.2974,31113
31.3980,109.5706,89080
31.3929,109.3092,17065
31.3194,109.5547,15517
31.0894,109.8873,19130
30.9423,110.0059,19472
30.9341,109.7311,18590
31.1320,110.0940,18961
31.1214,109.9691,16794
31.3022,109.6355,16304
31.2220,109.7107,32340
31.2109,109.3215,21793
31.1128,109.4296,35521
31.1372,109.5221,32059
31.0576,109.5909,56216
31.0902,109.6240,29647
31.0105,109.5048,22434
30.8892,109.1760,24407
30.7798,109.2564,15335
30.8541,109.3765,25919
30.8348,109.5050,15497
31.1906,109.2369,26969
31.4150,108.4697,20632
31.4342,108.2446,17451
31.3564,108.6705,19589
31.2953,108.4810,31394
31.2635,108.4637,40937
31.3330,108.3582,36863
31.3688,108.2421,23608
31.1573,108.0826,26313
31.1944,108.2509,32696
31.1523,108.3167,15452
31.2129,108.3403,31548
31.1898,108.4146,19851
31.1852,108.3954,18819
31.2051,108.5063,17358
31.0000,108.3046,47170
30.9619,108.2433,40941
30.9372,107.9466,19829
31.0843,108.0866,28382
31.1244,108.2906,22900
28.6627,121.4331,1485502
30.8259,108.0287,15338
30.8161,108.2622,23264
30.9016,108.4337,33176
30.8676,108.3697,41762
30.8435,108.3664,88494
30.8248,108.3578,108387
30.8239,108.3022,49357
30.8249,108.3841,85873
30.7983,108.3709,17705
30.7964,108.3858,104351
30.8077,108.4085,24745
30.7628,108.4372,91947
30.7540,108.3696,33715
30.7329,108.2742,16331
30.8570,108.0059,18318
30.7392,108.5998,17904
30.7955,108.6592,19583
30.5156,108.5595,27669
30.5662,108.1693,21326
30.6396,108.2370,28127
30.6691,108.2805,30873
30.7128,108.3419,19550
30.4064,108.3502,15869
29.9417,108.0844,26300
30.3167,107.8825,23448
30.3973,107.4695,21028
30.3976,107.3895,28033
30.3062,107.4130,16605
30.3531,107.5129,26390
30.4724,107.6033,21940
30.2205,107.5040,19072
30.2197,107.4079,20747
30.0966,107.4244,29409
30.0170,107.3258,19133
30.6350,107.8502,18609
30.5420,107.5752,18574
30.6359,107.5963,32971
30.7707,107.4571,18102
30.5296,107.4810,32070
30.7263,107.6573,22686
30.6849,107.6315,19799
30.8148,107.5418,24453
30.8437,107.7241,27741
30.7448,107.8198,17098
30.0608,107.7017,18112
30.2235,107.7057,18727
30.0530,107.7943,29085
29.9057,107.6385,16951
29.8686,107.7303,140954
29.9555,107.8165,30629
30.0448,107.9149,19435
29.8396,107.9851,35701
28.4042,108.9044,53552
28.4260,108.9959,30958
28.2967,108.9584,16530
28.5713,109.2884,18260
28.5078,109.0114,28805
28.6328,108.5002,15220
28.7817,108.6826,19175
29.1520,108.7429,18596
29.5328,108.7748,143727
29.5295,108.8227,25147
29.2834,108.0890,18288
30.0365,108.1821,17335
29.1963,108.2705,18249
29.5309,108.2113,17163
29.6981,108.4353,15797
29.4612,107.1970,18659
29.5107,106.9858,15527
29.7103,107.2944,34541
29.7032,107.3952,156753
29.8554,107.5279,26447
29.7971,107.4575,29285
29.8135,107.3926,41114
29.7373,107.2192,37390
29.9194,107.3404,27564
29.9054,107.2379,37839
30.1717,107.2299,24252
30.0834,107.1722,48193
30.0175,107.1804,35561
29.8259,107.0602,175576
29.7931,107.0371,21509
29.9006,107.0229,36698
30.0196,106.8202,22484
29.8389,106.7426,18669
29.6788,106.4931,15923
29.7186,106.6271,67717
29.6840,106.6149,186972
29.6882,106.5885,18636
29.7672,106.6981,15451
29.8741,106.4982,30980
29.8191,106.5571,33621
29.8329,106.4507,40143
29.8153,106.4291,33981
30.1842,106.5558,39907
30.0233,106.4296,33282
30.0690,106.5029,19375
30.2884,106.4703,16363
30.1758,106.4862,24431
30.1842,106.3165,65894
30.0937,106.2223,61426
30.1760,106.1717,19447
30.3318,106.0736,30424
30.3626,105.9921,17295
30.2682,106.0228,20334
30.1919,106.0588,28746
29.9997,106.2560,186242
29.9988,106.2661,47205
29.9850,106.2653,143766
29.7488,105.7584,17591
29.6544,105.7842,28467
29.6148,105.8946,16103
29.5462,105.8104,16072
29.4854,105.7629,26582
29.7023,105.7236,66325
29.4868,105.5886,18327
29.3505,105.8775,134218
29.3377,105.8924,88948
29.9846,105.9842,19174
29.4677,106.2362,78582
29.3586,106.1852,18151
29.4136,106.2701,47962
29.2583,106.3586,36680
23.3631,104.2505,450000
30.3367,109.1346,59580
44.8933,82.0699,235585
26.5944,104.8333,1320825
30.4514,114.8704,366769
29.1520,107.1034,204775
28.6800,106.7565,30553
28.5965,106.6675,51025
28.8019,106.8059,23898
28.9439,106.8819,46684
29.6929,106.9440,18847
36.4293,94.8246,31941
38.3834,114.5405,38345
36.8545,81.6642,30179
24.1483,115.7227,274499
49.4052,117.6770,18336
36.5436,119.8133,47569
37.1407,79.8351,57153
37.7588,80.2165,26983
37.5417,80.1174,43751
37.2987,79.8303,23624
35.4141,119.5291,661943
36.5454,118.7110,63195
35.7564,115.0436,655674
43.8926,81.3060,17015
43.8504,81.7831,26322
22.3216,100.8879,18962
23.1232,100.0001,16754
24.2774,101.2240,490000
24.7113,98.6532,17484
25.0557,98.3999,37682
26.2342,105.4260,138826
26.2283,100.5600,34655
38.2125,106.2250,30943
38.7332,106.2872,17409
38.3214,106.3680,16723
29.8926,106.6265,19305
29.2492,115.8095,47284
34.6057,105.1150,15165
34.2044,117.2839,1253991
35.0305,106.0630,29394
34.5984,119.2156,2001009
32.3704,120.5765,257400
37.6840,112.7547,1226617
34.3678,107.2370,1437802
34.2447,118.2211,66419
44.0530,80.8717,360000
33.3979,104.9170,85826
40.7414,107.3860,1760000
37.8664,76.6958,17351
38.4127,77.2303,22255
43.0148,92.8828,30513
36.8853,81.5230,21862
39.8698,79.0612,135727
29.3243,107.7606,78225
22.3816,107.3683,384905
21.7066,109.4750,31173
37.3010,79.6013,75730
21.7694,108.3566,276315
25.6886,100.1589,82566
25.7098,100.2606,21274
25.7543,100.1235,28002
25.7892,100.1228,20784
34.2528,117.2517,345393
34.3653,118.4747,30958
34.1428,118.3353,44409
34.1861,117.9878,48712
34.2844,117.0752,52219
34.2824,117.5527,66563
34.5529,117.3330,54960
34.4220,117.4676,49005
34.5385,116.6245,51916
34.6715,116.4921,67140
34.4962,116.9225,57825
36.5266,118.9929,92564
36.4497,118.7602,33992
36.2211,118.6966,78408
36.3200,118.8554,31797
36.2714,119.0490,59323
36.3346,119.2581,39054
36.2473,118.8383,33881
36.1488,118.9514,28333
36.9122,119.5566,53474
36.9453,119.3253,25923
37.0425,119.4765,23395
36.3274,119.7788,77235
36.2818,119.5519,62917
36.3723,119.5821,75669
36.6471,118.6055,80055
36.7712,118.4245,105070
36.7492,118.5827,84083
36.8900,118.5738,73470
36.6386,118.2314,38147
36.6210,118.5287,49545
36.7470,118.3166,66728
36.6998,118.6709,91460
36.9535,118.7625,60149
36.9459,118.5886,52660
36.7572,118.7387,52144
37.0273,118.6339,60354
37.0650,118.8103,57091
38.0166,114.1533,17200
38.6464,106.4304,24165
38.1019,106.3402,52863
38.1614,106.5850,48587
38.3841,106.2720,42022
38.2487,105.9707,24696
38.1858,106.1200,27723
38.9808,106.3892,739400
35.5234,119.5101,28784
35.4493,119.2361,29978
26.2532,108.6578,21425
26.5637,108.0658,46402
24.6928,108.0838,330131
21.7148,109.1321,24048
22.4405,99.8001,15380
22.3342,100.1731,15483
22.9042,99.8029,21828
22.2614,100.0829,17303
22.9910,99.6345,16180
22.7112,99.9956,24059
22.2200,99.6996,18529
22.5782,100.2692,29703
22.7152,99.8071,35766
24.4353,98.5837,99970
24.3973,98.5177,69586
24.6160,97.8822,45270
24.6612,97.8526,30032
25.0800,98.5775,22668
24.9702,98.3937,24814
24.9319,98.6701,39273
25.2114,98.4840,27373
25.4931,98.5415,40221
24.7031,98.5701,27049
24.8591,98.6678,32858
24.7525,98.4830,16336
25.3123,100.2798,62540
25.4254,100.2124,53970
26.0253,100.0677,53233
26.7504,100.6589,56345
26.4617,100.6786,39766
26.6212,100.5543,32074
26.7627,99.9918,23680
27.1676,100.9201,21008
26.5793,101.3632,20074
27.4298,100.7970,20060
30.7645,108.3959,1545900
31.0254,109.3856,55627
35.1152,109.0970,217509
33.6553,105.6579,16273
34.2049,105.3365,23940
34.7345,105.3861,36718
34.8121,105.1715,22066
34.9728,105.5584,37008
34.7519,106.0603,20868
34.9898,106.0721,21846
35.0662,106.0332,22032
35.0234,106.1349,16592
35.7098,107.6445,2125400
37.3522,101.7393,18308
38.5820,77.4762,23583
38.3801,77.3132,17398
38.6084,77.3964,25119
38.6588,77.4664,15846
38.4891,77.5402,16951
38.4596,77.4790,39243
38.8574,77.5047,17579
38.8090,77.4486,34658
38.6228,77.2795,16413
38.4540,77.2492,32419
38.5501,77.2083,19809
38.5452,77.2573,34554
38.3631,77.2315,29579
38.3618,77.1297,31525
38.3407,77.4691,27038
38.4889,77.2014,29930
43.9659,81.2485,33131
43.9255,81.4121,18537
43.7977,81.5243,19986
43.9303,81.6932,15427
43.7195,81.8640,19621
43.7560,81.8606,18669
36.8130,81.6669,17941
36.8548,81.6355,17612
37.0657,79.8000,27137
37.5849,80.1840,19828
37.1692,79.6898,27352
37.1965,79.7057,24524
37.4842,79.5956,40892
37.2960,79.6358,43212
37.3545,79.7210,26346
37.2752,79.6781,23408
37.3174,79.7053,35142
37.2423,79.6928,18800
37.3449,79.7681,24685
37.3202,79.5593,16400
37.4119,79.5143,33949
37.2142,79.6290,52165
36.9887,119.9222,60034
36.9011,119.8657,51267
36.1381,119.9135,50371
29.4561,106.8578,29134
29.3896,106.6078,47636
29.7785,106.2851,21185
29.7162,106.6068,128563
28.9916,106.3484,18883
29.1002,106.3954,38386
28.8554,106.3360,20509
29.8783,107.6992,39897
29.9976,106.3902,44237
30.6611,107.7661,137620
29.1685,107.0064,20489
28.8338,106.7554,25164
28.8650,106.8381,22162
28.5408,106.6807,43680
29.0213,106.8201,17634
28.8963,106.6684,21048
24.5866,98.6893,270000
31.3379,104.2206,510000
32.4073,104.5274,180000
30.0896,105.8567,16368
30.7684,108.4844,34962
29.2445,105.8800,38112
29.3694,105.8832,42383
49.2114,119.7558,349400
22.7318,113.8119,17093
22.7385,113.8076,67093
22.5521,113.8829,4476554
22.5359,114.0771,70826
22.5776,113.8739,39271
22.5795,113.9163,120170
22.5878,113.9440,23100
22.4871,113.9396,16921
22.5200,114.0338,32980
22.5381,114.0150,16800
22.5238,113.9097,18400
22.5472,114.1315,1143801
23.3678,103.3821,595100
25.8232,98.8585,197000
37.5192,111.1444,3346500
29.6488,94.3551,200000
29.8931,91.2617,50596
29.6384,91.0444,478275
22.2077,113.5483,126000
22.2021,113.5439,129800
22.1999,113.5490,33100
22.1885,113.5349,51700
40.2914,97.0454,15612
44.6984,84.8336,29891
30.3887,120.2426,30000
5.0221,-74.0048,130432
4.3946,-76.0715,28761
7.4897,-74.8692,24067
3.5823,-76.4915,71436
5.3357,-72.3939,168433
7.0062,-73.9097,17597
6.9632,-75.4174,22368
5.0089,-74.4723,20689
4.1324,-73.6256,321717
7.8339,-72.4742,64951
10.6077,-72.9790,18699
5.2833,-71.9667,31727
5.0457,-75.5147,35302
6.0133,-73.6735,19376
10.4654,-73.2531,490075
6.3170,-76.1342,18846
5.3093,-73.8157,20485
8.0926,-76.7282,50508
10.3294,-75.4114,56171
1.0865,-77.6186,40038
5.5448,-73.3576,172548
1.7911,-78.7927,86713
4.0847,-76.1954,221684
9.4508,-75.4386,20033
9.5239,-75.5814,27390
4.9653,-73.9130,15355
2.7717,-77.6654,21618
8.1736,-76.0592,26242
5.0179,-72.7468,21709
2.1125,-75.8242,16108
6.4607,-71.7362,29099
5.2660,-76.5649,17000
5.4530,-75.6507,26571
8.8114,-74.7208,23210
2.9539,-76.6964,19690
5.7106,-75.3107,33598
10.9184,-74.7646,342556
5.7143,-72.9339,111336
6.4684,-73.2602,29997
4.5794,-74.2168,655025
10.7774,-74.7205,33440
9.3045,-75.3905,277773
9.2439,-75.1467,30768
7.9579,-73.9436,15353
4.4037,-74.3867,20581
4.4915,-74.2596,23208
4.2642,-75.9309,43738
7.0799,-74.6989,39938
6.2854,-75.3338,18051
6.1383,-75.2642,17722
10.7577,-74.7545,28693
6.6474,-75.4603,37864
4.8681,-75.6214,57928
10.4447,-75.3697,18375
3.0095,-76.4849,99354
11.2386,-74.1943,499192
10.3242,-74.9602,15760
8.2752,-76.3764,30527
10.0515,-75.2678,37160
9.7359,-75.5263,32957
3.6964,-73.6996,22281
8.6597,-75.1281,60735
1.5029,-77.2154,16653
9.9516,-75.0820,34110
8.7592,-76.5297,19992
10.7711,-73.0031,40069
9.8277,-75.1217,23576
6.5595,-73.1364,46152
10.3983,-75.1511,16518
10.3338,-73.1805,18531
8.7958,-75.6995,23532
8.9290,-75.0271,18181
9.3741,-75.7589,34196
12.5786,-81.6997,58257
9.1836,-75.3817,21204
1.3385,-77.5957,49085
5.9650,-75.9654,15782
5.4073,-75.4875,18076
8.9462,-75.4428,59188
6.1515,-75.6166,82375
10.6307,-74.9221,102334
10.7912,-74.7606,35044
7.3915,-73.4957,27845
4.2392,-75.2400,20452
4.4126,-76.1546,27561
2.7772,-75.2564,22877
5.4216,-75.7032,18950
6.1551,-75.3737,128153
11.5444,-72.9072,188014
3.5297,-75.6453,19090
6.0586,-75.5031,20700
4.2583,-73.5614,17610
10.4952,-75.1245,25467
5.3396,-75.7302,34069
4.6231,-75.7628,35350
5.6919,-76.6583,129237
3.8587,-74.9313,29539
0.8714,-77.6403,16431
7.3483,-73.8960,31698
5.8726,-74.6405,17231
3.2311,-76.4167,46215
8.3636,-72.4063,16275
5.4630,-74.6544,15019
1.9100,-75.1593,33765
4.0991,-72.9565,16678
-0.1934,-74.7819,20045
10.9878,-74.9547,26227
6.1904,-67.4839,20936
5.9760,-74.5852,27310
6.4916,-74.4033,51079
0.5051,-76.4957,29782
10.9938,-74.2844,33720
3.4211,-76.2447,44630
2.4382,-76.6132,318059
10.6430,-74.7539,23420
10.7770,-74.8534,19454
8.4115,-75.5851,69708
3.1970,-75.6451,21557
4.9533,-77.3660,18561
10.4617,-74.6162,33047
1.8537,-76.0507,135711
8.9192,-74.4677,23349
6.9879,-73.0495,163362
4.8143,-75.6949,467269
5.8815,-71.8917,34446
4.2975,-75.0967,37496
2.0690,-77.0527,37781
1.2146,-77.2785,392930
7.3757,-72.6479,53587
3.5394,-76.3036,312519
10.7406,-74.7544,27098
8.9567,-73.6238,16800
2.6464,-75.9727,36977
5.1343,-75.1400,19311
5.1328,-74.1598,16698
8.2377,-73.3560,101158
9.8017,-74.3930,17470
2.9300,-75.2797,357392
5.1665,-75.5200,20495
8.0942,-74.7757,24066
3.6206,-75.0941,22455
4.7059,-74.2302,128012
8.2762,-73.8680,18678
8.7508,-75.8782,490935
4.5664,-75.7511,41996
7.9792,-75.4202,90450
5.8764,-73.5728,20848
9.2419,-74.4267,30861
9.2377,-75.6749,16264
1.1528,-76.6521,56398
1.2574,-70.2355,29850
3.2528,-76.2292,43333
4.2047,-74.6407,25980
6.2450,-75.5715,1999979
4.9372,-75.7378,15455
5.1989,-74.8929,33340
6.1736,-75.3362,57403
9.9832,-75.3016,23401
5.2540,-75.1540,16532
5.0668,-75.5068,434403
10.4459,-74.9587,19233
10.8595,-74.7739,129148
6.6990,-72.7323,19884
11.3784,-72.2395,166603
10.2329,-75.1899,26075
9.2420,-74.7547,123982
4.7325,-74.2642,135000
10.6171,-75.1515,27647
7.8379,-72.5037,58661
9.2365,-75.8135,40605
4.9218,-75.0623,39459
-4.2108,-69.9394,48144
4.8624,-74.9098,17197
4.8997,-75.8825,25900
5.9743,-75.3619,20769
4.5328,-76.1032,41013
1.6045,-77.1315,15061
4.4527,-75.7875,27098
2.3934,-75.8923,19275
5.2667,-73.9167,26699
9.5623,-73.3341,21386
6.1577,-75.6432,49386
5.4478,-74.6631,81950
6.0313,-75.4333,36584
10.8293,-75.0335,18828
3.2607,-76.5350,44833
7.1712,-75.7640,23784
6.1846,-75.5991,281853
0.8250,-77.6397,77729
4.4357,-75.2029,529635
5.2086,-74.7358,28158
4.0308,-74.9701,30516
9.1433,-74.2238,25312
5.0669,-74.5950,41838
2.0248,-75.7559,15913
3.7638,-76.3329,19637
3.5463,-73.7069,68876
7.0682,-73.1698,108466
4.3008,-74.8075,107324
2.3868,-75.5474,36055
2.1959,-75.6278,29451
9.1609,-75.0481,20239
10.8969,-74.8860,19732
4.3365,-74.3638,88820
4.7164,-74.2120,116890
10.5207,-74.1850,59175
6.7713,-76.1332,20156
5.1526,-75.0362,17668
10.8861,-72.8487,32220
7.0622,-73.0864,267591
3.3223,-76.2348,47173
1.6155,-75.6041,168346
4.2900,-74.8161,29296
4.8137,-74.3545,141762
4.1492,-74.8843,56213
6.1759,-75.5917,163007
7.9325,-72.6012,26019
10.6113,-74.2682,19345
1.6782,-75.2847,17775
10.1503,-73.9614,28550
2.4808,-78.1097,28673
3.6855,-76.3137,38390
9.7174,-75.1202,47957
6.6974,-73.5112,17638
9.0011,-73.9758,54522
7.6035,-74.8095,51150
5.8245,-73.0341,92040
4.8392,-75.6673,206693
3.9314,-76.4848,15763
7.0002,-76.2691,22717
9.1999,-73.5427,34838
4.4455,-69.7990,23990
7.9074,-72.5049,777106
9.0389,-75.7897,16215
4.8094,-74.0980,20462
9.3185,-75.2933,39800
3.1730,-76.2627,33846
6.3463,-75.5089,49169
6.0464,-75.9070,16095
4.6189,-75.6358,27135
6.3142,-73.9497,50892
8.8744,-75.6203,17623
11.0070,-74.2476,88311
10.0250,-74.6228,18208
9.3624,-73.6031,27006
5.6164,-73.8175,45294
9.1057,-75.3981,50743
4.9825,-75.6036,68512
9.2578,-73.8123,30289
7.6664,-76.6811,86239
4.8588,-74.0587,124309
3.7231,-75.4832,19982
8.8848,-75.7905,94935
7.9865,-75.1935,58034
4.7464,-75.9117,134972
10.3982,-75.4933,914552
6.0824,-75.3351,49642
10.4591,-74.8797,15631
3.4067,-76.3482,23989
10.3781,-74.8836,22810
2.6849,-75.3231,22568
3.4305,-76.5199,2392877
6.0911,-75.6357,82234
4.5295,-75.6409,79569
4.9186,-74.0280,54111
4.3324,-75.8267,32417
3.9009,-76.2978,114316
1.3836,-77.1562,19951
3.8801,-77.0312,240387
3.5833,-77.0000,432385
7.1250,-73.1189,581130
9.9711,-73.8882,40562
4.6097,-74.0817,7674366
6.1128,-75.9838,15097
6.3373,-75.5580,392939
5.2009,-75.8687,21450
9.7041,-73.2793,20477
10.9685,-74.7813,1206319
10.9567,-72.7946,38232
7.0653,-73.8547,191403
6.4381,-75.3314,53943
5.9317,-73.6151,20372
10.7941,-74.9164,68383
2.0418,-77.2165,18910
8.3137,-75.1398,56082
9.4983,-73.9759,18434
4.5366,-75.6726,304314
10.2544,-75.3439,50405
10.2500,-74.0000,26246
7.0847,-70.7591,85585
10.5918,-74.1898,41872
7.8830,-76.6259,86438
6.5569,-75.8281,23216
5.3328,-75.7911,33146
5.6561,-75.8788,16419
4.1706,-76.1664,18132
4.3964,-75.4450,25715
11.1610,-72.5924,26940
5.1728,-72.5471,15669
5.6116,-75.4562,20712
8.3084,-73.6166,97525
3.9870,-73.7580,40627
5.7893,-75.4273,17599
2.7545,-76.6279,29737
2.5142,-76.8494,18761
5.9258,-75.6706,18790
4.8558,-73.9817,37676
7.7585,-76.6526,20627
5.8539,-76.0253,23361
8.5567,-74.2635,17939
10.0367,-73.2356,51478
8.0018,-73.5114,20452
1.9356,-76.2406,24593
9.7903,-74.7824,48606
2.5680,-72.6397,52815
0.6675,-76.8730,57774
2.6392,-76.5306,44000
9.9037,-83.6836,28955
9.7430,-84.2322,22433
10.0975,-83.5066,18231
9.9619,-84.0494,34447
9.8765,-84.0748,15051
9.8310,-84.2901,27419
9.9283,-84.1354,25410
9.9283,-84.0507,27477
9.9956,-84.0966,21662
9.8712,-84.0608,28827
9.8781,-84.0844,15469
9.9619,-84.0788,26047
10.9519,-85.1357,31430
9.9339,-84.0849,335007
9.3674,-83.6971,34877
9.9938,-84.1274,55923
9.9044,-84.1062,24985
9.9003,-84.0017,16991
10.3266,-84.4320,27310
9.9569,-84.0321,30034
9.9769,-84.8379,35650
9.9907,-83.0360,63081
9.8806,-84.0355,23983
9.8385,-83.8666,39702
10.1504,-85.4509,15313
10.0061,-84.1302,26007
10.6352,-85.4378,45380
9.9655,-84.0182,26669
9.9987,-84.1159,21947
10.2168,-83.7848,19092
9.9481,-84.0567,26005
9.9920,-84.6663,15575
9.9139,-84.0359,34586
9.9553,-84.0824,15875
9.9842,-84.7789,26354
9.8637,-83.9195,26594
10.4311,-85.0982,20306
9.9453,-84.0669,20710
9.8614,-84.0927,25874
10.0172,-84.2127,47494
9.9616,-84.0488,34447
20.2747,-76.9513,28944
22.3269,-79.2357,42218
22.6189,-83.7069,27129
23.0811,-82.3545,23000
21.2582,-78.1498,29704
21.7375,-78.7934,16601
23.0500,-82.2500,74650
23.1377,-82.3934,108369
23.1568,-81.2444,20000
20.6001,-76.1336,43892
22.7950,-81.5362,33646
21.8022,-79.9847,60206
21.2363,-77.5256,16856
22.5868,-80.2426,45476
22.9700,-82.3869,35241
20.0229,-75.8217,555865
20.7163,-77.9982,34601
23.1536,-81.9226,18402
22.4071,-79.9658,250512
23.0954,-82.3267,159273
20.1881,-75.8503,67293
22.9612,-82.1515,54847
21.9343,-79.4398,127069
22.7166,-83.0565,59579
22.8902,-82.5010,42724
22.8067,-80.0756,62073
20.5827,-75.2412,18282
22.3418,-80.5560,19212
20.3667,-75.0167,25753
20.5597,-76.9167,23737
22.4950,-79.5455,34108
23.1250,-82.3319,44431
22.3727,-80.1505,43695
21.1952,-76.6036,76838
21.9450,-78.4313,17934
22.3118,-79.6544,55408
22.4165,-83.6966,186990
19.9055,-77.3215,28752
22.7699,-81.0183,24073
22.7271,-81.2896,26761
22.2413,-80.3911,23078
20.2113,-75.9936,102826
21.5459,-77.2650,54022
21.8876,-82.8066,20264
20.0470,-77.5809,18771
23.0794,-82.3769,27209
22.1077,-78.6267,66060
20.6578,-74.9507,92852
22.5869,-83.9455,34419
21.4880,-77.6103,20863
20.1430,-77.4353,16713
23.0439,-81.5828,146733
22.9893,-82.7538,28987
23.0739,-82.4189,134057
20.3417,-77.1213,128188
23.0679,-82.3414,206918
22.1502,-79.9787,41532
20.2467,-74.1518,28276
22.9100,-81.8564,33798
22.5888,-83.2467,25703
22.9504,-81.4106,25421
23.0939,-82.3719,23118
20.9613,-76.9519,203684
21.7724,-79.2683,16937
22.8720,-82.4233,28796
22.4148,-80.2931,22602
23.1330,-82.3830,2163824
22.8038,-81.1913,47164
20.9692,-76.2994,17804
20.9075,-77.2819,49403
20.3679,-76.4274,41106
21.1614,-76.4792,51002
21.9433,-79.1691,19644
23.0442,-82.0092,20207
22.5269,-81.1286,54363
20.8872,-76.2631,319102
20.2549,-76.5393,18408
22.7961,-82.5067,69879
22.8373,-82.0264,68935
20.1444,-75.2092,272801
22.2018,-84.0848,16548
22.9262,-82.6869,25258
23.1252,-82.3007,112964
21.0522,-77.3499,39358
21.1099,-76.1315,27603
23.0239,-82.4080,178601
22.1047,-79.7214,19991
21.5254,-78.2258,63007
22.1461,-78.9733,19811
21.8514,-78.1172,20274
22.6180,-79.8660,26155
22.1525,-80.2035,38687
20.6486,-75.9297,26527
22.3420,-80.2702,24906
22.9821,-80.5856,51881
20.2988,-76.2451,70438
22.5042,-83.5144,69857
21.8767,-79.8401,38248
22.7206,-80.9049,63882
20.9881,-77.4260,20096
23.1648,-82.3012,20390
22.0192,-78.7036,29560
22.6493,-80.0494,40142
22.1468,-80.4481,186644
21.8422,-78.7603,142027
22.1953,-78.9123,24114
23.1081,-82.3866,132351
20.5571,-76.4727,21159
23.0366,-81.2060,98515
20.2333,-77.2799,25069
22.4833,-79.7500,35515
21.3808,-77.9169,347562
22.5342,-80.9111,23255
22.5200,-79.4660,39140
20.7377,-76.3257,42623
22.0787,-79.4973,44515
22.9286,-82.3886,18123
20.3737,-76.6427,192632
22.9823,-82.5472,45768
20.1664,-76.9429,53024
21.6822,-78.6257,15268
20.3471,-74.4962,48362
20.9612,-75.7220,53104
23.0535,-82.4476,147415
22.9033,-83.1599,19834
22.8137,-82.7581,68073
23.0381,-82.3770,210053
20.8191,-77.5796,41523
22.8052,-82.5839,15275
23.1101,-82.4232,240000
23.1579,-82.2784,100000
22.3852,-80.8479,23606
22.2780,-80.5693,16711
23.1608,-82.3280,178041
23.1383,-82.3642,158151
23.1303,-82.3531,95383
21.2422,-77.8263,21169
23.0072,-82.4017,188593
23.0881,-82.3597,227293
23.1194,-82.3920,139135
14.9315,-23.5125,137868
16.8901,-24.9804,69013
15.1000,-23.6833,21297
16.7552,-22.9446,24500
12.1225,-68.8864,125000
12.0926,-68.8309,20838
35.0125,34.0583,20230
34.7207,33.0845,17325
35.1487,33.3338,67904
34.7768,32.4245,35961
35.1728,33.3540,200452
35.1987,32.9934,24070
34.6841,33.0379,154000
34.9221,33.6279,72000
35.3363,33.3173,26701
34.6972,32.9932,23231
35.1176,33.3254,40000
35.1249,33.9413,42526
35.1542,33.3964,21543
35.1627,33.8832,20502
34.9478,33.5881,22934
50.4317,15.8140,16150
48.8555,16.0488,35280
49.2264,17.6706,72973
50.0833,14.4500,58267
49.1965,16.6474,18920
49.5626,15.9392,20404
50.3272,13.5458,18959
49.2139,16.5725,19387
50.0573,14.5038,35228
50.1094,14.5167,17465
49.2775,16.9990,20645
49.3387,17.9962,28575
50.0673,14.4603,36836
49.4718,17.9711,27481
49.9739,16.3936,15151
50.6607,14.0323,90378
49.0251,17.6471,16367
49.0697,17.4597,24887
50.5610,15.9127,31398
49.6776,18.6708,38415
49.2149,15.8817,34530
50.6404,13.8245,50912
49.4144,14.6578,36264
49.7559,16.4683,16073
49.9653,16.9706,28768
50.1267,14.4936,15705
49.2614,13.9024,22355
50.0500,14.3167,60758
49.9169,18.3362,23034
50.0765,14.5104,37665
50.1813,12.6401,22007
50.0720,14.4041,34987
50.2305,14.0869,15070
49.4585,18.1430,17238
49.9917,14.6543,17143
50.0706,14.3005,22461
50.1037,13.7334,15682
49.4719,17.1118,43408
50.1153,14.5069,16850
49.6899,14.0104,32773
49.4551,17.4509,40906
50.0880,14.4208,1165581
50.1424,15.1188,15232
49.7475,13.3776,168733
49.3088,14.1475,29774
49.4313,15.2234,16541
50.0408,15.7766,88520
49.2093,17.5394,17401
50.3059,12.9391,15681
49.8347,18.2820,279791
49.8453,18.4301,34282
49.9387,17.9026,60252
49.5955,17.2518,99496
50.0646,14.4399,35150
49.5944,18.0103,26547
50.0783,14.4209,27105
50.2593,14.5176,16427
50.4167,16.1629,21263
50.5030,13.6362,63474
50.0112,14.4096,33574
50.4113,14.9032,43684
50.0480,14.4622,21402
50.3505,14.4741,19231
50.3570,13.7967,18068
50.6042,13.6181,22387
50.5335,14.1318,24489
49.2071,16.6948,24563
50.7671,15.0562,102951
50.1082,14.4746,36151
50.1333,14.5167,21702
49.9484,15.2682,21642
49.2978,17.3931,27917
50.0897,17.7038,22518
50.0416,14.4457,27344
50.2411,14.3115,17373
50.0744,14.4437,48805
49.2252,16.5899,24212
50.0671,14.3633,16145
49.5995,18.1448,23424
50.0281,15.1998,33444
50.1237,14.4521,27030
49.3955,13.2950,22763
50.1473,14.1029,69664
49.8540,18.5417,48637
50.2327,12.8712,45500
50.3833,13.2667,18759
50.4998,13.4477,19240
49.1440,15.0030,22812
49.3961,15.5912,50108
50.4372,15.3516,16328
50.7243,15.1711,46209
49.5480,17.7347,17969
50.2092,15.8328,90596
50.0486,14.5244,19161
50.0500,14.5667,15303
50.1047,14.4495,37664
48.8489,17.1324,23517
50.0436,14.4016,23461
49.6069,15.5794,24356
49.7798,18.4369,82768
50.0361,14.5267,22059
49.6833,18.3500,53590
50.1008,14.3907,23401
50.7822,14.2148,46376
49.9511,15.7956,23630
50.4605,13.4178,46771
50.0367,14.5044,50043
50.0796,12.3739,32808
49.7461,18.6261,25750
48.9745,14.4743,93426
49.9044,16.4441,16655
50.6855,14.5376,36815
49.2264,16.5303,22685
49.9884,17.4647,15037
49.1952,16.6080,379466
48.7590,16.8820,25789
50.0350,14.4152,17777
50.1871,14.6633,20313
49.9041,18.3575,23075
50.1333,14.4167,16444
49.3630,16.6445,20002
49.9638,14.0720,21521
49.7816,14.6870,17043
50.1048,14.5797,22466
49.1934,16.6071,86685
50.7272,12.4884,98796
49.2469,7.3698,35221
50.6945,6.6541,20208
52.2160,13.4491,17138
50.8977,14.8076,25785
49.4424,10.9541,25734
51.9662,12.0852,15680
51.0496,12.1369,29469
52.4333,13.2500,54328
51.6588,6.4530,21587
51.3707,12.7394,15233
49.7939,9.9512,133731
50.8181,6.1347,37074
51.2563,7.1482,360797
52.4238,9.4359,42080
51.2820,7.0382,21003
49.0489,8.2596,17272
49.6328,8.3592,81099
52.4245,10.7815,123064
47.9129,11.4217,17191
52.1644,10.5410,54740
51.6612,12.2687,25251
51.3410,9.8554,16055
53.1612,12.4829,17361
53.5768,7.7757,21355
49.9860,6.8931,17887
53.0001,11.7494,20171
52.5932,13.3213,24726
51.4436,7.3526,101247
53.8922,11.4556,45255
51.1161,7.3986,23723
53.5937,10.0112,56382
53.3578,10.2116,32662
48.8756,9.3982,28334
50.8167,8.1000,21505
52.4833,13.3167,101877
51.2637,6.5473,51843
52.5238,13.1892,40463
53.5476,8.1039,84393
53.4962,10.0171,53064
52.8945,8.4337,18114
49.2950,8.6985,27049
50.0860,8.2444,278609
50.9495,7.5506,26291
51.5337,7.6164,15225
50.5611,8.5049,52656
51.3875,7.3928,29146
53.2568,7.9274,21902
52.5171,13.2764,41328
50.8271,6.9747,35665
51.6669,6.6204,61685
50.5600,9.7129,16410
49.7590,9.5085,24869
51.1846,6.8125,27151
51.8365,10.7822,34463
51.6645,7.6342,30810
51.4880,7.3122,15345
51.1397,7.2158,36816
51.5549,7.9140,32149
51.2601,7.7661,20366
52.3787,12.9340,22384
50.7360,12.3753,24424
48.6712,9.3763,15728
50.9667,7.8667,19924
49.3523,11.1507,16220
49.9039,8.5887,24253
51.5040,14.6402,22099
51.2015,11.9684,29792
49.0309,10.9722,18578
48.8131,9.3639,26166
49.5489,8.6670,43325
47.8101,9.6386,23802
50.9803,11.3290,64727
47.8415,11.1548,23378
50.7529,6.8459,16321
48.7495,8.8718,19338
47.5933,7.6208,29548
49.6768,12.1561,42550
52.5563,13.4665,47693
51.1422,6.2844,29622
53.1654,7.3497,15718
53.5837,9.6983,31995
52.5473,13.3559,85275
51.1001,6.1548,16641
51.4449,8.3485,28532
51.9511,7.9876,38707
53.5199,12.6813,21470
53.0594,8.1967,16019
51.4901,9.1464,24317
47.6895,9.8325,27045
52.7420,13.4580,19888
51.6213,7.4024,30220
52.8615,9.5926,24448
52.3500,8.0167,24201
47.6232,8.2172,22404
48.2085,12.3989,24676
48.0958,7.9637,20155
50.8758,7.6169,19533
48.8324,9.3164,52945
49.2499,8.5126,20178
49.2667,6.7833,18464
49.5412,6.8877,17282
50.6333,7.1000,20032
52.0379,6.8280,22412
53.6497,10.1842,20685
49.2516,6.8587,41132
51.5970,6.6863,36047
52.1653,8.8600,20214
48.6270,13.1922,16695
48.0623,8.4936,81770
51.2544,6.3944,76153
49.5403,8.5782,32620
52.0401,8.1527,20996
51.8833,8.5167,24002
52.9234,9.2349,26924
51.3354,7.0435,87669
53.1792,8.6223,34757
52.7263,8.2860,29729
52.2604,10.3649,16219
48.1054,11.7683,21007
53.3969,8.1362,25212
48.9356,8.9604,28867
53.6888,9.6620,17921
51.6569,9.6350,15951
48.2804,11.5768,25567
48.0660,11.6156,20852
47.9193,7.6905,15908
51.5380,7.6897,66734
48.3984,9.9916,120451
51.3548,6.6392,17888
52.9657,10.5611,34996
47.7698,9.1714,21507
50.9177,6.1234,25544
47.9846,8.8177,34847
48.5227,9.0522,83416
48.0767,8.6441,15040
50.8090,7.1497,74749
49.7557,6.6394,100129
47.8683,12.6433,18422
47.9627,12.5923,21244
51.5602,12.9962,18746
51.3209,6.4941,30296
47.6686,9.5913,18135
53.1187,13.5022,17634
52.4667,13.4000,61769
52.4031,13.2601,19530
51.9800,7.7829,19389
52.5760,13.2939,36764
50.1499,8.1521,29501
48.0486,11.6170,17791
52.9134,8.8221,24274
51.3281,8.0037,27554
49.5013,11.7460,19252
49.2988,7.0570,18364
50.6091,10.6940,43509
48.7823,9.1770,630305
53.0333,8.7500,32507
52.5786,13.8874,26649
48.8813,12.5739,44580
54.3091,13.0818,58976
51.4419,6.2664,15325
50.7737,6.2260,56377
53.8922,10.6471,16562
47.8511,9.0091,16844
52.6069,11.8587,37722
53.5922,9.9287,23472
52.0000,8.4000,19869
52.1504,7.3366,34601
53.6103,10.0592,19343
52.4561,13.3320,72464
51.8519,11.5851,22960
48.0019,11.3442,23940
51.9940,6.9192,20602
52.3233,9.2031,23076
50.8226,9.0129,21720
53.5941,9.4730,45634
52.5366,13.1506,46369
51.3467,7.2434,26400
52.2084,9.5542,29828
49.3208,8.4311,50343
52.1402,8.4848,15625
47.5182,10.2826,21285
50.3592,11.1746,23908
51.3697,10.8701,21802
51.1591,11.1152,20853
52.9864,9.8434,21945
51.1734,7.0845,164359
51.5756,8.1062,48037
50.5438,7.2464,17880
49.2529,8.8787,35219
47.7593,8.8403,48033
48.7000,9.0167,61311
50.6000,6.3000,15646
48.0883,9.2303,16592
50.8748,8.0243,107242
50.8002,7.2077,39135
53.6667,10.0167,46272
51.5252,14.0016,28988
51.8565,7.4833,20363
48.3244,10.0444,22275
51.6969,7.4681,27540
50.0432,8.9739,19569
50.1706,12.1305,17132
52.3139,9.9682,23060
53.4000,9.9667,41266
51.8909,10.1785,21909
52.3963,9.5973,32899
49.3822,8.5823,22593
51.4439,7.5675,50399
53.6294,11.4132,96641
51.2863,7.2939,30235
50.0494,10.2218,54012
53.0596,14.2815,30189
50.5379,12.7852,16168
53.2240,8.5897,20015
49.3253,12.1098,28235
51.2167,6.2667,19435
50.9333,9.2167,19279
49.3000,6.8167,18708
49.1113,9.7391,36543
48.7995,9.7981,61216
49.3305,11.0235,38554
48.5607,11.2607,16143
48.2240,8.3858,18565
53.5380,7.9477,21357
48.8054,9.5272,39697
47.6510,7.8209,19386
52.4980,13.3443,122658
52.0168,11.7307,30387
53.1174,9.7924,19199
53.6374,9.9197,30100
50.5947,12.6414,16784
49.4333,6.8500,17596
52.4752,13.2907,22733
51.1547,8.2851,26132
50.7214,10.4439,19553
50.3489,9.5253,17260
54.5202,9.5683,24114
51.3968,12.2214,18487
49.3667,7.1333,15780
49.3842,8.3775,19209
51.5492,7.5391,22065
48.0168,9.5006,17911
53.6538,10.1118,23131
52.2349,9.8541,18718
49.4663,7.1681,26904
49.2770,7.1167,38697
50.7754,7.1970,56094
51.4722,11.2953,23347
52.8543,11.1525,21058
51.6717,8.6009,24561
52.1570,10.4154,103866
49.3137,6.7515,38333
49.2326,7.0098,179349
50.6483,11.3654,28023
49.9896,8.4225,59730
52.5015,13.4934,25697
52.4241,13.4853,42631
50.7204,11.3405,25476
48.1678,8.6272,25510
48.4763,8.9353,42721
53.5665,9.9926,17114
49.2476,11.0911,25083
53.1103,9.4036,22139
54.0887,12.1405,198293
50.8956,7.1818,26868
47.8564,12.1225,60167
52.3194,9.6554,23416
53.5845,9.7659,16051
52.1860,9.0792,25626
51.8092,8.4284,28672
51.3078,13.2917,37156
49.3000,6.9333,15647
54.2422,12.4567,17152
51.4006,6.7119,78203
47.5601,7.7871,32535
52.2851,7.4405,76491
51.5465,6.5953,32188
50.6256,6.9491,26262
51.8354,6.6960,19140
51.8497,8.3002,46123
48.4914,9.2043,112627
48.7697,8.9387,17442
54.3018,9.6717,28323
51.1798,7.1925,117118
50.5788,7.2270,16280
52.5639,13.3355,83972
49.8292,8.8357,17841
53.5177,10.2486,25261
50.6228,12.3034,22530
49.0151,12.1016,129151
51.7626,6.3978,22544
51.6138,7.1974,122438
47.7820,9.6106,48825
51.2972,6.8493,91606
52.6066,12.3370,27115
53.9465,10.7312,15921
53.2451,8.1972,20046
48.8585,8.2096,47906
53.6019,10.1567,92511
52.4337,8.6126,16140
47.7419,8.9710,30096
51.2022,7.3603,24100
51.1065,13.6605,32643
51.1111,13.9120,18747
53.7282,9.9108,20410
51.4522,7.2663,21294
51.7884,11.1501,22814
49.2855,6.8872,21052
50.9997,6.8063,53762
48.1500,11.3500,19357
52.5388,13.4244,148878
53.3170,13.8640,20899
54.2358,10.2793,15768
52.3989,13.0657,182112
50.8864,7.0583,113415
52.2296,8.9161,36364
53.6592,10.0847,24135
51.2095,7.8726,28206
50.4973,12.1378,66412
50.9584,13.9370,40322
49.2015,7.6053,43582
53.6589,9.7970,40577
49.8056,8.6031,25084
48.4646,9.2280,18269
48.8844,8.6989,119313
48.5305,11.5050,23192
52.3751,8.9654,27090
47.7529,11.3770,16079
52.3193,10.2352,49953
48.5665,13.4312,50560
48.1415,11.4560,35728
53.4263,11.8488,19161
53.0777,7.4152,34117
52.5693,13.4019,65375
51.7191,8.7544,142161
53.0550,9.0199,15286
50.9327,7.2839,27203
49.4013,7.1642,15503
48.0649,11.6633,19204
53.5521,9.9242,35136
53.5517,9.8863,16009
53.2266,8.7923,31405
52.2726,8.0498,166462
53.5798,9.8583,26420
52.0304,11.2290,19396
51.3000,13.1098,16000
52.7558,13.2420,40793
51.0686,7.0039,23000
51.3561,8.4890,15814
51.0290,7.8514,25686
53.1404,8.2148,159218
48.2000,11.3333,23978
49.1988,9.5072,22765
51.1500,7.0000,43063
48.4738,7.9450,59238
50.1006,8.7665,119192
51.9545,8.6622,17403
51.6420,7.2645,30409
51.8289,8.1472,29297
51.0333,7.1167,15619
52.2080,7.1899,19441
50.2073,8.5775,46678
50.0714,8.8512,24459
52.4611,13.5211,23638
49.8308,8.7489,15367
48.5324,8.0786,20375
51.4781,6.8625,219176
49.4228,10.9577,17306
48.6257,9.3420,40210
49.4542,11.0775,515543
50.9043,7.5406,17427
51.9333,7.3500,20427
51.7066,10.0000,30894
48.8512,10.4887,19492
52.4308,7.0683,52803
51.5018,10.7957,43912
53.7018,9.9933,71439
53.5010,8.4896,27714
53.5955,7.2062,24767
50.9654,6.9531,113487
53.6177,9.9503,40906
52.6461,9.2209,32629
52.5848,13.4027,32037
51.2000,6.2167,15487
50.8150,7.0378,36480
49.9776,8.0725,24596
50.2381,8.8670,20090
50.4133,9.0064,18241
53.4667,9.8000,20150
50.4336,7.4706,66805
48.3928,10.0111,51389
53.3602,13.0726,22291
54.1071,10.8145,16176
50.3297,11.1206,16715
49.3501,8.1389,53984
52.5046,9.4587,45942
52.1500,11.6333,226851
51.1981,6.6850,152457
48.3925,10.8333,22904
52.9282,12.8031,31901
49.3445,7.1805,49843
54.0740,9.9846,80196
49.2803,11.4628,39557
52.4772,13.4313,164636
50.0483,8.6941,35293
53.4658,9.8434,32054
48.3159,11.6632,18255
52.5299,13.6891,16170
48.7322,11.1871,28370
51.1343,6.6386,51109
53.5573,13.2610,68082
50.3167,8.5000,15276
51.3167,6.2833,42417
50.9167,8.1000,25163
51.4505,7.9703,23000
49.1891,9.2253,27413
51.1499,11.8098,29722
52.6070,12.8737,16600
48.5498,8.7237,22912
52.9857,10.0876,17746
51.9624,7.6257,270184
51.4151,9.6505,25073
48.1374,11.5755,1260391
47.8082,7.6303,18097
51.4322,6.8797,170921
50.1167,8.8333,28534
48.8423,9.2303,26111
51.2090,10.4527,38108
48.2467,12.5215,17622
48.9475,8.8368,26375
50.9038,7.4031,15231
48.4057,9.0542,20010
49.3536,9.1511,25106
48.4709,11.9381,17363
51.0916,6.8922,43038
51.1854,6.4417,261742
53.6207,10.6875,18469
51.4534,6.6326,103487
52.5264,13.3390,81021
50.9862,12.9754,16619
52.3901,9.8520,26114
52.2895,8.9146,82879
49.6757,9.0037,17279
48.5369,9.2833,22112
51.2504,6.9754,39550
51.3502,8.2833,32224
49.4433,6.6387,31118
51.3548,11.9892,34780
52.6906,7.2910,34198
51.4434,7.7782,52452
47.9837,10.1853,41135
52.2020,8.3383,46514
51.1616,13.4737,28492
50.5679,10.4152,21580
51.1074,7.6484,21982
51.4667,6.7667,45297
51.2527,6.6881,54826
50.8469,12.4647,17325
50.6239,7.0294,25515
50.5930,6.6522,27537
50.3280,7.2228,19414
52.5453,13.5698,111508
51.4617,8.8495,21914
51.6567,7.0904,91398
50.0044,12.0859,18204
47.7796,10.6171,18505
51.2755,12.3691,24664
52.5984,13.3577,40119
52.4187,13.3672,32270
52.4378,13.3811,52734
50.6505,13.1612,16716
50.8090,8.7707,78895
48.9396,9.2599,15604
49.4891,8.4669,307960
49.9819,8.2801,217123
50.1500,8.8333,38313
52.5093,13.6137,29757
52.1313,11.6319,235775
51.4988,7.3481,23065
50.8437,12.0652,21507
53.5927,9.8770,36521
51.6163,7.5287,91009
53.2512,10.4155,71260
49.4812,8.4464,163196
52.3032,13.2540,24164
48.8973,9.1916,87603
51.7683,7.4438,24094
51.2198,7.6273,79386
52.0903,13.1677,21616
53.8689,10.6873,212207
51.8622,13.9517,17461
52.3070,8.6142,25573
53.4710,8.6458,16382
49.5099,6.7455,16660
51.0539,13.8139,20696
47.6150,7.6646,47002
49.9892,9.5722,16127
52.6662,8.2375,27259
52.1885,8.6922,39521
50.8387,7.2140,31339
51.0436,13.6944,21205
51.0995,14.6674,18374
51.6737,8.3448,67219
52.5214,7.3185,51310
51.0196,7.3776,21665
52.3720,9.7068,16141
52.3645,9.7116,38284
47.5461,9.6843,24518
50.3836,8.0503,33820
50.8588,12.7616,23711
53.1419,8.9034,18293
52.4333,13.3076,85885
52.3984,13.4064,52110
50.1457,11.0593,21336
52.5140,13.4998,41359
51.0303,6.9843,162738
47.8267,10.0205,22362
51.0112,13.8203,38353
52.0125,8.6983,16219
48.8000,9.0167,45711
51.1172,8.0671,28102
52.1866,7.8604,22697
52.0279,8.8990,41943
51.3396,12.3713,504971
48.6941,9.1681,36672
49.3474,8.6873,27142
51.1063,7.0187,27885
52.3719,9.9792,43920
53.2316,7.4610,33886
49.4112,6.9099,21583
48.2279,9.8787,19012
49.5139,11.2825,26403
51.4881,13.7662,18990
52.4362,13.3459,43558
52.4476,9.7374,50439
51.1082,6.9483,59112
51.4602,7.3258,32047
53.6055,8.5951,18863
49.9896,8.6685,35416
48.5296,12.1618,60488
48.0482,10.8828,27017
49.1984,8.1169,41612
49.5979,8.4725,31635
48.3404,7.8689,47551
50.3000,7.6167,18749
51.9922,8.7930,34885
52.3151,9.7974,40038
50.9314,8.4250,15184
51.0500,7.2667,20103
49.2818,9.6835,15070
50.5442,9.7179,16124
50.1007,11.4503,27565
50.1810,8.5130,17730
50.2396,11.3331,18248
50.9678,7.9885,31772
52.4997,13.4034,153135
50.7470,6.4907,18400
51.3364,6.5538,237984
51.7518,11.9709,28710
51.1914,6.5135,33406
48.8616,9.1857,31040
48.8322,9.1214,18081
51.2756,8.8730,24481
52.4455,13.5746,67148
52.4425,13.5823,59561
49.7004,6.5765,17879
47.6603,9.1758,81275
52.3014,13.6330,32513
50.6773,7.1925,41164
50.1794,8.4713,15661
52.2512,10.8168,16419
48.2751,10.8918,27494
50.9333,6.9500,963395
47.8496,12.0670,17941
50.3536,7.5788,107319
51.1105,13.7686,21064
48.4185,9.9081,15643
51.7883,6.1387,49072
52.4079,13.2251,17892
52.4542,13.1445,16368
49.7397,10.1507,21387
52.2000,8.6333,16338
48.6468,9.4538,40206
50.8272,8.9281,16381
51.1340,7.5907,18188
54.3213,10.1349,246601
51.5824,6.2460,28064
50.8699,6.6969,64226
47.7267,10.3139,61399
51.3643,6.4186,36312
50.1370,8.4502,29162
48.9173,11.8862,15723
48.5730,7.8152,34009
52.5173,13.5887,19408
47.8824,10.6219,42505
51.3167,9.5000,194501
52.6090,13.4812,18817
49.9603,9.7724,15272
49.0094,8.4044,283799
52.4842,13.5319,28206
48.2270,11.4757,17920
50.2302,8.7715,21642
51.5047,6.5459,39490
51.2680,14.0937,18270
51.5923,7.6638,45927
53.8324,9.9604,19747
49.4430,7.7716,98732
51.2293,6.6188,42112
50.9215,6.3627,33911
51.1000,6.5000,22562
52.4465,13.5066,19960
50.9288,11.5899,104712
53.9210,9.5153,33047
52.4709,9.8418,22601
51.3755,7.7028,97910
48.7651,11.4237,120658
49.9708,8.0588,24998
50.6832,10.9186,27055
49.3736,7.0476,18488
48.2234,10.1035,16522
50.2177,8.2668,22810
49.7144,7.3078,31610
52.2796,7.7146,50577
54.4858,9.0524,20841
50.8708,6.8676,54678
50.6797,9.7673,16323
53.6477,10.0415,17365
50.9318,6.9947,15108
53.1066,8.4678,15567
51.1498,7.3447,16369
51.0555,6.2266,39828
51.5321,7.4151,16825
51.4379,14.2355,43681
51.7750,9.3816,32713
51.8167,8.6500,15962
52.2976,7.5838,19894
53.5541,10.0899,37903
51.4837,7.5003,27660
48.4442,8.6913,25424
49.3264,7.3387,44607
51.5000,7.6333,17821
51.8280,9.4455,20998
47.8766,11.7018,16770
50.8006,12.7129,16542
52.6763,13.2777,21893
50.0902,8.4493,37750
51.4961,9.3850,16444
50.3130,11.9126,49239
49.3233,8.5519,20614
50.0144,8.3522,17027
51.4194,6.7546,16292
52.3333,8.7500,16567
52.1508,9.9511,103052
51.1682,6.9309,56565
50.9969,8.1106,16467
52.1667,8.6167,20771
49.3363,6.9304,20006
50.0555,8.8008,19012
51.6503,11.5115,15949
52.1727,9.2491,20129
50.8687,6.0932,47381
49.5680,10.8857,23319
51.5964,7.1439,65306
48.5952,8.8665,32649
51.5388,7.2257,172108
52.6142,13.3059,16726
52.1146,8.6734,64879
51.4000,7.4358,25618
50.6814,8.3037,20473
49.6414,8.6321,25442
52.6360,13.2042,26122
50.7756,7.2831,48002
52.3143,9.7236,18470
51.3871,7.7702,37502
52.2279,11.0099,25515
52.5332,13.6088,84103
51.0636,6.0998,41505
51.3782,10.1374,17230
52.6145,13.2450,18099
51.3266,6.9711,27700
49.1399,9.2205,120733
48.6780,10.1516,50067
50.9722,13.8674,16756
49.4077,8.6908,143345
54.1956,9.0974,20599
48.3515,8.9632,19400
53.4742,9.8829,16927
51.3989,7.1856,56866
50.0691,8.4863,25035
49.3628,8.2581,20779
52.5441,13.2374,16471
53.5792,9.9906,17666
51.9622,8.2277,24207
51.4982,7.2883,16498
52.7931,7.2413,22545
53.4606,9.9839,169221
52.3705,9.7332,515140
50.1342,8.9142,88648
51.7326,6.5903,27433
53.5549,10.0574,37989
51.6803,7.8209,178967
52.1040,9.3562,58666
53.5833,10.0831,411422
53.5667,10.0833,287101
53.5500,10.0167,301231
53.5742,9.9568,269118
53.5500,9.9333,250192
53.5507,9.9930,1845229
51.1861,7.4982,17650
51.7430,7.1816,37845
53.6330,9.8394,16212
52.0601,8.3608,21448
51.4816,11.9795,237865
52.2891,11.4098,20294
51.8956,11.0562,39729
52.5588,13.2083,31327
50.7416,8.2078,20218
51.3608,7.4717,198972
48.1088,11.7265,17560
51.1938,7.0133,29431
51.9069,8.3785,96180
53.7972,12.1734,31217
49.1166,10.7597,16477
48.4560,10.2769,19737
51.0261,7.5647,53131
51.9499,14.7055,21608
49.8690,8.9321,21758
49.9198,9.0760,16346
49.9214,8.4825,23641
51.2895,13.5335,16573
52.2110,7.0224,46161
48.2000,11.3667,19110
51.2337,12.7196,17991
49.8608,8.5725,25287
51.0910,6.5827,64779
52.0936,7.5940,35080
50.6578,12.1992,24147
54.0891,13.4024,52731
51.3363,6.3407,16016
51.5344,9.9323,122149
50.9482,10.7019,46615
51.9042,10.4277,43560
51.1552,14.9885,57751
51.0455,13.6611,21599
48.7035,9.6521,58040
50.0017,8.1965,25000
51.3660,12.3670,45924
51.6787,6.1589,33706
53.5405,10.2130,16210
50.8199,12.5449,26473
51.5708,6.9859,76940
49.9711,8.3453,16043
48.1076,11.2936,16859
52.4777,10.5511,43000
50.5873,8.6755,74411
48.6222,10.2431,20201
51.3197,7.3392,32664
52.5504,13.3914,93862
51.6409,8.5109,20602
51.9540,7.0048,17115
48.4243,10.8727,20254
49.2144,8.3669,20972
48.1339,11.3765,40511
48.7995,9.0632,19050
47.8578,11.4805,23364
50.8803,12.0819,104659
52.2030,8.0448,32580
51.5051,7.0965,270028
50.2016,9.1874,21881
51.5191,6.3236,34013
48.6242,9.8274,28655
50.9674,6.1176,28334
53.4366,10.3734,29487
48.0692,11.3770,19216
47.4921,11.0958,26022
48.2490,11.6510,15303
52.4137,9.5899,63355
53.0362,8.5451,31141
48.8000,8.3333,29496
47.5714,10.7017,15608
49.4759,10.9886,112025
52.3607,14.0618,33539
48.1790,11.2547,33533
50.5516,9.6752,63760
51.4756,7.7695,20566
52.6334,13.2902,16689
53.0205,7.8588,20311
52.5156,13.4548,117829
52.4505,13.6246,19009
47.6569,9.4755,58403
52.5057,13.5081,55423
50.2496,8.6428,24435
52.4713,13.3281,27998
50.3374,8.7559,27484
48.3569,10.9846,29916
48.4669,8.4137,23868
50.8974,7.8742,18601
51.0017,13.6488,39027
48.4035,11.7488,42570
47.8409,12.9811,15909
47.9959,7.8522,215966
48.9320,9.2024,15235
50.9109,13.3388,43670
50.9149,6.8118,48733
50.1155,8.6842,650000
52.3471,14.5506,57015
49.5341,8.3536,47438
51.0589,8.8008,19276
50.9130,13.0401,16850
51.7354,14.6397,22843
49.7175,11.0588,30442
50.0131,8.4278,20023
54.7880,9.4372,85838
51.3035,6.5884,26030
51.6339,13.7066,18922
48.8087,9.1572,28046
48.8091,9.2770,43935
52.5601,13.0927,37468
51.5518,7.4809,22430
54.1350,10.6115,16984
50.6606,6.7872,54889
48.9409,8.4076,38942
48.7396,9.3047,92390
51.4566,7.0123,593085
52.3825,8.6213,26378
50.8185,6.2718,55778
51.1839,10.0533,21191
50.1433,8.5711,21641
51.6127,8.3384,16081
49.5910,11.0078,102675
51.2223,6.9083,47815
51.0795,6.3153,44650
50.9773,11.0354,213692
50.8148,6.7939,51207
48.3060,11.9069,33519
49.1365,8.9123,21179
53.5924,9.9875,24806
49.4000,6.9667,18079
51.8384,8.0309,20713
51.2985,7.3629,32607
52.1406,8.5577,19852
50.9885,7.4139,20786
52.1734,7.5278,35582
51.8393,6.2479,30869
48.1210,7.8536,27383
53.3659,7.2085,51526
50.0286,8.1175,16845
50.9374,6.5683,21967
53.7491,9.6618,48703
54.2895,10.1899,17097
48.9616,10.1317,24477
50.7667,7.4500,19761
53.4522,9.9513,24863
48.6951,9.7068,21243
52.1500,14.6500,32052
50.9807,10.3152,43846
51.8202,9.8696,27931
51.4598,12.6334,17609
53.5678,10.0472,22235
48.2826,9.7275,27276
49.0901,8.3988,15189
53.1281,7.9842,20658
54.4685,9.8382,23383
52.8349,13.8195,41980
48.7160,9.5236,15919
49.4668,8.9902,15624
51.2217,6.7762,620523
50.8043,6.4930,93440
51.8315,7.2808,47495
51.4325,6.7652,504358
51.5131,10.2595,22910
51.0509,13.7383,556227
51.7953,7.7382,15260
50.0200,8.6961,40367
50.0744,8.1950,27557
51.5149,7.4660,588462
51.5014,7.4108,27655
51.6617,6.9651,79981
51.0968,6.8317,63582
48.7180,10.7793,18364
47.9551,8.4971,21604
51.1221,13.1103,21338
48.8267,9.0670,24149
51.5623,6.7434,70573
48.6424,12.4928,18805
48.5815,10.4953,18734
49.3556,6.7278,21526
50.7411,8.2870,24461
50.0098,8.7778,33256
52.6078,8.3701,16783
49.8974,8.8461,15168
50.9346,6.9749,15238
51.9385,8.8732,73680
51.8386,12.2455,67747
53.0511,8.6309,75893
51.5255,12.3428,24998
51.7650,8.5622,29884
48.8409,12.9607,31081
51.6560,7.3453,36338
49.8717,8.6503,140385
52.5216,8.1979,16024
52.4581,13.2870,16916
48.2600,11.4340,39740
53.8683,8.6990,52677
50.8164,12.3904,22442
49.1344,10.0719,32262
51.7577,14.3289,84754
51.1320,13.5831,22304
51.9435,7.1681,36631
50.2594,10.9638,41901
52.8475,8.0474,31177
51.8095,10.3382,15345
50.8357,12.9292,247220
52.5167,13.2833,129359
49.2257,12.6550,17314
52.6226,10.0805,71010
51.5566,7.3116,77924
48.7142,8.7403,23740
53.4699,9.6897,38192
50.4340,8.6712,25156
49.6427,8.4594,15348
51.0847,7.1139,19215
48.1692,12.8314,18263
52.4463,10.0064,30899
52.2715,11.8549,24958
51.5511,8.5596,22263
52.1984,8.5864,45376
48.6968,8.1352,29193
51.5774,7.0518,32919
50.2901,9.1114,21579
52.4216,13.4361,40146
52.2606,9.0494,19351
53.3304,9.8660,40849
52.6024,13.4302,21449
49.5242,9.3229,17773
50.8293,6.9050,44137
51.2405,6.1838,16105
47.8786,11.9110,15851
49.1243,8.5980,45364
50.1785,8.9231,20892
52.4429,13.4339,42846
51.3946,8.5715,27030
49.0369,8.7074,28144
53.4851,9.1464,19268
53.5536,8.5755,113557
53.0758,8.8072,546501
52.2659,10.5267,244715
52.4167,12.5500,59826
52.4088,7.9729,31394
51.7175,9.1860,17808
53.3333,8.4833,16150
49.0779,9.0660,15083
51.5257,7.5444,24930
51.5239,6.9285,119909
52.4173,9.7961,20778
50.7631,6.9909,48523
51.1242,12.4964,18806
51.8438,6.8577,40876
50.2308,7.5899,16215
50.7344,7.0955,330579
51.6000,7.7667,19393
48.1522,11.6159,77542
51.3470,6.6159,20617
51.4817,7.2165,385729
51.8388,6.6153,73943
48.6821,9.0117,46282
48.2709,10.8339,16682
51.9433,9.0907,17183
49.2372,7.2562,23212
51.0530,13.7983,24863
51.7903,10.9551,15963
51.6236,12.3239,15608
49.9667,7.8992,24657
53.5500,10.1333,71077
48.9441,9.1175,41769
52.5091,13.5534,28955
52.0333,8.5333,331906
50.0415,8.2488,38758
48.0934,9.7905,32333
49.3462,7.2553,19115
51.6680,9.3742,15266
51.7946,11.7401,32113
52.6798,13.5871,34866
52.5244,13.4105,3426354
51.0250,7.6560,20567
51.6163,7.6445,52329
50.9856,7.1330,106184
50.9557,6.6399,63558
49.6837,8.6184,39439
50.4229,7.5792,17495
52.3500,9.8333,19486
50.9926,6.5713,24937
51.7557,8.0407,37814
49.4000,6.7000,15983
49.9478,11.5789,75061
51.1803,14.4349,41972
51.2518,9.4075,28173
52.4658,13.4852,18894
52.8506,8.7279,16191
49.8987,10.9007,70047
48.2752,8.8546,34414
48.5032,8.3770,16248
50.9096,6.1887,27834
53.1848,8.0029,27550
51.1196,9.1248,18037
47.9203,9.7549,19840
50.1787,8.7376,30736
47.7611,11.5589,17434
50.1408,8.5045,22871
53.9378,10.3074,16052
53.9189,10.6969,19722
50.8134,10.2361,16410
52.0862,8.7443,54899
47.5537,7.9461,16549
47.7295,12.8782,16910
49.2385,9.1018,20581
51.9859,9.2525,21629
53.8117,10.3742,24322
52.2070,8.8036,49513
50.3217,10.2067,15261
50.5432,7.1113,27823
50.3646,8.7386,30291
50.5567,6.7642,19051
52.1955,9.4642,18726
49.4925,9.7736,22472
51.7833,8.8168,15175
51.1077,10.6460,18183
49.8414,7.8671,43213
50.2023,10.0778,21328
50.6434,7.2278,25348
50.2268,8.6182,51859
50.8720,9.7089,30725
51.8827,10.5616,22954
52.3167,8.3333,15732
48.7606,8.2398,55449
49.4618,8.1724,18698
51.7330,9.0197,19553
51.0522,8.3923,20757
52.3007,7.1576,15508
47.8638,12.0106,17672
48.9474,9.4372,35778
49.9652,8.9513,16920
53.4696,7.4824,40319
48.3715,10.8985,259196
50.5115,12.4008,21358
50.5903,12.7066,18554
51.1264,7.9033,24773
51.7574,11.4608,24892
51.7833,7.6167,15184
49.9770,9.1521,68551
51.3798,9.0145,16854
50.8405,10.9520,25678
51.3833,8.0833,76612
49.9128,8.6570,17819
51.0262,11.5164,24793
51.4833,7.5500,21600
49.3048,10.5931,31839
50.5795,13.0063,23092
53.0150,13.9992,15453
50.4311,7.4043,29599
49.4429,11.8627,44737
49.7466,8.1151,18241
50.0888,9.0646,18932
52.4112,13.5355,29595
50.9876,12.4368,38568
51.2947,7.6734,20862
49.3856,11.3573,15312
53.6108,10.0131,15227
50.7518,9.2708,15945
50.8767,6.1640,46340
50.7333,7.0167,21814
51.9838,9.8199,19138
48.2164,9.0260,46664
48.4575,11.1341,21042
53.6766,10.2370,30103
51.7634,7.8887,55280
52.0794,7.0134,38165
52.4355,13.5482,20210
53.0142,9.0263,30013
48.6311,8.0761,24478
48.8378,10.0933,67085
51.4466,6.5519,28110
51.3581,9.4797,18623
50.7766,6.0834,265208
49.9947,8.5836,32753
49.8341,8.4962,21362
49.5653,9.7082,15278
48.6570,9.2205,43550
48.7270,9.2495,33598
50.0263,8.8859,43315
52.4269,13.4605,37686
49.7650,8.6519,16395
50.7040,7.0540,35000
52.5305,13.2937,19422
52.5200,13.4049,102338
48.9685,8.3070,20378
52.3597,9.7508,40557
50.9333,6.9595,27515
50.9389,6.9575,17922
50.9575,6.9361,23621
50.9698,6.9300,15430
48.7836,9.2103,47500
53.5570,9.9640,21902
50.1004,8.6295,42012
53.6070,9.9054,35078
51.5275,11.5483,22668
51.4792,11.9161,44515
53.4846,10.2290,119665
52.5511,13.1992,39653
52.4938,13.4447,50000
50.0831,8.6285,27043
51.8661,12.6497,30000
51.0686,13.7559,18098
53.6052,10.0399,40261
53.5801,10.0407,35880
53.6064,10.1197,35477
50.6503,11.9838,15677
52.5519,13.1680,38667
52.5668,13.5125,56921
52.5461,13.5013,50070
52.5292,13.4727,33751
53.5894,9.9840,315514
50.9490,6.9479,28146
50.9251,6.9476,37939
50.9401,7.0061,22802
50.8933,6.9948,110158
50.9664,7.0038,41711
49.4594,8.4038,17745
54.0885,12.1154,19542
51.2381,6.7868,28941
53.1653,8.6887,33000
52.3856,9.7159,17429
48.4098,9.9514,19075
53.5502,9.9465,29455
53.5632,9.9426,25802
53.5838,10.0645,17002
53.5840,9.9758,23116
52.3968,9.8603,23369
48.9600,9.0647,18594
47.6741,9.1779,16021
50.1793,8.5037,17550
48.8721,9.2733,26549
52.3364,13.4132,29129
11.7878,42.8822,19533
11.9669,43.2884,15429
11.5890,43.1450,626512
11.1045,42.3697,32801
11.5264,42.8519,17477
11.1558,42.7125,50006
55.0080,11.9106,17868
56.1226,10.1515,31756
56.4532,9.4020,41239
55.7093,9.5357,60231
55.6836,12.4871,37115
55.6220,12.3851,16515
55.6661,12.5139,46161
54.9331,8.8667,16401
56.1938,10.1128,15617
55.6501,12.3016,35238
55.0598,10.6068,27300
55.7683,12.1972,19998
54.9090,9.7892,27766
55.5329,12.2223,17337
55.4028,11.3546,31896
56.5670,9.0271,20190
56.1697,9.5451,49747
55.6415,12.0803,51916
55.6806,12.4537,40652
55.4426,11.7901,23086
56.4607,10.0364,62802
55.3959,10.3883,180863
54.7691,11.8742,19976
55.3127,10.7896,17525
55.2299,11.7609,44331
57.0588,9.9228,23718
55.5059,9.7305,16277
55.8750,12.3458,16741
55.4580,12.1821,38304
55.6759,12.5655,1153615
55.4904,9.4722,61638
55.1970,11.5960,53443
55.6795,11.0886,16211
55.6154,12.3518,19453
55.6430,12.4771,53527
55.8607,9.8503,61074
55.8810,12.5011,47680
56.3601,8.6161,32072
55.7175,11.7128,29608
57.4642,9.9823,25644
55.9279,12.3008,35357
56.1362,8.9766,50565
56.0361,12.6136,35048
55.7704,9.7011,47099
55.2494,9.4877,22011
55.5833,12.3000,47671
55.6666,12.4038,23128
55.8396,12.0690,16850
57.4407,10.5366,22672
55.6794,12.5346,95029
55.5657,9.7526,40886
55.8086,12.3607,20312
55.4703,8.4519,71698
55.7524,12.5745,40000
55.6455,12.4101,20000
55.8476,12.4279,20877
55.7317,12.3633,40000
55.6272,12.4564,53443
56.1567,10.2108,285273
55.8704,12.3574,25867
57.0480,9.9187,142937
55.6569,12.3638,30000
55.0443,9.4174,16401
55.6777,12.5730,26223
15.3017,-61.3881,16571
18.4828,-69.8891,50185
18.4833,-69.9000,28621
19.5638,-70.8758,33137
18.6730,-70.1710,40027
19.4854,-70.6110,23304
18.4719,-69.8923,2201941
19.4504,-70.6908,1200000
18.7648,-69.0399,23547
18.2086,-71.1007,77160
18.4539,-69.3086,217899
18.8064,-71.2263,72950
18.5468,-70.5069,21148
19.2938,-70.2528,124763
19.8480,-71.6460,17001
19.7934,-70.6884,146000
18.6150,-68.7080,123787
19.3777,-70.4172,45299
19.4784,-71.3393,16380
18.9450,-69.7933,16834
19.6667,-70.7667,20154
18.5554,-69.4081,17694
18.5818,-68.4043,100023
18.4898,-71.4189,18670
19.3832,-69.8474,33862
18.8075,-69.7843,15532
19.7346,-70.5991,19029
19.3929,-70.5235,61834
19.5491,-71.0781,48297
18.8731,-71.5166,21802
18.4233,-68.9664,208437
19.1168,-70.6359,29983
18.7658,-69.2558,35999
19.5847,-70.9849,42169
19.5481,-71.7082,16398
18.5000,-69.9333,57084
19.0539,-70.1512,41641
18.9092,-70.7450,29481
19.2203,-70.5310,102426
18.4671,-69.8934,18756
18.9415,-70.4111,73269
18.4500,-69.6000,46300
18.4171,-70.1068,154040
18.4554,-69.9454,175683
18.7503,-69.6352,21055
18.2797,-70.3318,66709
18.4154,-70.0332,66784
18.4532,-70.7349,59139
18.5000,-70.0000,701269
18.4851,-69.8476,700000
36.7664,3.4772,28996
36.5331,6.7124,28764
34.6828,6.5111,23187
36.7117,2.8424,17563
35.7225,0.7551,21770
33.1108,6.0700,143270
34.7222,5.3784,50575
34.8783,-1.3150,173531
36.6718,4.1918,17872
36.7118,4.0459,104312
36.5457,4.0571,22404
36.5884,3.7744,27974
35.6072,1.8108,66084
36.6539,3.9814,26261
36.5897,2.4489,15180
27.6711,-8.1474,45610
36.8000,4.2667,41158
29.2642,0.2358,22086
36.6500,4.7736,31890
35.4172,0.3298,39938
35.3710,1.3170,178915
35.8711,2.0281,27628
36.7254,3.5566,16180
36.5108,1.3081,29220
36.1165,6.3543,26248
35.4042,8.1242,194461
33.1167,6.0833,41091
35.4817,6.2607,41636
22.7850,5.5228,81752
36.8376,6.6402,32579
33.0851,6.3891,21000
36.7441,3.9005,20952
36.1213,5.9867,41833
36.1477,3.6912,43985
36.5183,2.9053,40745
35.7492,1.5478,30000
36.2864,7.9511,153479
35.1857,1.4961,71036
36.8762,6.9092,182903
35.5283,-0.1937,61373
34.7451,5.8983,29499
36.6064,3.0878,30887
36.5206,6.2611,25129
34.3870,4.9878,38987
35.6590,-0.5217,35512
35.1899,-0.6309,210146
33.4988,6.0080,29734
36.4647,1.3026,26558
35.8855,3.7724,66856
35.0694,-1.1371,23543
35.2346,-0.2444,27914
36.1911,5.4137,252127
36.1287,7.5338,45300
36.5472,4.6861,19884
34.6370,-1.3314,32570
36.7046,3.0246,16812
35.8545,5.2905,23339
34.8303,0.1517,142497
31.9243,5.3502,80784
36.7383,3.2808,117558
36.4577,6.0427,40263
33.2797,6.9098,30446
35.0620,-1.4336,31837
35.7373,0.5560,123255
33.5639,6.7033,25210
36.7359,3.3402,54962
26.7158,0.1714,32974
35.9441,5.0311,44947
35.6738,5.6453,34167
36.8169,3.0127,30000
35.8754,7.1135,67201
36.5483,3.1101,27573
36.6839,3.3666,40692
34.9047,-1.0339,25377
36.7146,3.3422,29012
34.4300,5.0614,58481
35.9533,8.1292,47312
36.3161,7.1636,27441
36.1012,1.1995,30504
35.9612,0.9190,55430
36.1850,1.5330,44523
36.5553,2.7903,21146
35.4560,0.6878,22819
31.9493,5.3250,169928
35.6991,-0.6359,803329
35.5550,5.6106,29453
35.0136,-1.7480,27742
36.7463,3.8316,15387
35.7089,4.5372,132975
36.4669,2.6899,28552
35.9312,0.0892,162885
35.5886,0.0686,62410
36.3055,2.2248,43366
36.4503,6.2644,63251
32.2667,3.6333,39588
34.1543,3.5031,97091
35.6306,7.6661,30071
35.7279,-0.7081,20178
35.6311,5.9119,47646
35.9800,4.1867,25701
36.6818,4.2638,29560
35.4306,1.7571,31396
33.1919,6.0869,31711
36.6204,3.2225,40878
36.2642,2.7539,145441
33.5445,-0.2812,65043
36.0782,7.8196,36351
36.1223,0.8986,22366
35.3966,0.1403,108629
36.0872,4.4519,22117
34.8616,-1.3394,52285
36.7857,4.0627,34515
34.8497,-1.7275,87373
36.6311,4.1986,30609
36.5647,3.1543,58295
36.5646,3.5933,42886
33.8000,2.8651,134372
35.8889,2.7490,59634
35.2122,2.3189,51451
36.6389,2.7685,61643
35.4358,7.1433,114472
36.2610,2.2201,80512
36.6500,3.3308,46965
36.9292,6.5856,27177
35.4947,6.9249,32668
36.8210,5.7635,131513
35.9299,0.8287,31996
36.4629,4.5053,15030
34.9514,-1.3681,26515
36.5036,7.4428,40139
31.6804,6.0729,44478
35.6922,-0.4994,53700
35.0711,3.0299,77000
35.4486,7.9518,28536
35.3789,-0.9678,25912
36.4121,6.5960,83603
36.5126,2.4138,33830
32.7921,4.4995,58572
33.4853,6.7969,48413
36.4621,7.4261,120004
36.5161,6.3272,28551
35.0958,-1.8577,28433
32.4909,3.6735,142913
35.7811,-0.4258,32774
35.0654,1.0494,49376
36.7523,4.3155,31068
36.5604,4.8545,21700
34.5000,3.7667,26857
36.4094,5.9446,26176
35.6478,-0.6240,39064
35.6478,-0.5695,51665
33.3561,6.8632,186525
36.7547,6.2725,45945
33.9514,5.9222,39106
35.3914,-1.0924,19415
36.6794,4.8555,26050
36.2633,6.6936,90122
36.8956,8.4433,35449
34.4454,2.5275,29856
32.6134,5.5126,39744
36.8038,7.7368,26060
30.5756,2.8842,57344
36.1528,5.6902,145380
33.6832,1.0193,85577
36.2239,1.6719,33349
36.1653,1.3345,178616
36.6531,6.8364,33085
35.8669,7.8867,32971
35.5244,-1.0158,26407
36.4701,2.6253,35074
36.0639,4.6274,158333
32.8930,0.5484,39283
36.2695,1.6861,27185
36.1959,1.2554,60170
36.6848,7.7511,55147
36.5363,3.8334,41263
36.7344,3.9622,29403
36.6700,2.9444,46266
34.6728,3.2630,265833
33.5339,5.9931,34920
36.4525,6.6364,25764
36.9172,3.9131,26384
33.5167,6.9500,36834
36.7133,3.2125,37311
34.8964,3.4854,26605
36.3650,6.6147,448028
36.3650,4.3264,20556
36.4629,2.7387,23218
34.9213,-1.2951,36776
35.2731,7.7519,66160
36.6050,2.1908,34372
36.7677,2.9592,27835
36.6000,4.6167,21585
35.9397,3.4159,26077
36.1629,6.1665,54495
36.5772,3.0092,19901
34.6210,2.7950,27700
36.6371,3.6947,19522
33.0989,1.2608,19084
35.5727,-0.8996,26144
35.2086,4.1740,111787
36.4583,7.5139,23022
36.0663,1.1260,28652
36.6426,2.6901,40984
36.3749,3.9020,68545
36.5317,2.9919,30271
35.3147,-0.0504,27576
36.5418,3.0810,38352
36.3329,5.0884,31922
36.5741,2.9121,57162
36.7274,3.4099,56398
36.8022,4.1519,20557
36.4630,2.8146,44143
36.2746,4.8567,19782
36.7433,3.7173,44572
35.9011,4.8981,34136
36.7487,3.1925,123246
36.7907,3.2495,52816
36.0739,4.7614,158812
36.5422,3.9531,54666
36.4700,2.8277,331779
34.8504,5.7280,204661
36.7150,3.0500,71722
35.6350,3.2250,26670
35.7200,-0.5450,68032
34.7449,8.0602,70749
36.7022,7.8472,66287
36.1352,2.9108,55775
32.8265,3.7669,30170
36.8353,7.4533,19294
35.0746,-1.2243,21283
36.7697,7.9064,28398
36.5383,2.8217,33846
35.3010,-1.3823,39749
34.8704,-1.4232,19808
36.5239,2.8613,92749
36.6195,4.0828,33611
36.6677,3.5911,18414
36.7559,5.0843,176139
31.6167,-2.2167,165241
35.5560,6.1741,289504
35.3890,5.3658,98141
36.5667,4.9667,31983
36.6666,3.0961,105402
36.7261,3.1829,275630
36.7394,7.1053,33766
36.7447,4.3722,26515
35.8505,-0.3180,58162
35.2588,6.3471,36641
36.7936,4.3116,23958
36.6377,3.3713,17481
26.9667,1.0833,21723
36.9000,7.7667,342703
35.8678,1.1114,27530
36.6402,4.9013,25825
36.7323,3.0875,2364230
36.4575,4.5349,38291
35.3768,5.9000,55736
35.2975,-1.1404,70810
36.7933,3.2869,33575
36.2674,6.5014,32057
32.7500,-0.5833,47415
35.4514,2.9058,98107
35.9230,5.2960,51207
36.0369,6.5722,65371
36.1628,0.9704,34413
35.9247,6.6953,30575
35.9711,6.8737,48804
35.7438,-0.7693,36326
34.8415,4.1638,32880
36.5647,4.3062,28029
35.6700,3.8815,28728
35.8039,-0.3018,37241
35.3640,-0.5128,16548
34.3438,3.2247,31916
34.8422,1.5470,36146
36.2640,1.9679,55259
36.2933,3.6732,32548
36.8028,2.9219,31102
35.7964,7.3928,116064
35.8185,5.5111,37970
36.1868,5.3135,25315
36.2319,6.9433,29486
36.8015,7.6081,29629
34.1128,2.1023,93585
27.8743,-0.2939,68276
36.4166,1.1962,24022
36.4899,5.5393,18445
27.1968,2.4791,32518
36.2459,6.5671,64120
36.7720,5.8982,60426
37.0056,6.5605,29354
36.6047,3.9844,26142
36.8202,7.7164,45148
-4.0645,-78.9512,15276
-2.0976,-79.6926,27947
-1.5564,-79.7525,32497
-1.4428,-79.4627,38168
-1.0449,-79.6384,48754
-0.9531,-79.3551,18841
0.8124,-77.7171,86498
-0.9961,-77.8131,17172
-1.2799,-80.4178,15286
-0.2537,-79.1763,458580
-3.4557,-79.9637,41816
-2.2265,-80.8581,42214
1.2863,-78.8351,20209
-1.9607,-79.7257,24118
-2.2145,-80.9515,43862
0.3278,-79.4741,42121
-1.6651,-78.6589,264048
-0.2298,-78.5250,2781641
-1.0288,-79.4626,213842
-1.4916,-78.0034,24881
-0.9576,-78.6964,16168
-0.4497,-76.9972,48144
-2.7092,-80.2472,30886
-1.0576,-80.4514,321800
-0.0542,-78.4538,28724
-2.6320,-80.3881,30564
-3.6802,-79.6817,16981
-1.3306,-78.5452,16572
-1.8162,-80.2343,23372
-3.3256,-79.8070,44860
0.2346,-78.2625,32330
-2.1707,-79.4650,34206
-2.6764,-79.6174,32045
-1.0458,-80.6589,18351
-1.7901,-79.2876,15547
-2.1340,-79.5934,133508
-0.9494,-80.7314,264281
-3.2589,-79.9588,289141
-0.5127,-78.5707,25742
-2.3074,-78.1203,23687
-3.9931,-79.2042,274112
-2.4247,-79.3416,36353
-0.9342,-78.6152,205624
-0.9410,-79.2266,16450
-2.2330,-80.9104,75881
0.0860,-76.8953,24211
-1.3484,-80.5791,35901
0.3488,-78.1246,221149
-3.4752,-80.2308,39757
-2.1962,-79.8862,2723665
-1.5911,-78.9990,22199
-2.8942,-78.7791,17122
-3.2440,-79.8287,26635
0.9592,-79.6540,218727
-1.9333,-79.9667,32282
-2.1692,-79.8399,315724
-1.8603,-79.9768,173684
-2.8953,-78.9963,636996
-0.6985,-80.0925,44751
0.0410,-78.1464,26582
-3.9866,-79.3576,18565
-4.3280,-79.5558,16862
-0.8458,-80.1639,17286
-0.6983,-77.1408,20313
-1.3655,-79.9051,40115
-0.6003,-80.4244,37056
-1.8049,-79.5249,76279
-2.7398,-78.8456,34877
0.3276,-78.2191,17456
-3.5540,-80.0668,26000
-1.2491,-78.6167,387309
58.3632,25.5916,17407
58.3806,26.7251,91407
59.4370,24.7535,394024
58.3859,24.4971,40228
59.3776,24.6859,39422
59.3772,28.1903,54409
59.4653,24.9822,16630
59.3986,27.2731,35395
30.7142,31.2443,111700
29.1101,32.6601,46993
30.3549,31.2010,52593
30.9438,31.5293,20389
26.9084,31.4347,101130
25.5828,32.5329,30780
30.7885,31.0019,576648
29.4764,30.9612,73070
31.0539,31.3779,112851
30.6798,30.9436,72536
26.7687,31.5020,134314
28.9167,30.8500,37260
28.9210,30.8537,64965
26.5570,31.6948,266944
29.2032,25.5196,25031
30.4428,30.9698,78168
29.4135,30.8658,133532
31.2713,30.7862,44709
31.2111,31.0512,28136
31.6117,25.9254,38253
26.9664,31.3795,30228
31.0280,30.7149,41233
30.1251,31.2505,1240289
31.1969,31.5243,76081
30.3127,31.3202,73711
30.5526,31.0090,267945
27.9158,34.3299,38478
26.6582,31.6714,34273
30.9748,31.8723,30969
30.9616,31.2407,87921
28.3121,30.7101,142009
31.3995,30.4172,301795
28.3583,33.0783,44852
31.2820,34.2387,44215
30.5648,31.1578,65690
30.9722,30.9561,32043
25.9154,32.7629,84386
26.1642,32.7267,252883
25.9984,32.8181,24010
30.1792,31.2056,156363
31.0475,30.8549,48233
30.2801,31.2053,36225
25.9011,32.7239,26774
26.0495,32.2414,59601
31.0975,31.3031,59202
31.2944,30.5225,43899
25.4874,28.9792,26820
31.1676,31.8012,48166
30.7152,31.2592,153754
31.2884,31.6772,20470
31.1262,31.6431,82429
30.5155,31.3463,99284
30.4660,30.9320,125707
30.9071,32.0234,22543
28.4187,30.7786,82328
30.3606,31.3776,75837
31.3529,27.2372,176498
30.1848,31.1065,19185
27.3126,30.9699,117925
27.7326,30.8413,212628
31.0729,31.4950,31921
28.6478,30.8410,118223
29.8167,31.0500,368650
30.3674,30.5087,71501
30.0667,31.3000,668413
30.2964,31.7463,246148
31.2163,34.1107,26713
30.0310,31.1111,137588
24.4767,32.9463,409311
30.7613,30.6997,55652
30.5497,31.2444,30948
30.7934,31.6258,44529
31.3557,31.6848,18120
30.8248,30.8180,83348
31.0021,31.6263,45557
31.1117,30.9399,194569
31.1684,31.7655,44905
31.4040,31.7378,47198
31.1338,30.1297,128539
26.6742,31.4969,76555
26.3372,31.8929,151256
25.8720,32.7559,20427
31.5084,31.8411,37953
30.8870,30.6672,77606
29.2376,30.7894,74357
25.2934,32.5540,462787
29.0928,31.0204,64058
31.3073,30.2981,177152
24.9792,32.8772,79510
29.3590,30.6806,86186
29.8414,31.3008,230000
30.6713,31.5880,74823
30.9128,30.2902,82999
30.0884,31.2835,339612
31.2036,30.5491,93392
26.0550,32.1627,71013
31.3298,31.7151,43400
30.7282,31.7970,116945
30.3126,32.3094,35066
31.4165,31.8133,305920
30.7544,31.4402,80954
31.1326,30.6478,149291
26.1224,32.4675,64744
31.0890,31.5948,101082
27.5564,30.8106,102570
27.6415,30.8501,60835
24.4080,32.9232,61790
31.0341,30.4682,318207
29.1482,31.1273,136441
31.2653,32.3019,780515
26.7491,33.9389,53639
30.9032,29.5528,22444
30.0604,31.2315,51741
31.1742,31.2218,89068
30.6291,31.0824,50924
31.2145,31.3580,137080
30.4204,31.5622,185237
28.9241,30.9854,94677
30.9398,30.8134,75084
27.9524,30.7808,46060
29.0744,31.0979,273151
28.4946,30.8053,115759
30.4598,31.1842,182254
31.5558,31.0892,51280
25.7509,32.6776,20000
30.5877,31.5020,430445
29.5890,32.3360,45552
30.1230,31.1357,94174
28.2417,33.6222,38285
30.5432,31.7850,46962
29.4075,31.2525,26943
27.1810,31.1837,528669
24.0908,32.8994,379774
29.9737,32.5263,699541
30.8825,31.4627,124020
25.1941,32.6771,21610
31.2387,31.6538,29286
30.7461,31.1296,45813
31.5537,25.1579,16545
27.0631,31.3442,54094
29.5647,31.2811,61531
30.5968,30.8993,76071
30.2974,30.9764,124483
31.1048,30.6413,44482
24.9065,32.8856,16190
25.6199,32.5431,78695
29.3378,31.2056,57870
26.0866,32.4226,34723
25.6989,32.6421,422407
27.4402,30.8171,99598
26.1061,34.2772,24653
30.6162,31.7351,94632
30.5641,31.9339,24364
30.8571,32.3118,31808
30.6193,31.4616,70687
30.1933,31.1370,83568
30.0626,31.2497,9606916
28.0919,30.7581,283605
31.1829,32.0311,162045
26.6998,31.6046,53643
31.1582,31.9360,127394
31.0364,31.3807,621953
26.4775,31.8039,91149
31.1835,30.5245,34660
30.9706,31.1669,592573
30.1529,31.3150,488904
25.4510,30.5465,83108
30.2103,31.3681,81646
30.0094,31.2086,4367343
31.1806,31.8650,99641
30.6043,32.2722,429465
31.2018,29.9158,5263542
28.6992,30.7673,26092
30.7188,31.5630,53791
31.1567,30.1477,53079
30.8616,31.9181,50651
29.9000,31.2500,155055
31.3115,31.1477,58430
30.8453,29.3882,18407
27.2574,33.8129,207132
26.8752,31.3296,70884
29.3100,30.8418,519047
28.8231,30.8990,112999
31.5823,30.9809,60320
25.6648,32.6354,23550
28.3483,28.8694,15653
25.1500,32.7167,32920
26.2365,32.0039,68413
30.4305,31.0368,62961
29.8500,31.2667,90833
26.9931,31.4160,56033
29.6197,31.2575,45793
31.1316,33.7984,199243
26.5622,31.7457,151430
30.9416,31.2904,47013
30.8280,30.5355,68901
31.0282,28.4450,27697
26.1204,32.0954,18194
27.0451,31.3184,105418
30.5698,32.1146,32763
27.9304,30.8383,90266
30.7251,31.6715,154466
31.0931,30.3142,61388
30.5377,31.6788,43001
29.9500,31.2000,86601
30.9102,30.1744,66946
27.2688,31.1523,111785
30.6687,30.0739,23282
30.9306,31.6986,32840
31.0189,33.0098,26330
30.1360,31.7150,32940
31.2419,30.9450,24254
31.2086,31.6353,26955
31.4348,31.6751,54508
30.5750,30.7111,28091
29.0330,31.1141,32278
30.6315,31.9393,59320
30.8852,29.5772,45865
30.3775,30.3503,41186
27.2058,31.1964,22435
26.2784,32.0561,38008
29.6002,32.3167,45552
30.0300,31.4700,313139
30.1381,31.6156,91899
30.0421,31.4445,313139
25.7383,32.6368,38871
30.2289,31.4815,138987
25.2500,30.5500,83108
28.0864,30.8146,17470
31.4071,26.5832,19768
31.3234,31.7612,31240
30.0200,31.0000,95854
29.3850,30.5570,23965
29.0356,31.1179,29117
27.0961,-13.4158,17917
27.1418,-13.1880,196331
26.1307,-14.4851,42651
23.6848,-15.9580,75000
15.6081,39.4746,23100
15.7779,38.4511,74800
14.3043,36.6060,46100
15.1058,37.5907,15891
15.3381,38.9318,563930
13.0092,42.7394,21300
14.8872,38.8153,17781
37.1191,-3.5840,18995
38.4254,-6.4173,16424
38.6136,-1.1147,35025
28.9568,-13.7653,16289
38.6373,-0.8657,35222
39.2699,-2.6012,26642
39.9383,-0.1009,50577
38.9766,-5.7974,25759
38.5075,-0.2335,33797
36.8316,-2.6427,22853
36.7811,-4.1027,74190
39.4739,-0.3797,824340
38.7621,-3.3848,31147
37.1852,-5.7809,52617
36.6778,-5.4460,16979
38.0133,-3.3705,34602
37.7688,-1.5023,29211
36.7579,-3.9523,16890
37.9787,-0.6822,82599
37.7429,-0.9540,35614
39.4370,-0.4655,78543
36.6204,-4.4998,65448
36.7420,-4.0929,21980
39.1576,-3.0216,36091
37.3728,-6.0459,22772
39.8581,-4.0226,86526
28.9611,-13.6450,19849
27.9924,-15.4192,123265
29.0605,-13.5640,19418
36.0139,-5.6070,18169
39.9635,-4.8308,88856
28.4769,-16.4102,23562
39.0720,-0.2662,18195
39.2026,-0.3111,28908
39.5893,2.6190,17993
39.3626,-0.4117,18979
37.3828,-5.9732,686741
38.3964,-0.5255,56715
38.0615,-1.0488,15319
38.1917,-0.5658,31760
27.9117,-15.5407,71863
37.1886,-3.7189,15430
38.9846,1.5341,31314
28.4682,-16.2546,211359
28.6835,-17.7642,15674
28.0320,-15.5043,18314
36.2098,-5.3845,29249
37.8357,-0.7910,23738
36.4884,-4.9912,34922
28.0983,-16.6171,16179
36.7781,-6.3515,68037
37.3581,-6.0373,20779
38.4015,-0.4362,21939
37.8063,-0.8374,31432
28.0762,-16.5580,19541
36.4759,-6.1982,95174
28.4853,-16.3201,150661
27.9248,-15.5733,53588
29.0009,-13.6130,18517
38.9807,1.3036,21852
39.6833,-0.2667,66070
36.6236,-6.3600,28848
36.7642,-2.6147,94925
36.7423,-5.1671,36827
38.0880,-0.7254,20510
36.7171,-4.2758,38666
39.5459,-0.5707,21992
39.4883,-1.1004,20227
28.3764,-16.5858,35963
39.6167,-0.3000,19018
36.5282,-6.1901,40183
38.6871,-4.1073,51842
28.5004,-13.8627,35667
28.4169,-16.5509,32219
37.3894,-4.7669,30241
39.5975,-0.5547,20431
37.4381,-4.1952,22585
38.3791,-4.8483,17669
39.8768,3.0163,17260
37.8659,-0.7926,21418
39.3635,-0.4595,19786
39.5026,-0.4408,64023
39.5694,2.6502,438234
37.7002,-5.2812,21159
28.3504,-14.1076,20821
39.4281,-0.4177,23519
37.2376,-5.1031,17851
38.0848,-0.9440,101321
38.8219,-0.6060,37735
39.9650,-0.2604,24850
38.9197,-0.1193,28419
38.3848,-0.7677,27135
36.9665,-2.2060,26516
36.7528,-3.8744,21811
39.8916,-5.5406,17228
37.9870,-1.1300,471982
38.0410,-1.4901,16941
38.4158,-0.4453,22510
36.7507,-3.5179,60592
37.1208,-5.4540,27844
37.5863,-4.6380,23031
38.9084,-6.6178,16236
39.5455,-0.3955,21900
38.0546,-1.2076,64065
37.2756,-6.8385,19569
27.8838,-15.7254,21690
39.4752,-0.4183,46131
36.5958,-4.6373,80630
38.9644,-3.8905,15316
38.9180,-6.3429,59857
35.2937,-2.9383,85985
37.5992,-1.3149,35221
27.7606,-15.5860,36065
39.5667,-0.3333,15210
37.7211,-3.9726,24655
39.6214,2.7253,36725
37.3290,-5.4168,19768
36.5154,-4.8858,156295
37.2076,-3.6349,20815
38.9992,-3.3699,19186
39.4914,-0.4635,30508
39.5696,3.2096,42631
36.7202,-4.4203,591637
37.3446,-6.0639,45890
37.3730,-5.7495,20510
39.8885,4.2658,29125
37.4088,-4.4852,42248
37.1618,-5.9243,36824
28.6585,-17.9182,20171
36.1848,-5.4921,23513
37.7443,-0.8504,15674
37.6712,-1.7017,93079
37.6590,-5.5275,19352
37.1689,-4.1513,21574
39.4909,2.8911,36078
39.6289,-0.5978,22972
38.0952,-3.6360,57414
37.2548,-7.2043,25886
36.9208,-6.0753,26434
37.6191,-0.8780,17737
38.0282,-1.2419,21062
28.1018,-15.4157,383516
38.9442,-3.2381,15523
36.9838,-5.9393,16379
39.2073,-2.1572,16060
37.4861,-5.9809,35928
28.3908,-16.5231,41833
28.6105,-13.9291,25884
38.6137,-0.1269,17874
36.1681,-5.3478,64595
39.5667,-0.5333,18050
38.2756,-3.6153,15306
37.4633,-6.0111,16301
38.4792,-1.3250,25685
36.6865,-6.1361,212879
38.7833,0.1667,28016
38.9904,-0.5185,29386
37.7692,-3.7903,113457
37.2000,-7.3167,21324
27.9185,-15.4343,29319
39.7211,2.9109,29308
28.3724,-16.7119,24024
38.9088,1.4330,49727
38.6253,-0.5723,24113
37.3892,-1.9430,17645
37.2664,-6.9400,144258
38.5106,-1.7010,30976
28.3112,-16.4128,17662
28.2115,-16.7795,20536
38.0903,-0.6556,16329
37.2993,-3.1392,18718
28.1188,-16.5760,39993
37.1882,-3.6067,233532
38.9667,-0.1833,73829
28.1470,-15.6502,24209
36.5400,-4.6247,71482
39.4696,3.1483,18270
36.4276,-5.1459,67012
37.3911,-5.7199,19191
36.5939,-6.2330,88364
39.9736,0.0128,16026
36.7763,-2.8146,84710
38.4778,-0.7916,55168
38.2622,-0.7011,234765
37.2627,-5.5453,19565
37.5422,-5.0826,39882
37.2829,-5.9209,122943
38.9563,-5.8616,37010
38.8408,0.1057,41733
39.0700,-3.6150,18527
39.1667,-0.2500,24121
39.4814,-0.4394,25499
38.2499,-0.8097,28957
37.2877,-6.0541,30657
37.8916,-4.7728,325708
36.2772,-6.0885,22427
36.6595,-4.7564,21866
38.9863,-3.9291,74743
38.2400,-1.4199,34889
39.4659,-0.4259,30002
36.7366,-6.4370,19386
36.4198,-6.1437,83831
38.0924,-1.7985,15022
39.4000,-0.4000,27035
37.3859,-6.0526,17150
39.9857,-0.0493,171857
37.2811,-7.1507,17905
36.7107,-4.6330,21313
37.6020,-0.9840,213943
27.9116,-15.4056,22000
37.4712,-5.6461,28620
39.2266,-0.5214,15527
39.1218,-0.4481,21735
38.1056,-1.8634,26415
28.3548,-16.3727,24319
39.4046,-3.1249,15006
38.2190,-2.9807,67904
38.4288,-0.3977,27893
37.4020,-6.0331,28620
39.5657,2.5062,51774
38.6447,0.0445,23326
38.1250,-0.8782,17924
36.5267,-6.2891,116979
39.4765,-6.3722,96068
37.4725,-4.4421,21352
39.8890,-0.0850,34544
39.5098,-0.4133,38433
37.3736,-6.0723,18590
39.5911,-0.4615,20740
36.8469,-2.9497,15035
38.5382,-0.1310,70450
39.4226,-0.3969,15313
36.5961,-4.5727,58854
37.4907,-2.7726,23359
37.6251,-0.9879,15937
36.1924,-5.9219,22551
38.0964,-3.7779,18785
37.9938,-3.4710,16253
37.6167,-4.3224,20915
38.8779,-6.9706,150530
37.2133,-7.4081,20883
37.2248,-3.6869,15399
37.5999,-0.8068,30000
38.3451,-0.7672,20180
28.1198,-15.5233,36259
36.5992,-4.5351,17763
28.9630,-13.5477,61351
28.0996,-16.6810,78614
37.1439,-3.6253,21380
36.7507,-5.8106,31210
38.1163,-1.3004,18202
37.0194,-4.5612,45168
38.0392,-4.0508,37113
38.5988,-0.0515,23780
36.7325,-3.6917,27696
38.1088,-0.7920,20542
37.2647,-6.5167,25751
36.8381,-2.4597,196851
38.6832,-6.4075,33468
39.9473,-0.0631,25831
38.8692,-1.0971,24537
37.2699,-7.0231,17960
38.3452,-0.4815,348901
36.6430,-4.6873,23319
36.6640,-4.5614,35114
37.8510,-1.4251,19860
39.1904,-0.4357,27285
36.1333,-5.4505,121414
39.4167,-0.3833,20853
39.4657,-0.4601,31492
39.8532,3.1214,19793
38.7054,-0.4743,61552
39.1500,-0.4333,44393
39.3901,-3.2083,30686
37.9694,-1.2171,41084
37.4614,-3.9230,22783
37.3379,-5.8395,70155
39.5000,-0.3500,24222
37.2309,-3.6551,17089
39.4000,-0.4167,15443
38.9942,-1.8564,173050
39.4557,-0.4610,29341
27.9054,-15.4461,28924
37.4063,-1.5829,34533
36.7483,-3.0208,24373
28.1227,-16.7260,43204
39.6417,-0.2389,62368
43.2844,-2.1699,22627
41.6561,-0.8773,686986
41.5063,-5.7446,61827
43.6623,-7.5934,16238
42.8500,-2.6727,257407
40.4703,0.4756,28273
40.3581,-3.9043,27596
40.3500,-3.7000,126802
42.6469,-5.5583,17013
41.2239,1.7251,65890
40.4901,-3.9638,15087
40.4469,-4.0043,16804
42.5963,-8.7643,37576
41.3462,1.6971,38425
41.1112,1.1476,20866
42.0617,2.2553,17305
41.3141,2.0143,66168
42.2328,-8.7226,293642
41.9301,2.2549,39844
40.4000,-3.6000,66439
41.2167,1.5333,35821
41.2861,1.2499,25092
40.3833,-3.6167,53208
41.6554,-4.7235,300618
40.1908,-3.6789,74745
40.3261,-3.5109,68405
41.7083,-0.9992,17677
42.0471,-8.6443,17262
42.0617,-1.6045,34717
40.8125,0.5216,35143
40.5765,-3.9266,21781
43.3494,-4.0479,55297
40.4554,-3.4697,118162
41.1450,1.3986,15272
41.6991,2.7189,15345
43.1348,-2.0780,18044
40.4597,-3.6975,155000
40.3456,-1.1065,36240
42.7950,-8.5480,17807
41.6470,1.1396,16539
41.5667,2.0167,218535
41.1191,1.2454,141542
40.0085,-3.0073,15651
41.7640,-2.4688,39112
41.2351,1.8119,27668
43.3098,-3.0072,27445
40.1047,-3.6979,16231
40.9481,-4.1184,51683
41.4911,2.1408,58747
41.3932,2.0069,27901
43.2964,-2.9881,100435
43.3284,-3.0325,46978
41.3743,2.1383,40831
41.3839,2.0676,15811
42.8805,-8.5457,99536
41.5333,2.1833,25048
43.4659,-3.8049,173635
41.5159,2.1246,31144
42.5535,-8.9909,27067
41.4515,2.2081,118821
40.5555,-3.6273,75912
43.3128,-1.9750,185357
41.5333,2.0833,18462
41.2604,1.7739,28353
40.2073,-3.5706,18256
40.5914,-4.1474,17889
41.5051,2.3923,20764
41.3672,2.0574,32030
42.4000,-8.8070,17212
40.4239,-3.5326,39466
41.3833,2.0500,42919
41.7833,3.0333,21977
41.4706,2.0861,79253
41.6892,2.4897,16860
40.6167,0.6000,15511
41.3436,2.0366,82428
41.4354,2.1898,142598
42.6117,-5.6167,30820
41.4466,1.9719,26401
41.4307,2.2186,36669
43.2957,-5.6842,39984
41.9749,2.7928,30622
41.0766,1.1416,26775
40.9688,-5.6639,144825
41.5433,2.1094,211734
41.4923,2.0330,72987
42.2620,3.1769,19319
41.4969,2.1574,38347
42.7381,-8.4411,27518
41.1561,1.1069,103477
43.3120,-1.9023,38767
42.2834,-8.6096,29194
40.3935,-3.6620,244151
42.1748,-8.5040,23172
41.4921,2.3652,27399
40.4329,-3.8134,82428
42.4477,-8.6859,17018
43.3210,-3.0206,45826
42.1616,-8.6198,17475
42.4310,-8.6443,82802
42.5466,-6.5962,68736
40.0312,-6.0884,40141
40.2415,-3.7000,43501
41.6276,2.6889,26659
41.5223,1.7508,15362
40.4746,-3.7224,44341
40.4007,-3.6213,17471
40.2360,-3.7675,115611
41.5748,2.2331,17632
42.8169,-1.6432,208243
42.0095,-4.5241,78629
41.8484,3.1291,17898
41.9174,3.1631,22365
43.3603,-5.8448,220027
43.2554,-2.0187,17842
42.3367,-7.8641,105233
42.1810,2.4901,33524
41.5437,1.8941,23301
43.3333,-8.3167,35559
42.1415,-8.8066,18021
40.2891,-4.0120,21584
43.5018,-8.1908,37712
43.3546,-2.8452,16209
40.3223,-3.8650,207095
40.4074,-3.6494,104923
41.9108,0.1941,17042
41.5421,2.2675,15509
42.5217,-7.5142,19546
43.0644,-2.4898,22019
41.4833,2.1833,33453
41.5403,2.2131,52484
41.4167,2.0167,24067
42.2781,-8.7392,19014
42.6865,-2.9470,39264
43.2500,-5.7667,44070
40.3928,-3.4819,22488
41.3124,-4.9141,21540
41.5421,2.4445,126988
41.4798,2.3188,23340
41.4740,1.9306,27850
42.3914,-8.7014,25969
41.7281,1.8240,76250
42.0023,2.2848,20647
41.6466,2.7414,18472
40.4735,-3.8718,68110
40.4165,-3.7026,3255944
43.0099,-7.5560,98025
42.4661,-2.4512,151164
41.6999,2.8457,37350
43.1432,-2.9620,18314
41.6167,0.6222,140797
42.6000,-5.5703,124772
43.3269,-2.9888,31197
40.3272,-3.7635,188425
40.4929,-3.8737,95550
43.2677,-2.0217,17782
41.4227,2.1859,28710
41.3845,2.1815,22856
40.4443,-3.6693,36027
41.0770,1.1789,17305
42.6609,-8.1128,20158
41.5815,-4.7233,21762
43.3075,-5.6909,21000
42.6891,-8.4884,20661
43.3713,-8.3960,250438
40.4518,-3.5867,19685
43.3390,-1.7894,61983
40.1221,-3.8470,21264
41.5810,1.6172,38918
40.2504,-3.8306,18098
42.1362,-0.4087,53956
41.3597,2.1003,257038
40.4744,-3.6411,161661
41.4363,2.1572,26597
43.2662,-1.9762,20222
43.3167,-2.6833,16244
43.3569,-3.0115,80770
40.6286,-3.1618,93470
41.6080,2.2877,60981
41.4024,2.1564,121502
43.5357,-5.6615,271780
40.3057,-3.7330,187525
41.9831,2.8249,100266
41.3060,2.0012,45994
42.3566,-3.6732,60000
43.2307,-2.8429,29226
40.5783,-4.0043,31820
43.3686,-1.7962,16458
40.2842,-3.7942,190496
40.5000,-3.6833,238765
42.2664,2.9616,46381
41.3773,2.0881,46355
41.5381,1.8702,21855
43.1872,-2.5026,16252
43.3044,-2.9735,24262
40.3785,-3.6739,35399
41.3278,2.0947,63418
40.5534,-3.6997,19036
43.4845,-8.2329,66799
40.5825,-4.1285,15842
40.3864,-3.7982,19750
43.4009,-3.8205,18108
41.3804,2.1686,45671
42.1263,-1.1372,17331
43.1849,-2.4716,27406
43.1712,-2.6338,28229
43.2879,-8.3886,30221
40.0667,-2.1333,54898
40.4238,-3.5613,81860
41.3500,2.0833,87173
40.6591,-3.7676,43700
40.6351,-4.0049,63074
41.4099,2.1905,26928
40.4451,-3.6513,228171
40.0011,3.8414,29160
40.1591,-3.6210,22132
40.4621,-3.6766,140000
43.3828,-3.2204,31977
41.2779,1.9703,66375
41.6167,2.0833,24036
41.6398,2.3574,16596
43.2130,-8.6910,31261
41.6167,2.2833,16023
40.4484,-3.6085,29067
40.4640,-3.6362,39786
42.2641,-8.7846,25748
41.0700,1.0595,32422
43.2944,-8.3474,23231
43.4074,-3.8850,30263
41.6138,2.6542,18728
41.6333,2.1667,16885
41.3535,-1.6432,20035
42.3051,-1.9652,24787
41.2000,1.5683,24265
42.8256,-1.6167,18934
42.3411,-3.7018,176418
42.6472,-8.8846,18883
40.4050,-3.8784,52626
41.6742,2.7904,40047
43.2627,-2.9253,347342
43.4209,-2.7215,16937
42.1043,1.8463,17160
40.0500,0.0667,18055
40.4165,0.4271,26655
42.0025,-5.6783,19119
40.3864,-5.7634,15007
41.3799,2.1897,15212
41.3888,2.1590,1686208
42.0356,0.1269,16924
42.8057,-1.6773,20039
40.4737,-3.5778,43423
42.1167,2.7667,19615
41.7912,0.8109,16841
41.4500,2.2474,217741
40.5657,-3.2675,34685
43.5547,-5.9248,78715
40.6572,-4.6995,57657
43.3048,-8.5075,29762
40.2695,-3.9195,31396
40.3008,-3.4372,51489
41.5819,2.5494,15307
40.4577,-3.7828,27445
40.0311,-3.6025,54055
41.6704,-3.6892,33187
40.7099,0.5786,21240
43.2167,-2.7333,17842
43.3493,-3.0094,82624
40.5971,-3.4974,20204
40.3458,-3.8249,172384
40.5475,-3.6420,116037
41.0500,-0.1333,16392
40.4821,-3.3600,193751
41.4416,2.1773,166310
40.4790,-3.6684,30000
27.7567,-15.5787,17158
28.9231,-13.6658,30000
35.8892,-5.3204,83179
40.4355,-3.7317,116531
41.3890,2.1618,266477
41.3871,2.1301,82270
41.4010,2.1394,147912
41.4185,2.1677,168092
41.3726,2.1546,183120
41.4181,2.1993,235719
41.3802,2.1732,102347
40.4002,-3.6962,148797
40.4389,-3.6154,157367
40.3890,-3.7457,256644
40.3887,-3.7003,141189
40.4297,-3.6797,147707
40.4340,-3.7038,145934
40.3909,-3.7242,253678
40.4183,-3.7027,149718
40.4132,-3.6831,126058
41.3836,2.1763,24460
40.4080,-3.7013,44630
40.4468,-3.7035,34753
40.4463,-3.6841,27274
41.3745,2.1633,40906
41.3769,2.1431,15954
41.3740,2.1438,18505
41.4059,2.1324,25761
41.3999,2.1293,16532
41.4039,2.2041,34151
41.4176,2.1591,31377
38.5806,-0.1032,21011
37.1355,-3.6703,16369
41.6493,-0.9076,110520
41.6612,-0.9017,25767
41.6296,-0.9387,20000
41.6445,-0.9335,30228
43.2535,-2.9161,60000
41.3946,2.1795,31693
41.3961,2.1669,43715
41.4121,2.1439,15571
41.4041,2.1733,51623
41.4202,2.1963,26169
28.3849,-16.5828,36405
43.3253,-1.9271,15990
43.2397,-2.8858,42657
39.5506,2.5974,15136
41.4381,2.2195,43827
28.1272,-15.4314,88546
43.5355,-5.8889,15955
40.6009,-3.7081,41896
42.8085,-1.6583,24846
42.8108,-1.6641,17163
42.8148,-1.6490,22538
42.8139,-1.6429,22538
40.4984,-3.7314,220085
40.3670,-3.6015,65162
43.5403,-5.6823,20000
41.4027,2.1162,24819
41.3894,2.1552,41872
41.4117,2.1678,25563
41.4427,2.1820,26166
41.4069,2.1439,29278
41.4111,2.2026,20306
41.3786,2.1594,38182
41.4031,2.1569,50928
41.3831,2.1490,57676
41.4349,2.1788,24604
41.3747,2.1277,24344
41.3813,2.1174,24058
41.3975,2.1430,47043
41.4063,2.1650,34356
41.3600,2.1399,30397
41.4286,2.1741,25522
41.4120,2.1825,38343
41.4180,2.1860,22059
41.4388,2.1689,15147
41.4481,2.1752,15633
41.4240,2.2030,29250
41.4323,2.1690,15554
41.4131,2.2174,23254
41.4188,2.1736,36176
41.4369,2.1902,56818
41.3870,2.1347,46412
40.3837,-3.6993,22834
40.4237,-3.6967,18219
40.3485,-3.6162,40417
40.4335,-3.6843,16919
40.3924,-3.5701,35519
40.4764,-3.6594,15435
40.4116,-3.6734,15093
40.4320,-3.6758,20969
40.4092,-3.7025,46204
40.4652,-3.7173,30484
40.4628,-3.6781,24476
40.3948,-3.6991,19761
40.4189,-3.6743,21492
40.4097,-3.7318,43292
40.4246,-3.6858,15444
40.4350,-3.7146,22959
40.4250,-3.6744,29477
40.4248,-3.6638,20929
40.4344,-3.7080,24190
40.4062,-3.7184,22385
40.4011,-3.7073,36069
40.4154,-3.7141,23501
40.4257,-3.7071,32783
40.3888,-3.6871,19468
40.3967,-3.6900,28575
40.4035,-3.6947,25097
40.4044,-3.6787,33027
40.4011,-3.6710,18832
40.4141,-3.6655,22649
40.4363,-3.6666,41964
40.4483,-3.6730,18513
40.4554,-3.6771,31470
40.4596,-3.7050,25694
40.4743,-3.6797,17046
40.4524,-3.7076,29355
40.4604,-3.6941,20570
40.4707,-3.6943,23057
40.4670,-3.7042,26573
40.4329,-3.7011,24621
40.4329,-3.6935,19418
40.4424,-3.6977,27163
40.4429,-3.7112,19853
40.4766,-3.6685,21914
40.4282,-3.7178,24997
40.4771,-3.7096,45610
40.4023,-3.7504,36749
40.3843,-3.7458,47427
40.3935,-3.7120,22721
40.3902,-3.7218,33883
40.4812,-3.6966,32192
40.4263,-3.6355,62840
40.4393,-3.6493,20941
40.5002,-3.6788,64757
40.3818,-3.7711,51268
40.3797,-3.7391,36798
40.4015,-3.7359,17903
40.3919,-3.7567,66588
40.3966,-3.7283,40368
40.4963,-3.7196,35676
40.4560,-3.7384,16364
40.3995,-3.6585,48720
40.3671,-3.7461,49151
40.3790,-3.7262,31691
40.3686,-3.7124,23085
40.4370,-3.6451,25469
40.4107,-3.6406,26120
40.3706,-3.6891,23598
40.3890,-3.7068,26579
40.3781,-3.7071,17878
40.3906,-3.6482,28841
40.3900,-3.6679,45104
40.3848,-3.6589,40477
40.3852,-3.6373,43162
40.4119,-3.6568,17323
40.4014,-3.6468,17333
40.4053,-3.6425,16885
40.4225,-3.6474,50218
40.4429,-3.6535,18327
40.4557,-3.6351,15041
40.4724,-3.6471,52031
40.3408,-3.6884,17270
40.3557,-3.6886,37808
40.3558,-3.6991,34827
40.3834,-3.6113,23876
40.4937,-3.6359,69176
40.3372,-3.6763,21316
40.4353,-3.6251,28765
40.4212,-3.6176,25354
40.4275,-3.5943,30751
40.4451,-3.5702,17389
6.8866,46.2151,24000
6.1756,45.2987,34000
7.9333,38.7167,90500
6.1667,38.2000,40600
6.7500,38.4167,81600
4.8833,38.0833,36300
13.7952,39.6030,64000
11.9167,37.7000,47800
10.5896,39.4377,20600
6.9744,45.3408,450400
8.4500,39.2833,17120
6.6000,38.4167,59300
6.3167,38.2667,22800
8.2833,37.7833,77500
8.6667,39.4333,31500
11.8277,39.5916,104000
7.0667,37.1667,26500
8.6667,38.2167,30000
11.4833,37.5833,39200
10.8500,37.0167,20400
12.9842,37.0442,28200
7.2000,35.4500,66700
7.1514,37.1718,24300
8.1000,36.9500,20700
8.3167,39.4833,21300
7.1333,37.9500,41900
14.4008,37.9340,36100
9.3294,39.2934,22900
7.2000,38.6000,208400
9.5667,37.1000,31100
5.7649,38.9101,47500
9.1520,39.0234,25500
12.6306,39.0347,50300
8.9167,38.6167,102300
7.7500,39.1500,24900
12.0167,39.6333,20679
9.9946,39.8969,39600
7.1229,40.0041,31400
9.0833,36.5500,156000
9.5000,35.5000,39400
5.3167,39.5833,73100
11.7333,38.4667,44200
8.5500,39.2667,456900
11.0833,37.8667,59000
8.5868,39.1211,61300
6.9986,35.5888,62000
11.4217,40.7628,21700
9.2348,40.7559,27700
8.3000,35.5833,59700
12.9548,36.1555,25600
8.9000,39.9167,23403
10.8333,38.2667,27600
11.6667,39.6500,36300
11.4167,37.1667,42200
9.8000,35.1000,29100
6.4167,39.8500,22100
8.1500,38.8167,75200
13.4967,39.4753,457900
10.3121,39.6589,24900
12.7875,39.5422,49600
11.2833,36.2167,24100
12.3833,37.5500,25800
10.2500,37.9333,20900
11.7262,40.9797,34500
6.8731,38.4442,31700
12.0322,39.0476,39100
7.3000,38.6500,21100
12.5058,39.5228,35600
7.3167,38.0833,72200
12.4242,37.3250,27300
7.0667,38.7833,27900
5.8833,38.9833,47600
10.7167,39.8700,43800
11.0816,39.7434,132100
6.0833,38.0333,23100
6.7400,44.2781,45900
9.6000,37.8333,22900
5.6500,36.6500,54400
7.6734,36.8344,250900
9.3500,42.8000,483000
8.1333,39.2333,31100
14.2789,39.1500,21800
8.0667,38.4667,30500
11.0000,36.9167,47500
14.1031,38.2829,100100
13.9494,38.1842,21400
14.1872,39.5639,25400
12.1333,38.0500,27000
8.1500,39.3500,27500
7.5498,37.8537,188200
9.2167,41.1000,24200
11.3000,39.6833,28500
9.1572,43.3542,22000
9.3139,42.1181,157000
10.9202,39.7871,24500
8.9833,37.8500,99900
7.2000,37.6667,48000
6.3466,45.4781,23000
11.3560,36.9545,26500
6.9577,35.5575,29400
12.6000,37.4667,466000
5.9506,43.5519,67900
7.6167,39.5000,23200
7.0167,39.9833,66500
8.5342,37.9652,78600
7.1395,40.7108,35500
9.0333,38.1500,37600
10.8500,36.8833,24800
7.4500,37.6333,22900
9.1703,35.8349,64300
6.4192,45.8525,25090
5.6500,37.3667,35500
6.7167,37.5667,27789
9.0667,38.5000,48300
8.8167,40.5167,34200
9.0167,37.4500,23300
9.5725,43.1814,24000
9.8000,38.4000,41200
8.2500,34.5833,97600
9.4025,42.3175,25000
10.7000,37.2667,58400
11.6667,38.8000,26500
9.8000,38.7333,57100
6.3000,36.8833,61000
9.4650,42.1845,26200
6.5073,45.8349,20000
7.2333,37.8833,65900
11.7329,41.0820,36100
13.4992,39.6372,41400
6.9833,39.1833,43200
9.5931,41.8661,343000
6.4167,38.3167,158800
10.6500,36.2167,21300
11.1333,39.6333,270400
8.4000,38.8500,30700
8.5333,34.8000,61100
10.5500,37.4833,29800
8.2206,43.5572,47200
9.3117,41.4430,26900
8.7523,38.9785,207400
11.8500,38.0167,125300
10.3500,37.7333,140700
9.6795,39.5326,146900
13.1561,37.8981,46800
9.8833,38.2667,31000
11.2667,36.8333,56000
12.9842,37.7650,28300
7.8333,38.2333,69800
9.5062,42.6094,25400
6.5833,38.3333,49500
11.6046,40.0166,22400
6.2500,37.5667,27500
9.3975,41.5610,20900
8.1167,38.3667,89800
10.7000,37.0667,46000
7.2889,36.2417,56000
6.9667,37.8667,64900
10.4500,38.2000,36500
6.9190,37.5290,31765
7.5333,39.2500,36800
6.8333,38.0833,24600
8.9000,40.7833,37700
8.4560,36.3530,40500
11.1915,40.0168,37600
9.7500,34.7333,26300
5.7833,36.5667,34100
11.5936,37.3908,350000
9.2256,42.3322,36700
12.5500,37.0667,34000
9.8833,36.6167,21800
8.9936,40.1664,36500
7.0621,38.4763,422200
10.3503,39.9363,26300
10.0667,34.5333,69700
7.9500,39.1333,139500
9.0857,40.8671,30772
11.5684,41.4387,39400
7.1000,39.2000,42900
13.9500,40.6667,23000
7.0667,37.7000,84500
6.0333,37.5500,201000
9.9628,42.4928,148933
5.9667,41.0333,23000
12.7689,37.6239,27300
8.3000,38.9500,23700
10.0833,39.0333,23500
9.3933,42.0097,63700
12.4160,39.5597,70400
14.1211,38.7234,94500
5.6342,38.2360,57700
7.8500,36.6500,52800
14.1635,38.8992,85600
12.1167,37.7833,36300
11.0833,36.8833,20100
9.0333,38.4000,20900
9.0250,38.7469,3860000
14.2770,39.4620,121800
11.2667,37.4833,43200
9.9833,39.9833,30400
13.5608,38.9739,34200
13.7333,36.4500,24500
14.2333,37.0000,25300
6.5822,46.4333,37080
5.7528,45.6460,18000
6.2553,45.3853,38000
6.5546,45.3899,34000
6.8077,46.0848,36000
11.7934,41.0058,50000
6.8600,37.7616,204100
10.0280,39.8528,56100
7.3547,38.6746,98100
6.4426,45.9833,22000
10.9563,36.5046,52300
10.6406,36.9468,23900
9.0353,38.6608,101400
8.9705,37.7612,30600
14.0729,36.5683,27300
12.7988,39.6445,29200
7.2056,37.7778,38400
8.4541,39.2175,29200
7.8526,38.1853,25400
14.2023,36.7595,21800
7.3481,37.9506,21800
10.8503,36.8928,24800
9.5656,36.6357,28300
5.7801,38.4089,20500
7.1511,35.8170,28300
11.2157,38.3645,23200
6.9297,38.1251,25294
6.8773,37.9362,35294
6.9247,37.6526,84510
6.7061,37.7697,17538
7.0236,37.8608,15020
61.5563,23.5961,33731
64.0833,24.5500,15375
60.2096,25.1420,38961
60.4170,24.3196,28864
62.3153,27.8730,19603
60.2941,25.0410,252724
61.3333,22.9000,16635
61.2642,24.0312,20859
63.0960,21.6158,69819
60.4037,25.0264,42624
60.4515,22.2687,206655
65.8481,24.1466,20932
61.4991,23.7871,260646
60.1843,24.9195,15343
63.0833,27.6667,21383
60.3775,25.2691,22903
62.7945,22.8282,66848
61.8699,28.8800,31283
60.3833,23.1333,50794
66.4990,25.6887,65670
60.7377,24.7773,28610
61.1272,21.5113,38909
59.9774,23.4397,26982
60.4859,22.1689,25846
64.6833,24.4833,23566
61.4807,21.7852,83157
60.2229,24.8610,18016
61.4612,23.6323,21204
62.3000,27.1333,17243
60.2292,24.9640,23854
65.0124,25.4682,216066
60.8049,25.7296,15628
60.4641,24.8073,45356
61.4667,23.5000,36486
60.4674,22.0243,20312
60.1986,24.8777,17334
61.6886,27.2723,51661
60.2336,25.0995,36360
60.1589,24.7424,22688
60.6333,25.3167,20966
60.8497,23.0561,15248
60.2486,24.0653,45686
60.5103,22.4618,20694
60.2128,24.8135,28409
61.3167,23.7500,25036
60.1590,24.8680,20000
62.4141,25.9519,18876
61.0587,28.1887,72909
60.9827,25.6615,121622
60.1238,24.4385,41821
62.6167,22.4167,19474
62.8924,27.6770,125462
60.8667,26.7000,78094
60.4664,26.9458,50157
63.1142,21.6822,17176
62.7602,29.8471,15092
63.8385,23.1307,48361
60.3824,24.7510,21019
60.4034,25.1050,38535
65.7364,24.5637,19332
63.1030,23.0713,15066
60.5216,26.9312,22867
61.4638,24.0760,34315
60.1843,24.9503,27051
64.2273,27.7285,36458
60.4072,22.3690,36631
60.2517,24.8811,26414
62.2415,25.7209,148744
62.6012,29.7632,78398
60.4737,25.0899,46942
60.9000,24.6000,15995
61.8642,25.1900,19209
63.6749,22.7026,19668
61.1718,28.7524,24581
63.5592,27.1907,20330
60.6333,24.8667,43515
61.0500,25.4333,20405
61.0000,25.5000,22843
61.4479,23.8530,25231
60.1947,25.0354,26047
60.1695,24.9354,658864
61.2056,26.0381,17746
65.1765,25.3523,17298
60.5697,27.1979,19305
60.9960,24.4643,68473
60.2213,24.8976,27761
60.8146,23.6215,16368
60.2052,24.6522,323910
60.1752,25.0309,22419
60.3923,25.6651,51853
60.6833,26.8333,16779
62.6000,25.7333,17614
60.2218,25.0239,15177
60.1724,24.7271,16929
60.2671,24.8471,18393
60.2800,25.0176,19690
60.2696,25.0540,16452
61.4535,23.8474,16053
60.1505,24.6531,17697
60.2997,22.3004,15498
61.3494,22.9093,24495
60.2180,25.0957,30244
60.2104,25.0829,170557
-18.1368,178.4253,77366
-18.1431,177.5069,17622
-17.8031,177.4162,42284
-17.6169,177.4505,52500
-18.1109,178.4094,24639
-16.4332,179.3645,27949
-18.0705,178.5131,92043
6.9248,158.1611,6942
62.0097,-6.7716,13200
48.7178,2.4934,28897
47.8109,7.3276,15747
50.7012,3.2181,42826
50.6704,3.1338,19320
45.3647,5.5856,22114
48.7872,2.4033,81001
48.7247,4.5844,17250
43.4600,5.2486,38591
48.1228,-1.2098,17266
48.6721,2.3932,31131
48.8008,2.1618,16137
48.8486,2.4377,45923
48.8310,2.5484,30252
49.0087,2.3982,27028
45.7660,4.8795,131445
48.6733,6.1528,15899
48.9620,2.5325,37114
48.9421,2.6146,23931
44.4085,0.7042,25869
48.7322,2.4493,30881
48.7368,2.4008,17575
48.9393,2.3148,22036
44.7794,-0.5671,30347
48.8833,2.5000,28001
48.7939,2.3599,48048
45.9897,4.7196,32994
45.6128,5.1506,19749
48.7029,2.4136,26692
47.2219,2.0684,29876
45.5257,4.8748,32293
46.1271,3.4258,27019
47.6260,6.1425,19892
47.1688,-1.4729,22921
48.8036,2.1342,85416
48.7456,2.2680,16789
49.0929,1.4633,26037
48.9739,1.9648,16790
49.1596,5.3829,21798
45.6971,4.8859,57584
47.7929,1.0656,19226
43.7225,7.1118,18668
48.7820,2.1940,21741
49.0333,2.0333,20699
45.7869,4.9251,37489
48.8235,2.2902,26068
47.6569,-2.7620,54020
48.6611,6.1711,31785
43.5780,7.0545,27286
50.3591,3.5251,44821
44.9256,4.9096,63864
45.2658,1.7723,16969
48.3007,4.0852,60785
48.9496,2.5684,35591
48.7741,2.0178,28367
47.3948,0.7040,141621
43.5887,1.3192,29124
49.6383,-1.5664,18273
50.7239,3.1612,99160
43.6043,1.4437,511684
43.1244,5.9284,168701
48.6808,5.8911,17680
48.8506,2.6508,24386
46.3705,6.4798,31684
49.3599,6.1604,44311
48.7650,2.3961,29724
49.6561,3.3011,15475
49.0254,2.2169,27271
45.7550,4.7881,16920
43.2341,0.0714,52106
44.8085,-0.5891,42579
48.8714,2.2293,44697
48.7687,2.5347,25014
48.5839,7.7455,274845
48.9500,2.3833,32601
49.4097,1.0900,30619
44.0102,4.8738,18681
48.9881,2.3016,17436
49.3817,3.3236,31100
43.0917,5.8247,34779
50.3616,3.1311,17682
45.8855,6.0883,18590
48.8229,2.2176,23724
48.9447,2.5275,47334
43.4028,3.6928,40736
48.1974,3.2833,28700
49.2072,2.5866,19160
48.2619,7.4489,18941
49.7019,4.9403,20620
48.6075,7.7493,32289
48.7764,2.2903,21511
48.6768,2.3483,39698
48.5741,2.5829,25925
47.2593,-0.0781,33229
48.9482,2.1917,53980
49.1099,7.0675,24446
48.9974,2.3782,57979
47.9501,1.8760,16243
48.9667,2.2500,26869
43.1198,5.8015,19166
43.6423,5.0948,41397
45.9442,6.6316,16725
47.2077,-1.5033,29238
43.4233,6.7735,34918
49.8489,3.2876,55407
45.6965,4.9439,41641
51.0312,2.3398,23635
47.3862,0.7485,15284
49.0435,2.1213,22977
48.9065,2.3334,39353
50.7483,2.2609,18250
47.2751,-2.2179,67054
48.6348,2.3083,20824
44.8955,-0.7178,29742
43.4481,5.8608,15225
48.7940,2.4932,75402
45.1787,5.7628,35528
48.8386,2.4158,21261
48.6474,-2.0088,50676
43.2777,5.4313,16084
47.5921,7.5592,20871
49.1162,-1.0903,21722
49.0167,2.2500,16075
46.7306,4.5008,29278
43.6732,7.1900,29516
47.9113,1.8648,17522
47.9130,1.9770,19874
47.2115,-1.6510,46898
48.9735,2.2873,19737
48.8964,2.0904,41142
45.6954,4.7932,20883
45.7088,4.8533,16053
49.3779,1.1047,28953
45.4339,4.3900,176280
45.7474,-0.6349,29512
43.2620,5.4013,19997
48.6468,2.3197,33689
45.7338,4.8026,21893
45.2331,5.6815,15904
48.6377,4.9489,31918
48.2843,6.9492,24628
48.9356,2.3539,96128
47.4000,0.6667,17337
48.7987,2.0681,16365
48.8460,2.2029,28839
45.4759,4.5129,38014
48.5151,-2.7684,52774
49.1046,6.7040,18281
47.3636,0.7399,16007
50.4472,3.4308,17808
48.8765,2.1897,76616
45.6281,-1.0315,19017
49.4431,1.0993,116331
50.6942,3.1746,99507
48.8702,2.4991,41627
50.5988,3.0906,18331
47.3667,1.7500,19953
45.0496,5.0660,35002
48.8854,2.4348,24772
48.7916,2.6475,20933
44.3526,2.5734,28337
45.9430,-0.9677,29427
46.0362,4.0680,39840
48.6511,2.4141,25082
45.8936,3.1126,20142
45.8167,4.9000,28076
47.1906,-1.5689,39248
48.1111,-1.6743,227830
49.2653,4.0285,196565
48.6437,1.8299,26674
47.9960,-4.0979,63849
48.8834,2.2389,40646
43.4066,4.9809,15934
49.0500,2.1000,30290
48.0684,-2.9665,16752
46.9035,6.3554,20313
48.9070,6.0564,15411
46.5826,0.3435,85960
48.9290,2.0495,36431
47.7351,-3.4295,20652
48.8232,1.9541,36121
43.5655,1.2965,18501
48.9669,2.3610,27914
44.8056,-0.6324,57944
43.6942,5.5029,19926
42.6976,2.8954,110706
45.1869,0.7144,34770
43.3112,-0.3558,82697
48.8534,2.3488,2138551
48.8944,2.4093,52922
43.1165,1.6108,16997
48.7183,2.2498,31987
48.7670,2.6687,22530
46.2592,5.6573,25697
50.7054,1.5897,15648
45.7140,4.8075,25592
49.0701,2.0628,16545
47.2712,-1.6236,25338
48.6957,2.1873,17817
48.7479,2.3925,20528
47.9025,1.9041,116344
44.1381,4.8102,30530
47.8622,1.8991,22604
49.6261,-1.6435,16951
49.5833,3.0000,15138
48.8915,2.4645,38955
48.8498,2.5627,62420
48.8487,2.6244,15362
49.2716,2.4707,19690
48.8367,2.4825,31236
46.3231,-0.4588,54660
43.8366,4.3579,148236
43.7031,7.2661,342669
46.9896,3.1590,43988
48.8846,2.2696,61300
48.8537,2.5490,34465
48.8634,2.5060,18725
43.1840,3.0014,50776
47.2172,-1.5534,325070
48.8920,2.2067,86719
48.6844,6.1850,105058
43.4600,1.3254,24313
47.7520,7.3287,111430
46.5646,3.3324,23095
43.6007,6.9952,18973
48.6618,2.3534,19917
48.5778,-3.8279,17516
49.4631,1.0936,23078
48.8162,2.3139,38708
48.8642,2.4432,111240
43.6109,3.8763,248252
48.9883,2.3434,21156
46.3402,2.6025,44960
49.5452,0.1877,16706
49.0956,6.1527,26369
48.9820,2.2003,17910
48.7664,2.0341,39063
48.7054,2.4504,22843
48.8982,2.5791,23829
48.9092,2.1375,15256
48.3833,2.9500,16993
44.5547,4.7547,35637
43.8902,-0.4971,36205
46.6667,4.3667,20221
45.6075,4.0652,16164
47.5096,6.7982,28865
44.0176,1.3542,52434
47.9970,2.7326,17457
50.6333,3.1167,23006
48.6260,2.6012,16259
48.9833,2.6167,18562
43.5851,5.0027,24173
44.0997,3.0785,23307
45.7664,5.0028,28929
45.2098,5.7776,20267
48.8138,2.2350,44652
49.1191,6.1727,123914
44.8425,-0.6451,69791
43.7765,7.5043,29649
48.5457,2.6536,38953
48.9601,2.8788,53811
43.2462,5.3979,17527
48.3034,-0.6138,15583
48.7649,1.9292,19009
43.6169,4.0074,18320
50.2788,3.9727,33684
48.7269,2.2830,38768
43.4074,5.0553,45749
43.2970,5.3811,877215
44.5036,0.1655,19069
48.8667,2.0833,17404
43.4173,5.2146,35873
50.6667,3.0833,38629
48.9737,1.7025,19947
48.9905,1.7167,44263
43.8288,5.7869,21351
43.5458,6.9373,19292
48.8200,2.3000,29420
48.9526,2.1452,22772
48.8117,2.4394,53964
46.3141,4.8282,35484
45.7491,4.8479,520774
48.5927,6.4938,21582
43.6778,4.1361,26588
48.4369,1.4636,17780
49.2167,1.1667,19220
43.0946,-0.0461,15786
44.8765,-0.5192,22636
47.7482,-3.3718,58112
50.6098,3.0187,22107
46.6754,5.5557,20678
48.6931,2.2943,20771
50.6436,2.9872,29892
48.8354,2.6300,15519
48.9193,2.5431,39518
43.9197,5.0514,16968
49.1466,0.2293,24473
48.5575,7.6825,17284
45.8336,1.2476,141176
48.7448,2.4870,19104
48.9955,1.7408,18559
50.6339,3.0551,238695
50.4198,2.7807,34370
44.9145,-0.2419,24240
48.7794,2.3373,29703
48.8928,2.1331,16740
48.8939,2.2886,62178
46.4969,-1.7847,16105
43.4101,5.3084,19871
48.9068,2.5065,19730
43.3239,5.4584,15181
48.9917,1.9097,32134
48.8799,2.4206,21124
46.8710,-1.0156,15664
48.8221,1.9868,17776
45.0437,3.8852,22718
48.8855,2.4042,17786
43.9612,4.8601,16182
48.8107,2.5736,18618
48.7889,2.2708,22510
49.4134,1.0615,22691
48.8500,2.5000,32015
48.8932,2.1037,16534
50.4330,2.8279,38265
48.5316,2.6283,22058
48.0021,0.2025,144515
48.8147,2.3607,27867
49.4935,0.1079,185972
49.4008,1.0458,26522
46.8071,4.4163,25590
48.8222,2.1221,29154
43.5766,7.0191,43353
44.8649,-0.5986,24232
48.9387,2.4614,48077
48.6837,6.1493,16323
43.1376,5.9832,23134
48.0725,-0.7702,50489
43.5677,3.9028,17390
44.6328,-1.1451,27253
43.1032,5.8782,62330
46.6697,-1.4276,59410
46.1631,-1.1522,76810
43.2899,5.4415,17787
49.5631,3.6271,28688
48.7326,-3.4566,21473
47.7632,-3.3393,24352
48.4515,-4.2518,16052
50.6500,3.0333,28613
50.6460,3.0758,23572
48.8667,2.7167,20649
48.9047,2.2469,26385
43.1247,6.0103,28257
47.6981,-0.0755,18536
43.1496,6.0740,17905
48.9280,2.3963,37287
43.1748,5.6045,33113
47.2996,-1.5524,18481
48.8503,2.1452,21539
49.0107,2.0403,19087
47.3491,0.6651,37466
48.8254,2.4746,18154
48.8157,2.3849,57897
43.5134,4.9875,44373
48.8210,2.2772,61447
45.5442,3.2490,15984
47.7742,7.3518,15457
48.5289,7.7152,27261
43.1204,6.1286,50487
48.9216,2.1926,31121
49.2109,-0.3065,24258
48.9899,2.1699,25153
50.4136,2.9649,25371
50.6526,3.1868,19699
50.7237,2.5373,23307
49.3288,6.0628,15501
50.2508,3.9214,15540
49.3557,6.1926,15659
50.6083,2.9914,15694
50.7863,3.1261,20171
48.8156,7.7905,38721
48.7733,2.0739,31989
44.6360,-1.0681,19184
46.1718,1.8717,15853
47.3283,-2.4293,16523
48.6541,2.3934,24940
45.1787,5.7148,158552
43.6578,6.9254,47581
51.0154,2.2997,23213
44.7736,-0.6139,24385
49.0137,2.4659,30047
48.9869,2.4489,26758
45.5906,4.7688,18198
48.6833,2.1333,23541
47.6933,2.6309,15966
48.8129,2.3417,15939
48.9333,2.3000,42294
48.9679,2.3978,39847
43.4549,5.4691,21140
48.8423,2.1823,18930
44.5586,6.0787,42715
48.8833,2.5333,38134
43.4477,3.7552,22251
48.7557,2.3224,24803
43.4333,6.7355,53098
48.9833,2.2333,34284
48.3516,-1.1996,23719
43.4377,4.9446,17317
49.1885,6.8925,21358
48.8544,2.4827,52075
46.4667,-0.8062,16316
48.7933,2.2927,24680
48.4091,2.7018,19717
45.1927,5.6882,24588
44.8306,-0.5268,16497
47.9333,1.9181,21085
48.7372,-0.5747,17430
45.3896,4.2886,17902
49.7579,0.3746,22003
50.5833,3.0667,16163
44.8844,-0.6514,21394
48.6328,2.4405,51900
49.0241,1.1508,57795
48.4351,2.1623,23012
47.2922,-2.3639,17775
48.9900,2.2580,28117
49.0167,2.1000,15385
49.6487,-1.6531,18862
48.9535,2.3151,46145
48.1832,6.4530,39518
49.0400,3.9592,27082
49.2867,1.0029,17231
48.7842,1.9552,30831
45.7744,4.7776,19437
45.1460,5.7144,33088
48.9971,2.2825,24096
51.0344,2.3768,71287
48.7365,1.3657,31058
48.6847,2.4142,29316
48.9258,2.4453,62488
43.5369,6.4646,38573
48.0954,-4.3290,16590
50.3707,3.0792,46531
49.0278,2.3264,16684
47.0922,5.4897,25878
47.3134,5.0139,159941
44.0925,6.2320,18986
49.9216,1.0777,35707
48.9767,2.3272,21560
50.3293,3.3943,21412
45.7687,4.9588,24674
43.7103,-1.0537,22305
48.5167,2.6500,21066
43.5363,1.3443,15393
50.6785,3.1493,21361
48.7927,2.4657,84833
49.2336,2.8881,15694
49.2567,2.4848,31863
45.9000,6.1000,19354
45.7412,3.1964,18848
48.8967,2.2567,85158
48.8145,3.0850,15274
47.2147,-1.7245,19466
51.0229,2.3936,25201
48.9711,2.2049,21973
48.6060,2.4876,40527
49.0016,2.0969,36358
47.8754,-3.9190,21397
49.4179,2.8261,44243
48.6650,2.5696,22322
48.7981,2.6068,34798
43.6106,1.3347,31363
48.9188,2.2540,82300
48.0808,7.3558,65405
45.6958,-0.3287,20868
46.0625,6.5750,19789
48.9102,2.5532,29062
48.9002,2.3095,57467
45.7797,3.0868,147865
48.8030,2.2669,51400
47.0589,-0.8797,53160
48.7685,2.4187,35590
48.7149,2.3164,18870
48.7648,2.3503,20125
49.6398,-1.6164,26655
47.2932,5.0046,15791
48.7970,2.5405,18314
48.8811,2.5930,46947
48.8056,2.1886,18735
48.1112,5.1413,28981
48.8898,2.1586,30091
48.8024,2.2935,32383
48.7651,2.2666,32715
46.8171,0.5452,37210
49.0464,3.4030,15938
46.8125,1.6936,53301
48.0709,1.3378,16006
48.4468,1.4892,43838
49.7685,4.7249,52415
48.8221,2.4122,30910
48.8500,2.6000,27776
48.8164,2.4937,76726
45.5663,5.9208,61640
45.7736,3.0670,20298
46.7811,4.8537,47251
48.9539,4.3672,51257
46.8458,-1.8794,18947
44.7447,-0.6819,18036
48.1212,-1.6030,16222
49.0365,2.0761,57576
44.8561,-0.5335,22393
43.8312,5.0359,26689
43.6053,2.2409,47275
43.6360,3.9014,18011
50.4924,2.9581,18561
48.9495,2.0407,15465
47.2972,-1.4921,18056
44.0551,5.0481,29709
43.2165,2.3486,49600
49.4406,1.0246,15742
43.5513,7.0127,74545
50.1760,3.2347,36492
45.7946,4.8464,42763
50.9519,1.8563,74433
44.4491,1.4366,23331
43.6635,7.1479,46923
49.1859,-0.3591,110624
48.7963,2.3366,26540
48.8381,2.5249,16226
48.6942,2.4922,24096
50.4833,2.5500,24474
45.7386,4.9130,37825
45.1589,1.5333,53466
43.4058,6.0617,15027
48.6925,2.6109,15892
48.6114,2.3059,24317
48.3903,-4.4863,144899
46.8416,-0.4904,20743
44.9470,4.8946,19770
48.7789,2.3178,18870
47.0833,2.4000,67987
46.2057,5.2258,45340
50.7249,1.6137,47013
48.8355,2.2413,108782
47.1794,-1.6247,16824
44.8412,-0.5805,265328
48.7695,2.4793,18723
48.9018,2.4893,48268
48.7515,2.5116,15877
48.9194,2.2748,24300
48.9098,2.4501,44962
47.5943,1.3291,53660
44.9106,-0.6376,16636
43.6367,1.3897,24263
48.6161,7.7534,17434
43.4806,-1.5568,33188
48.9243,2.2128,27570
43.3412,3.2140,74081
50.5296,2.6400,31568
47.2488,6.0182,128426
44.8516,0.4817,28317
50.4000,1.6000,15609
50.4070,1.5645,15675
47.6422,6.8539,54562
44.8076,-0.5514,23504
49.4333,2.0833,53393
47.0241,4.8389,24162
43.4932,-1.4730,44396
49.2773,-0.7039,15963
42.7022,9.4512,41001
48.7728,5.1611,18595
43.6111,1.4994,15553
44.1626,4.6197,19640
48.8667,2.4167,33504
48.7957,2.3080,38900
48.4022,2.7202,15009
50.4104,2.8305,18470
43.9483,4.8089,89769
47.7996,3.5703,41516
46.9510,4.2987,18283
44.9254,2.4398,34724
48.9381,2.4940,80615
47.4833,6.8534,15577
43.6456,0.5886,24494
48.9167,2.3833,70914
43.2928,5.5707,44844
48.7052,2.3915,31225
48.9167,2.2833,86742
50.2930,2.7819,47052
50.6857,2.8821,26646
43.6768,4.6303,53431
48.9479,2.2474,101475
48.7444,-0.0202,18230
48.7999,2.3326,17308
48.7533,2.2967,59845
43.5813,7.1249,76393
45.2399,4.6707,18423
46.1944,6.2378,28275
45.9197,6.1439,21521
45.9088,6.1257,49232
45.6500,0.1535,49468
43.4892,-1.5192,40658
47.4716,-0.5520,168279
49.9000,2.3000,143086
43.3357,5.4820,21406
48.8058,2.4204,37290
44.1249,4.0808,42410
48.4348,0.0931,30786
43.9298,2.1480,52409
45.6745,6.3906,19113
41.9189,8.7381,54364
45.6917,5.9086,27651
43.5283,5.4497,146821
44.2020,0.6206,34367
43.3108,3.4758,23001
48.9612,2.0688,21660
50.1052,1.8355,26461
50.6167,3.1666,62400
45.7542,4.8309,31303
45.7612,4.8518,102725
45.7751,4.8271,36064
45.7611,4.8268,49664
45.7679,4.8506,52862
45.7452,4.8420,82573
45.7363,4.8687,86154
45.7726,4.8033,51983
48.6817,2.1694,25785
45.7676,4.8345,29641
43.2981,5.3841,40919
43.2966,5.3703,25779
43.3026,5.3758,45414
43.3021,5.4014,47193
43.2955,5.4005,44583
43.2876,5.3792,43360
43.2829,5.3602,35981
43.2708,5.3821,78837
43.2789,5.4152,51299
43.2543,5.4057,76868
43.2907,5.4384,56792
43.2961,5.4362,58734
43.3186,5.4084,89316
43.3445,5.3800,61920
43.3722,5.3539,77770
43.3598,5.3342,17630
48.8920,2.2388,20000
48.7719,2.0189,146598
49.0389,2.0781,183430
43.3005,5.4056,15292
43.2947,5.3941,16585
43.3310,5.4024,18655
48.8358,2.6424,318325
48.8466,2.3744,26265
43.7149,7.2919,18764
43.6752,7.2046,15476
48.8426,2.4001,61920
48.8767,2.3590,83459
48.8772,2.3669,26926
48.8736,2.3520,15063
48.8715,2.3601,21154
48.8807,2.3551,20336
48.8583,2.3795,144292
48.8663,2.3714,31299
48.8580,2.3815,45842
48.8617,2.3754,30802
48.8523,2.3893,36345
48.8352,2.4350,140311
48.8417,2.4049,36279
48.8262,2.3599,177833
48.8100,2.3540,20062
48.8334,2.3751,75580
48.8259,2.3508,64302
48.8373,2.3582,17708
43.6825,7.2018,21228
-2.9332,10.9818,36108
-0.7193,8.7815,164018
1.5995,11.5793,72939
-0.2000,10.6833,30100
0.2912,9.5046,95313
0.3905,9.7610,62445
-1.8685,11.0559,43342
-1.5665,13.1987,71099
0.5738,12.8642,24823
0.3924,9.4536,846090
-0.7001,10.2406,46605
-1.1367,12.4640,30830
-1.6333,13.5836,132895
2.0760,11.5007,33561
0.6073,9.3293,41524
53.9576,-1.0827,156135
50.9416,-2.6321,45784
53.8644,-1.6874,37379
51.5407,-2.4184,34406
54.5036,-1.3579,19184
53.0466,-2.9913,65692
50.8180,-0.3754,99110
53.3018,-1.1240,43252
54.6425,-3.5441,27120
51.3799,-0.2445,16031
52.1893,-2.2200,101659
51.6000,-0.1167,28453
51.6094,0.0233,22803
53.5219,-1.3970,15518
52.5855,-2.1230,263700
51.4112,-0.8357,41143
51.3190,-0.5589,103932
51.7836,-1.4854,29103
51.8001,0.6404,25353
55.7667,-3.9167,30510
52.6662,0.1594,32489
53.1915,-2.5240,30259
51.4833,-0.6000,33348
51.0651,-1.3187,46074
51.4221,-0.2081,68187
53.3280,-2.2315,36617
51.5333,-0.2333,44295
52.5851,-2.0593,27500
52.5813,-1.0925,33720
53.5430,-2.6371,175405
53.3618,-2.7341,61464
51.6110,0.5233,32975
51.3607,1.0257,30195
55.0397,-1.4471,38055
54.5490,-3.5841,24900
53.5500,-2.3000,23545
54.9456,-1.6764,16625
50.6145,-2.4599,57691
51.3718,-0.4597,19463
51.3460,-2.9766,82903
51.3999,-0.3800,18565
51.4975,-0.1357,247614
53.5490,-2.5246,26260
51.5333,0.0167,15551
51.2600,-2.1875,16989
52.5187,-1.9945,135618
52.9298,-1.1254,48314
51.5524,-0.2969,90045
51.8017,-0.2069,59910
52.7000,-2.5167,22816
52.3027,-0.6945,50577
51.4625,0.1076,42500
52.5963,-2.0851,33555
52.5514,-2.0236,24337
53.5029,-1.3458,17161
51.6553,-0.3960,125707
50.8807,-1.0304,64350
54.9000,-1.5167,53526
52.2833,-1.5833,37267
53.3925,-2.5802,172330
51.2043,-2.1787,17490
51.8106,-0.0288,17576
51.5885,-1.4257,18505
51.3868,-0.4132,22834
51.8482,1.2674,17458
51.5907,-0.0208,109424
51.6870,-0.0042,18069
52.5853,-1.9840,172141
54.9911,-1.5340,42739
51.3640,-0.1537,20850
53.4232,-3.0650,58794
53.5167,-2.4000,35937
53.6833,-1.4977,109766
51.5489,-0.4821,70000
53.4485,-2.3542,41198
51.4151,-0.0927,16082
50.9695,0.0959,18452
55.0179,-1.4256,17436
53.5139,-2.4675,35932
50.2653,-5.0544,23041
51.3189,-2.2086,40952
50.9188,-1.4904,34169
51.6333,-0.2000,15159
51.6037,-0.0679,130000
50.4620,-3.5252,65388
51.1953,0.2736,38657
50.9024,-3.4923,19544
52.5296,-2.0677,47000
53.6112,-0.9631,17295
54.5333,-1.3000,22356
52.4167,0.7500,24833
51.4037,-1.2605,24274
51.9924,-2.1601,19778
50.5458,-3.4967,17463
51.0149,-3.1029,64621
52.6340,-1.6959,81964
51.3505,-1.1285,15836
53.5000,-2.3500,20000
51.5580,-1.7812,201669
51.6208,-3.9432,300352
51.4471,0.3103,15732
51.3972,0.1732,21839
52.7740,-1.5574,40960
53.1254,-1.2613,43912
52.5667,-1.8167,107030
51.3500,-0.2000,187600
54.9046,-1.3822,170134
51.4042,-0.4182,27784
52.0389,0.7312,22213
51.7500,-2.2000,60155
51.3932,0.4771,33381
53.4500,-2.3167,41953
51.4290,-0.1318,58055
52.1917,-1.7073,27830
51.5333,0.0000,36666
52.1889,0.9977,21028
52.3398,-2.2803,20586
52.4561,-2.1432,56284
53.0042,-2.1854,258366
54.5685,-1.3187,79957
53.4098,-2.1576,139052
56.1190,-3.9368,37910
51.9022,-0.2026,90232
51.5175,-0.0429,16238
53.2667,-1.3500,25719
51.5227,0.4342,28725
52.6500,-0.4833,20592
53.4841,-2.0591,22748
51.4309,-0.5061,51040
52.8052,-2.1164,70145
54.6988,-1.6023,17766
53.3407,-2.8410,21403
52.7871,-0.1514,31588
54.9986,-1.4323,83655
50.7835,-1.0907,18514
53.6458,-3.0101,91703
51.5080,0.2833,19460
51.3994,-0.0747,16518
50.7877,-0.9770,15485
51.5378,0.7143,295310
53.5971,-1.2803,18835
51.5530,0.5596,48824
50.9040,-1.4043,269781
51.5090,-0.3713,70000
52.4143,-1.7809,126577
51.5095,-0.5954,164793
52.9983,-0.4094,17359
53.5502,-2.7735,38944
53.1436,0.3363,24876
51.3413,0.7328,48948
52.7101,-2.7521,76782
50.8341,-0.2743,19175
53.8333,-1.7667,28544
51.5050,-0.2211,39724
53.3830,-1.4659,556500
51.2727,0.1888,29506
53.7833,-1.0667,24859
54.8390,-1.3458,22373
50.7714,0.1027,22584
53.5791,-0.6544,81576
54.2797,-0.4044,61749
50.6516,-1.1610,20155
51.3468,-0.7865,20803
53.1452,-2.3625,17976
50.4096,-4.2251,15566
51.0693,-1.7957,44748
53.4877,-2.2904,129794
53.4252,-2.3244,55689
51.3667,1.4167,125370
52.2167,-0.2667,30811
52.3325,-0.0766,16815
53.4500,-2.7333,183200
50.3425,-4.7744,25447
56.3387,-2.7990,16800
51.7500,-0.3333,84561
52.0234,0.2423,15210
53.5485,-2.0046,25441
52.6167,-2.3500,16093
50.7300,-1.1621,26082
55.8289,-4.2138,31180
52.2893,-0.6018,37584
53.3417,-2.7312,62872
51.5734,-0.4234,31000
52.7593,-1.9369,24033
52.3709,-1.2642,73150
53.5651,-2.1227,22848
52.0483,-0.0244,15781
51.1332,0.2626,68910
50.8098,-0.0594,21756
53.4301,-1.3568,117618
50.9891,-1.4999,17161
51.5752,0.1858,95000
51.4517,-0.2439,16132
51.5820,0.7067,16739
51.3876,0.5055,28671
53.6177,-2.1552,97550
51.6080,-3.1008,20443
54.1358,-1.5283,16363
53.0333,-1.4000,21097
51.4617,-0.3063,21469
53.3193,-3.4923,25874
53.0097,-3.0581,25362
51.6590,-3.4489,59450
55.8720,-4.3925,22010
51.2374,-0.2058,52123
50.2332,-5.2243,42690
51.2405,-0.1704,51559
52.3065,-1.9457,84300
54.6166,-1.0600,37203
51.4562,-0.9711,318014
51.5857,0.6046,32150
53.7008,-2.2844,22114
53.4606,-1.3444,18616
51.3357,1.4180,38624
53.6479,-2.3168,17738
51.4607,-0.2181,77140
51.3368,-0.1120,72000
53.7954,-1.6613,33109
53.5333,-2.2833,32125
53.7628,-2.7045,313332
53.3375,-3.4078,18701
53.4295,-2.8003,40889
53.8333,-2.9833,19914
51.6935,-0.1784,22639
50.7990,-1.0913,208100
50.8429,-0.2161,20000
51.4820,-2.7697,23699
51.4790,-3.7036,15672
55.9346,-4.6895,15190
54.4230,-6.4443,22000
50.7143,-1.9846,150092
51.6021,-3.3421,30420
51.7011,-3.0444,35686
53.6911,-1.3127,44710
51.6445,-0.0465,15664
50.3600,-4.0905,24103
50.3715,-4.1430,260203
51.4833,0.0833,16736
51.5639,0.5086,25000
51.5938,-0.3822,19158
54.7603,-1.3365,37015
57.5052,-1.7844,18450
52.5736,-0.2478,163379
56.3952,-3.4314,47350
50.1186,-5.5371,19872
54.6658,-2.7576,15181
55.8312,-3.2261,16110
51.4386,-3.1734,23437
51.6179,-0.1101,15162
55.8317,-4.4325,77270
50.4357,-3.5679,49886
51.7522,-1.2560,162100
52.8620,-3.0550,18743
53.6798,-1.5801,21616
51.3746,0.0979,15248
53.5669,-2.8818,24073
54.6000,-7.3000,21056
53.5405,-2.1183,237110
52.6062,-1.0835,23184
52.5232,-1.4652,92698
51.5115,-0.2059,21000
52.9536,-1.1505,323632
52.6278,1.2983,143135
53.2588,-2.5202,47421
55.0165,-1.4492,39747
51.5485,-0.3678,26000
50.8288,-0.3225,18692
52.2500,-0.8833,245899
54.3390,-1.4324,16832
51.4167,-0.1167,16476
54.5924,-5.6909,29363
54.6598,-5.9086,63860
55.7733,-4.3334,24650
53.4500,-2.6000,21782
54.6184,-1.5719,25964
50.5286,-3.6119,36474
54.1784,-6.3374,27757
50.4156,-5.0732,20189
52.0873,-0.7222,15067
51.5877,-2.9983,161506
50.7015,-1.2912,24884
50.7560,-1.6658,23753
53.3659,-1.9999,17968
52.2447,0.4042,20384
51.4006,-0.2617,23818
51.4753,-0.0384,15756
54.9733,-1.6140,300125
53.0000,-2.2333,129441
51.4015,-1.3247,33065
54.9876,-1.7442,41347
53.0667,-0.8167,43363
53.3593,-1.4876,18890
53.2833,-3.0500,15064
53.8333,-2.2000,29317
51.6632,-3.8044,46126
53.0688,-2.5205,17226
51.4324,-2.7585,20543
55.9417,-3.0499,23620
52.7167,-1.1500,17297
55.7892,-3.9919,32840
53.7401,-1.5988,57385
53.4000,-3.1167,17670
54.0684,-2.8611,51644
51.3982,-0.1984,48233
51.4032,-0.1683,63393
53.6734,-1.6964,18800
52.0417,-0.7558,256385
53.5500,-2.2000,45589
54.5762,-1.2348,142707
53.4939,-1.2924,15079
51.7479,-3.3778,43820
52.7659,-0.8869,27158
51.3728,-2.1400,19357
55.7500,-4.0333,54080
53.3945,-2.0629,18241
51.5693,-0.7742,18261
52.4776,-0.9205,22911
51.3813,1.3862,60134
52.5513,0.0883,21051
53.1649,-1.1938,18330
53.1333,-1.2000,171958
51.4878,-2.5040,36427
53.4809,-2.2374,568996
53.4167,-1.2000,17513
51.7311,0.6746,21462
51.2667,0.5167,107627
51.5228,-0.7199,70374
53.5162,-2.9412,26997
51.6093,-3.6582,21001
53.2602,-2.1256,63954
50.7592,-1.5383,16446
51.8797,-0.4175,225262
52.4752,1.7517,70945
53.3666,-0.0044,16419
52.7667,-1.2000,65255
51.3969,0.3021,16808
52.8986,-1.2714,47898
54.9972,-7.3092,87153
54.9981,-7.3093,83652
51.5085,-0.1257,8961989
53.7295,-1.4970,23458
51.6820,-4.1619,49591
53.3250,-3.8315,15371
55.9029,-3.5226,56840
53.4106,-2.9779,496770
50.8114,-0.5408,58714
53.4699,-2.9981,22971
54.5234,-6.0353,77506
53.2268,-0.5379,103813
51.5141,-0.0328,15986
52.6815,-1.8255,32877
53.6979,-2.6876,37614
50.8740,0.0088,17297
51.9172,-0.6580,37469
53.4964,-2.5197,43626
52.6386,-1.1317,368600
53.1043,-2.0221,19903
53.7965,-1.5478,536280
51.2965,-0.3338,43544
52.2852,-1.5200,95172
54.8500,-5.8167,18421
55.7333,-3.9667,15020
54.0465,-2.7999,47162
55.9393,-4.1526,19630
56.1168,-3.1600,49460
53.0998,-1.2438,27539
53.4814,-2.8921,42744
53.7669,-1.3710,15965
51.4528,-2.5083,64793
52.4975,-2.1689,20000
53.7446,-0.3352,314018
52.7517,0.3952,46093
55.6533,-4.7067,16420
55.6117,-4.4958,46970
53.0869,-2.2378,29480
51.8217,-1.2886,15829
52.3882,-2.2500,57059
51.4139,-2.4978,15641
52.3984,-0.7257,63675
52.3496,-1.5828,22413
54.3268,-2.7476,29147
52.1160,-0.5004,19873
53.8679,-1.9066,50171
55.8291,-4.5160,16390
54.9804,-1.4842,27264
51.5362,-0.1030,319143
51.4752,-0.3425,20500
55.6194,-4.6551,34130
53.4425,-2.4232,19442
52.0592,1.1555,178835
57.4791,-4.2240,47790
52.9706,-1.3095,38587
51.5577,0.0728,168168
50.8600,-1.4016,20201
53.4513,-2.0794,31926
53.4115,-2.8394,54738
52.3305,-0.1865,23937
52.6474,-1.0865,18854
53.6490,-1.7842,149017
53.0333,-1.2000,29728
53.5000,-1.4500,15842
50.8309,-0.1672,75174
51.4684,-0.3609,66292
54.8403,-1.4643,37840
53.6013,-2.5497,18696
51.0631,-0.3276,51472
53.8426,-1.6375,19350
51.1742,-0.1592,21232
51.3680,-0.3065,18973
51.7615,-0.0114,35174
51.9492,-0.2850,36099
53.5333,-2.5833,24169
52.5389,-1.3761,45249
51.6291,-0.7493,133204
51.5500,-0.1000,26664
55.7844,-4.1001,16739
54.0437,-2.8932,17016
53.3273,-3.0965,29789
51.4836,-0.3758,37045
51.7959,-0.0785,25847
51.3730,1.1286,36642
52.0568,-2.7148,60415
51.7537,-0.4497,85629
54.9730,-1.5155,18808
53.0137,-1.3538,23122
53.3833,-2.1167,15265
50.9977,-0.1031,33845
51.5158,-0.4234,50000
51.3779,0.0168,15906
53.4672,-2.6817,17333
53.1848,-3.0258,25513
52.0823,0.4389,27041
50.8567,-0.9856,45574
51.7634,-0.2242,41677
50.8557,0.5801,133422
53.7033,-2.3238,15204
51.9419,1.2844,20723
51.3867,0.3037,16302
54.6855,-1.2103,88855
51.5784,-0.3321,149246
53.9908,-1.5373,89060
51.8168,-0.3571,30240
51.7766,0.1116,94365
51.5381,-0.2502,17162
51.4333,-0.3833,23563
51.4133,-0.3670,18000
55.7667,-4.0333,54480
53.7167,-1.8500,82624
53.3596,-2.8315,20430
52.4486,-2.0494,55265
51.2295,-0.7891,15657
50.8622,0.2577,19977
51.5527,0.6098,18300
53.8756,-1.7123,21000
54.5348,-1.0561,16979
51.2354,-0.5743,71873
51.6095,-1.4219,18312
53.5654,-0.0755,86138
51.4778,-0.0118,30578
55.9484,-4.7612,41280
51.5287,-0.3551,38000
52.6083,1.7305,63434
52.6628,-2.0111,19193
53.3923,-2.6399,43793
52.1116,-2.3251,36770
51.4757,0.3252,89755
51.4421,0.3711,54263
52.9115,-0.6418,43833
56.0114,-3.7218,17280
50.7951,-1.1290,70793
55.0000,-1.6167,23975
51.6693,-4.0416,20581
53.7032,-0.8773,20810
53.4769,-2.5965,24021
51.1858,-0.6149,22689
51.8657,-2.2431,132416
53.4432,-1.9490,33243
56.1951,-3.1732,38360
52.5853,-1.1706,17000
55.8651,-4.2576,626410
51.3891,0.5486,101187
51.6644,-3.2561,17376
54.9621,-1.6017,77649
53.3333,-2.9000,21403
53.3833,-0.7667,20842
53.8333,-2.9167,76500
53.3500,-1.5500,18233
51.4803,-0.1993,87161
51.2283,-2.3221,26203
51.8306,1.2442,16941
51.6133,-0.1585,17250
53.5584,-3.0700,23329
51.0817,1.1673,66429
53.2449,-3.1323,26442
53.9253,-3.0109,25359
51.2833,-0.8333,38726
51.6010,-0.1952,65812
51.4462,-0.4139,24325
54.9530,-1.5715,34355
51.9637,1.3511,29171
53.4614,-2.9286,16374
51.3148,0.8886,19829
53.5500,-2.4000,25680
51.2144,-0.8005,36971
51.2942,-0.7557,59902
50.8516,-1.1793,57390
50.1544,-5.0711,31988
56.0021,-3.7854,35310
50.6172,-3.4023,34432
50.7236,-3.5275,130709
52.0924,-1.9489,23576
51.3697,-0.3669,52392
51.3305,-0.2701,31489
51.6709,-0.0275,16469
51.6515,-0.0850,156858
50.8478,-0.9370,18777
52.3996,0.2620,19090
51.4506,0.0522,48964
53.2788,-2.9013,61768
53.6851,-1.8388,15625
57.6495,-3.3184,25040
51.4316,-0.5524,29663
51.6256,-0.0580,82000
55.9521,-3.1965,514990
53.4833,-2.3333,37275
51.7771,-3.2079,33068
53.0000,-1.3000,18612
53.3221,-0.9432,22023
51.3987,-0.3492,18565
50.9667,-1.3500,54225
55.7641,-4.1767,74740
51.1238,-0.0061,26523
52.6833,0.9333,20651
50.7687,0.2845,118219
54.7768,-1.5757,47785
51.8857,-0.5229,51973
56.0716,-3.4589,50380
56.4691,-2.9749,148210
55.0696,-3.6114,46500
55.9443,-4.5706,19950
53.4750,-2.0881,19306
52.5000,-2.0833,199059
53.4800,-2.1454,23689
53.3022,-1.4751,21124
52.2667,-2.1500,23834
51.1260,1.3126,41709
51.2323,-0.3338,17747
50.7167,-2.4333,16879
53.5228,-1.1312,113566
53.3667,-1.2000,19860
51.6093,-1.2421,29341
53.6908,-1.6291,56640
51.3508,-1.9942,18064
52.9228,-1.4766,270468
53.4568,-2.1182,27464
51.2232,1.4028,30555
52.2569,-1.1607,23879
53.6980,-2.4649,32566
53.5870,-1.5268,15259
51.4466,0.2142,56694
54.5243,-1.5504,92363
55.7333,-3.9167,17985
51.5500,0.1667,108368
51.6545,-3.0228,48157
55.9468,-3.9905,51610
51.3833,-0.1000,173314
51.3703,-0.7922,25522
51.0610,0.1634,20607
51.5567,-0.2155,65000
53.0979,-2.4416,75556
51.1130,-0.1831,180508
55.0865,-1.5860,33180
51.7321,-1.2063,16500
50.7625,-1.2978,21226
52.4066,-1.5122,345324
51.3200,-0.1409,25500
52.4964,-0.6894,56810
54.8540,-1.8316,29137
53.4819,-1.2321,15934
53.1631,-2.2125,26178
53.2948,-3.7267,34284
53.8571,-2.1685,20118
55.1333,-6.6667,25681
51.8892,0.9042,121859
51.5220,-3.5553,41352
51.3300,-0.4113,16724
55.8622,-4.0247,43970
52.7225,-1.3702,38245
55.9014,-4.4057,26640
51.6833,-3.9000,19307
51.4423,-2.8579,21002
53.5605,-0.0323,32017
53.7240,-1.7129,27393
51.7897,1.1560,50548
51.7193,-1.9714,17153
50.7358,-1.7813,42396
53.6500,-2.6167,33888
51.4927,-0.2580,34337
51.4171,0.0686,20000
51.5381,-2.3938,36108
51.4600,-2.1247,35800
51.6303,0.0005,66211
50.8367,-0.7800,31654
54.8586,-1.5741,36917
53.2500,-1.4167,113057
53.1905,-2.8919,90524
51.3624,-0.3043,19433
51.7002,-0.0303,57374
51.7000,-0.6000,20649
51.6409,-2.6768,16169
51.9001,-2.0797,116447
51.4875,-0.1694,60000
51.7358,0.4696,111511
53.3761,-2.1897,28952
51.3789,0.5279,75509
53.4651,-1.4722,23056
51.6088,-0.5562,20059
51.4449,-0.0204,44905
51.2823,-0.0789,20957
54.5735,-5.8847,56679
53.7259,-1.3626,60509
51.7591,-1.5943,16364
51.3683,-0.1676,45525
54.7158,-5.8058,29208
51.8555,-4.3053,15854
54.8951,-2.9382,78470
51.4800,-3.1800,372089
51.2790,1.0799,55240
52.6904,-2.0309,86121
55.8097,-4.1610,27610
52.2000,0.1167,145674
50.2131,-5.2973,22500
51.3370,-0.7426,30155
51.4388,-2.0057,17274
51.5745,-3.2180,31060
53.2574,-1.9098,21300
51.6432,-0.3605,17380
52.2463,0.7111,42812
53.6000,-2.3000,61044
52.8073,-1.6426,122199
52.6808,-1.9276,29244
53.8000,-2.2333,149422
51.2386,-2.9978,23325
50.9584,-0.1329,30635
53.1667,-3.0833,63576
53.0667,-3.0667,18111
55.9342,-3.4713,15360
52.6333,-1.9333,20308
53.7286,-0.5722,19904
52.3357,-2.0598,49117
51.3584,1.4419,23283
50.3943,-3.5158,16693
51.6311,-3.8190,35179
51.4552,-2.5966,479024
50.8284,-0.1395,277103
53.7032,-1.7843,32872
52.4817,-2.1214,28000
54.0831,-0.1919,35154
51.1284,-3.0036,41276
51.5058,-3.5772,49597
51.6213,0.3056,52586
51.5531,-0.3023,329100
53.4167,-2.1167,15126
52.6183,-1.1790,16850
53.3580,-2.1654,25506
51.8782,0.5529,53477
53.7939,-1.7521,366187
51.4136,-0.7505,76103
51.5261,-0.0167,27720
50.7205,-1.8795,163600
52.9763,-0.0266,41340
51.6547,-0.2776,32176
53.4667,-3.0167,57791
55.8733,-3.1051,16360
53.5833,-2.4333,141331
50.7821,-0.6798,63885
55.1271,-1.5086,37339
52.6181,-2.0043,40000
51.9933,-0.7347,50193
51.5097,-0.0016,19461
53.8167,-3.0500,145007
53.7500,-2.4833,146521
50.9664,-1.3283,17667
51.8711,0.1587,37838
55.9067,-4.2187,23430
54.6555,-1.6771,26050
52.4814,-1.8998,1157603
53.3934,-3.0148,325264
53.8486,-1.8386,20327
54.5888,-1.2903,35708
51.6287,0.4196,36338
52.0865,-0.2649,16551
51.0168,-4.2083,28672
53.1172,-2.1758,17669
51.9000,-1.1536,33846
51.4416,0.1487,228000
50.8502,0.4709,40478
53.8459,-0.4233,30587
51.7604,-0.5653,21997
53.5333,-1.1500,34821
53.0233,-1.4812,23417
55.8167,-4.0167,20650
54.5968,-5.9254,348005
52.4791,-1.4691,29981
55.1306,-1.5932,16974
52.1346,-0.4663,106940
51.4088,-0.0253,82000
53.3500,-3.0167,15768
55.9154,-4.3328,27340
53.7029,-1.6337,50807
55.9020,-3.6440,21070
51.3751,-2.3617,101557
51.2625,-1.0871,107642
51.5684,0.4578,144859
52.9667,-1.1833,16000
51.3998,-3.2838,54673
54.1109,-3.2276,45865
55.7992,-4.3929,17620
51.0802,-4.0581,31616
53.5500,-1.4833,71447
51.6500,-0.2000,30000
51.4735,-0.2484,21218
51.5333,0.0833,61000
51.3223,-0.2069,46280
54.6608,-5.6680,61011
53.2275,-4.1294,18322
52.0632,-1.3422,48651
54.3500,-6.2833,16173
54.8636,-6.2763,28932
53.8471,-1.7878,15710
55.4627,-4.6339,46260
51.8167,-0.8146,74748
53.5237,-2.4935,20149
52.5000,-1.8833,32286
53.4888,-2.0989,43675
53.4833,-2.6500,29039
55.1772,-1.5641,27670
51.4317,-0.4576,27382
51.1465,0.8738,62787
51.4108,-0.6748,17899
53.0000,-1.1333,37873
56.5632,-2.5874,23640
54.7175,-6.2110,19661
51.2114,-1.4939,42276
52.0269,-0.4957,20026
51.7928,-3.9883,23709
51.6667,-0.6167,21731
53.3875,-2.3485,41548
51.1493,-0.9747,16584
56.1159,-3.7900,20390
53.0977,-1.3838,22550
52.6055,-1.9171,16008
51.2483,-0.7639,61339
55.8660,-3.9802,37130
53.5708,-1.1845,19481
51.5090,-0.2762,53689
52.4500,-1.8167,26635
53.7538,-2.3586,35318
51.6711,-1.2828,38676
52.4155,-4.0829,18749
53.2844,-3.5822,17769
57.1437,-2.0981,198590
51.7144,-3.4492,31135
51.6220,-3.4554,62545
51.6678,-3.2075,15476
51.4122,-2.2006,15352
51.5406,-0.1433,26122
52.6766,-2.4493,155570
54.4471,-6.3870,59236
51.5144,-0.1353,19634
51.5112,-0.1843,17500
51.4890,-0.1370,20709
51.6807,-0.3945,18300
51.3430,-0.8298,20214
52.6388,1.2188,20000
50.9123,-1.3008,17978
51.5861,-0.5554,20633
55.9005,-4.4503,15530
53.3783,-2.3327,15315
51.5530,-0.1916,29027
51.5431,-0.1499,24977
51.6747,-0.6074,17719
51.5114,-0.0566,15110
51.4748,-0.1555,75651
51.4252,-0.1639,16239
51.3622,-0.0942,55198
51.5568,0.2166,25470
51.3915,-0.2983,38158
51.3495,-0.2494,39994
51.5529,0.1290,100000
51.4659,-0.1065,66300
51.5272,-0.0611,17590
53.5048,-2.1657,20555
53.5618,-2.3245,34239
53.5924,-2.2194,28024
53.4576,-2.2882,21447
53.4580,-2.2010,16007
50.7204,-3.4965,22000
50.8074,-1.8998,17650
51.5052,-0.0209,73390
51.5686,0.0077,54696
52.5768,-1.3154,19578
51.1136,-0.8625,20978
53.7426,-2.9970,41327
51.6667,-0.1698,21639
51.5905,-0.1421,27992
53.8290,-1.5383,18206
51.4647,0.0079,25116
52.0896,-0.4991,20000
51.2372,-2.6266,110000
53.4810,-2.2456,17861
51.4271,-0.9198,32000
52.4353,-1.9971,25473
51.5136,-0.3229,15169
51.5763,-0.2003,18818
51.5220,0.5809,38170
51.4439,-0.1854,15562
53.4139,-2.9089,15596
50.7927,-0.0065,18579
51.9794,-0.2266,43529
51.4740,-0.0697,71552
52.4107,-1.8195,32000
54.8680,-1.6985,21938
53.6846,-2.2769,67400
53.8739,-3.0224,31157
53.2005,-3.0384,32000
53.3680,-1.8454,92666
50.7838,-0.9687,16887
58.2190,-6.3880,18500
51.5524,-0.1250,41329
51.5824,-0.0996,16500
51.5136,0.0195,30806
51.5493,0.0487,15318
53.3670,-2.8940,15540
53.5448,-2.1398,37602
51.5037,0.1198,31824
51.4637,-0.0365,17156
55.7963,-4.0949,17090
55.9713,-4.5793,24640
55.8274,-4.0573,16020
53.4334,-2.9766,18657
53.4086,-2.9528,16522
53.3921,-2.8602,15613
53.3558,-2.8657,15740
53.4451,-2.9207,19610
51.5687,-0.0733,68050
53.3930,-1.4579,27481
51.5673,-0.1341,215667
52.8816,-1.4868,15128
51.5069,-0.2955,15945
51.5552,-0.4087,16800
51.5998,-0.3371,18500
51.6467,-0.1610,18100
51.4364,-0.0444,15618
51.4246,-0.1466,15504
51.5777,-0.0790,15968
51.5937,-0.0596,15064
52.5005,-1.8266,32921
57.1160,-2.0925,16400
52.5606,-0.1089,17161
12.0529,-61.7523,7500
42.5084,41.8680,40067
42.1075,43.0329,20183
42.2276,43.9686,32180
41.9196,45.4700,19875
41.6914,44.8341,1049498
43.0070,40.9893,65439
42.1537,42.3352,20633
41.5627,44.9787,128249
42.1427,41.6738,41175
41.4876,44.7985,26400
42.2679,42.6946,135201
41.8328,41.7782,17538
41.9973,43.5990,23949
41.9853,44.1129,41933
41.6408,41.6306,186949
41.6395,42.9860,17445
43.0806,40.8383,26636
5.5015,-54.0292,24287
4.9167,-52.2667,19029
4.8492,-52.3235,26350
5.1628,-52.6427,24029
4.9381,-52.3346,61550
49.4598,-2.5353,16488
9.4427,-0.0099,64676
8.2254,-0.6489,30311
5.3511,-0.6231,71288
7.7386,-2.1036,45877
10.0607,-2.5019,78107
5.6141,-1.5502,100851
5.5836,-0.1072,144013
7.0060,-2.1659,18046
5.6698,-0.0166,155782
7.5905,-1.9395,84074
5.3038,-1.9896,49937
9.4008,-0.8393,464316
4.8982,-1.7603,389114
6.7316,-1.6137,50457
5.5371,-0.6998,54417
7.3399,-2.3268,92825
6.0409,-0.4500,50610
5.0181,-1.6644,20946
4.9268,-1.7577,138872
9.6238,-0.8270,40654
5.2091,-1.0606,24689
8.5508,-0.5188,25472
5.6213,-0.0519,32886
5.4338,-2.1429,35611
5.5345,-0.4168,86753
5.9267,-0.9858,60604
6.2023,-1.6680,179604
5.6010,-0.0771,70483
7.4035,-2.4663,30862
5.8089,-0.3503,48885
7.5713,-1.7087,35401
6.7190,-1.6119,30380
10.8947,-1.0908,25470
10.5273,-0.3698,17440
6.9041,-2.5611,36211
5.2717,-1.0152,41541
7.0627,-1.4001,51745
5.6658,-0.1631,101207
6.6885,-1.6244,2544530
6.9954,0.2931,28334
6.6167,-1.2167,43585
6.0941,-0.2591,151255
8.0563,-1.7306,53711
5.9179,0.9879,18077
6.0939,-0.8360,30233
10.5369,-2.7016,91279
7.5758,-2.7852,96000
7.1518,0.4736,92076
6.6008,0.4713,130701
5.5769,-0.3104,86718
6.8036,-2.5172,21798
5.7012,-1.2866,20078
5.2851,-2.7666,23952
5.0847,-1.3509,34403
7.3856,-1.3562,70807
6.7605,-1.5940,32163
6.2367,0.9958,30905
5.9600,-1.7779,42737
8.0662,0.1795,22445
7.1749,-2.0996,17000
7.2739,-2.8735,37354
5.6500,-0.2361,48285
9.0830,-1.8188,23544
5.1053,-1.2466,212426
5.5231,-0.4772,63217
10.7856,-0.8514,81958
8.8549,0.0592,34262
6.4520,-2.3163,36487
7.4534,-2.5840,70536
6.4520,-1.5787,32082
6.3871,-0.3774,29516
7.0903,-2.0250,17000
11.0593,-0.2425,76459
4.8664,-2.2418,35487
7.1534,-2.4050,29748
7.7554,-0.9808,32641
5.6995,-0.0348,190972
5.8601,-0.6635,46061
5.2850,-0.7460,20147
6.3816,-0.5493,29748
5.7947,0.8973,34050
5.5353,-0.3983,119467
6.0402,-0.8088,33784
6.1316,0.7985,31981
6.8000,-1.0819,46089
6.1198,1.1901,66546
5.6978,-0.3282,202932
5.5560,-0.1969,1963264
5.8480,-0.1745,18399
6.8468,-1.3961,30486
5.7142,-0.1542,50652
5.5573,-0.1864,44000
5.5838,-0.2779,32426
5.6266,-0.2581,37116
5.6540,0.0264,95837
5.6848,-0.0401,49223
5.7000,-1.6500,37230
4.9342,-1.7145,285506
5.5522,-0.3391,77371
6.5458,-0.7626,47968
5.6582,-0.2522,42623
6.9031,-1.6520,19729
36.1447,-5.3526,26544
64.1835,-51.7216,14798
13.4036,-16.6736,27856
13.3489,-16.7908,17441
13.4103,-16.7081,56472
13.4333,-15.5333,15210
13.4383,-16.6781,340000
13.2667,-16.7606,15090
13.4222,-16.7097,25091
13.2500,-15.8833,34390
13.4453,-16.7028,22327
13.4133,-16.6789,18747
13.4486,-16.6853,23724
13.3522,-16.4339,28500
13.3897,-16.6728,19998
13.4594,-16.7053,19634
13.4464,-16.6744,17159
13.4353,-16.6764,27353
13.2019,-16.7339,22741
13.4000,-14.2167,15017
13.5667,-15.6000,32883
13.4178,-16.6667,45757
13.4403,-16.6869,21190
13.3392,-16.6875,28829
13.4272,-16.6853,66449
13.3842,-16.7514,27664
13.2714,-16.6494,97233
13.4527,-16.5780,37274
13.4300,-16.6983,20314
13.4781,-16.6819,43098
13.4042,-16.6558,18978
13.4730,-16.6851,30325
13.4474,-16.6650,20878
13.4256,-16.6726,48687
13.3749,-16.6784,19672
8.8872,-10.1722,20372
11.4333,-13.8833,25150
11.4450,-11.6642,25531
10.9000,-13.0333,30311
11.4228,-9.1685,148018
11.1000,-13.7667,54824
10.6500,-14.6167,113350
11.0592,-12.3950,25355
7.7562,-8.8179,226426
8.7667,-8.6167,16725
9.7333,-13.4167,194297
10.6258,-8.6941,19110
10.3755,-12.0915,79109
8.5435,-9.4710,68020
7.8000,-8.5333,32555
11.3182,-12.2833,107571
10.6500,-9.8833,36295
12.4833,-13.3000,22326
11.8000,-13.5000,45970
9.1848,-10.0999,116019
11.6000,-9.3833,27969
10.0569,-12.8658,161024
9.2667,-9.0167,26990
10.3854,-9.3057,221428
12.4000,-13.4167,16178
8.5674,-10.1336,79140
10.3668,-13.5825,64169
9.4306,-13.0881,23350
10.0404,-10.7434,70181
9.7911,-13.5233,182296
9.7333,-10.1833,23416
9.5511,-13.6731,137287
11.2906,-10.7121,20993
10.7433,-11.1078,29449
9.7064,-13.3847,77103
9.5380,-13.6773,1928389
9.5350,-13.6878,1871242
10.9322,-14.2905,63736
10.8500,-10.9333,28840
8.6901,-8.6487,19848
10.7167,-10.7167,23638
10.7667,-11.3667,16561
9.5500,-10.1000,17147
11.8000,-12.2167,25222
10.2858,-12.4370,31312
10.7957,-14.3997,57251
10.5891,-11.1775,27748
16.3326,-61.6969,20192
16.2256,-61.3810,22859
16.2364,-61.5346,15181
16.1916,-61.5914,24994
16.2730,-61.5051,53514
16.3316,-61.3466,22692
16.2062,-61.4931,28698
16.0450,-61.5643,19821
15.9971,-61.7321,11472
16.2674,-61.5854,30837
2.1522,11.3301,24831
3.7558,8.7817,155963
1.8639,9.7658,173046
37.8422,23.7765,28364
39.3692,22.9477,86048
37.9611,23.7530,61308
37.8332,23.8031,15855
37.5096,22.3788,26561
39.5549,21.7684,61653
38.3250,23.3189,36477
37.0745,22.4301,16239
37.9643,23.4965,25370
35.3655,24.4823,32468
38.9562,20.7505,17283
37.6751,21.4410,22399
37.9420,23.6462,163688
38.0419,23.6849,58979
38.0154,23.6919,139981
37.9678,23.5721,25389
38.2462,21.7351,168034
37.9281,23.7010,64021
37.9667,23.6500,89380
37.9450,23.7142,73076
38.0873,23.9764,15554
38.0333,23.7000,84793
38.0357,23.7573,67134
38.0349,23.7381,25734
38.0927,23.8222,17379
37.9479,23.6788,25441
39.1077,26.5553,28322
38.0500,23.8333,22741
37.9947,23.3432,23456
37.9673,23.9968,21488
38.4362,22.8767,21492
39.6285,22.4211,146926
38.8995,22.4335,52006
38.0658,23.7636,29891
36.8929,27.2877,19244
37.8989,23.8718,19164
37.9401,22.9513,30176
38.0744,23.8111,47332
38.0000,23.8000,30840
38.3687,26.1372,23953
35.5112,24.0292,53910
38.4635,23.6028,59125
38.0237,23.8007,74192
38.0114,23.6660,45642
37.9625,23.6197,77077
39.3648,21.9219,32789
38.0559,23.7051,28361
37.9500,23.7000,100641
37.0391,22.1126,54100
37.9103,23.7236,41720
37.9634,23.7652,26370
38.0528,23.7652,49642
35.3279,25.1434,137154
39.6634,20.8519,65574
37.8629,23.7580,87305
38.0167,23.7500,59345
37.8901,23.7441,17259
38.0414,23.5430,24910
37.9500,23.7344,22913
37.9333,23.7333,71294
37.9894,23.6601,26550
38.0167,23.8333,59704
37.9838,23.7278,664046
38.0613,23.5897,30251
37.9059,23.7504,34097
39.1601,20.9856,21895
37.6333,22.7333,22209
38.0833,23.7000,33565
38.0500,23.8000,72333
37.7984,21.3507,16763
38.0833,23.7333,99346
38.2486,22.0819,20422
37.9833,23.6833,69946
38.6214,21.4078,46899
36.4356,28.2220,56128
40.7919,22.4075,27817
41.1349,24.8880,48221
40.5244,22.2024,44464
40.6407,22.9349,317778
40.6694,22.9381,46008
40.6494,22.9508,44955
41.0850,23.5476,58287
40.5147,21.6786,30045
40.6667,22.9488,56685
40.5992,22.9861,34625
40.4987,22.9262,18326
40.5878,23.0315,17444
41.5031,26.5297,16221
40.7308,22.9172,20852
40.6294,22.0681,19887
40.6583,22.8971,15706
40.2993,21.7898,36481
41.1176,25.4059,45631
40.9930,22.8743,22914
40.9396,24.4069,54027
40.2696,22.5061,53293
40.5825,22.9503,91518
40.7820,21.4098,17686
40.6706,22.9083,74686
40.6639,22.8969,27067
40.8026,22.0475,18669
41.1528,24.1473,44823
40.7160,22.7284,16563
40.8499,25.8764,52979
39.6244,19.9202,40047
38.0338,23.8296,30741
38.0228,23.8576,29939
37.9315,23.7678,78153
37.9847,23.6471,63445
37.9757,23.7691,71026
38.0602,23.7926,21352
38.0301,23.7238,34168
37.9649,23.6651,16050
39.3790,22.9275,32661
40.6532,22.9416,27084
14.6497,-90.8903,24022
14.9687,-89.5273,60424
14.5020,-90.9540,34948
14.5251,-90.5854,618397
14.4828,-90.5343,155423
14.9119,-91.3605,103952
14.7618,-90.9925,34519
14.6462,-90.7343,28488
15.6584,-91.4299,49030
14.7707,-91.1834,45373
14.6351,-90.6765,29238
14.6382,-91.2290,33309
14.4945,-90.7104,21795
14.3351,-91.0234,112780
15.0299,-91.1488,78279
14.5705,-90.4993,80582
14.4356,-91.2268,17172
14.5618,-91.6487,29167
14.9681,-91.7617,40021
15.4774,-90.3110,16353
14.7794,-90.4532,58609
14.5888,-91.4519,20433
14.9644,-91.7949,47063
14.6472,-89.7246,24679
14.6107,-90.6568,20723
14.7189,-90.6442,136886
14.5460,-90.4129,79844
14.5894,-91.5214,22533
14.9449,-91.4431,57894
14.6230,-91.5950,24446
15.3666,-90.4783,19664
16.9168,-89.9190,30764
14.7883,-90.1988,15843
14.9048,-91.4831,15074
14.6222,-90.8431,24992
14.8796,-91.4570,19434
15.1021,-90.3191,65275
14.5358,-91.6785,90505
15.0853,-90.4925,15157
14.8446,-91.5232,180706
13.9222,-90.8191,18655
15.7272,-88.5979,100593
14.2836,-91.3606,18189
16.3311,-89.4169,17320
14.5019,-90.5620,135447
14.6819,-91.0140,58240
14.6319,-90.9266,21249
14.4232,-91.1605,40683
15.3986,-89.6415,71846
14.4036,-90.6966,65873
14.6671,-90.3572,18574
14.8690,-91.6214,51828
14.5930,-91.6939,39565
15.4061,-91.1468,23301
14.8429,-91.3180,27690
15.4723,-88.8407,18994
15.0444,-91.4086,31739
14.6308,-90.6071,465773
14.5341,-91.5031,77431
14.2031,-90.8481,45323
14.9113,-92.0579,92816
15.8283,-88.7504,17923
14.0821,-91.0538,24001
14.8717,-91.5614,16461
14.2849,-89.8880,145880
14.5781,-90.7380,17918
14.1369,-90.0091,28832
14.6354,-89.9911,159840
15.6666,-91.7118,37171
15.3210,-91.4700,79426
14.0742,-90.4167,18855
15.1195,-89.3572,19354
14.4653,-90.4408,58922
16.9226,-89.8994,20464
14.5657,-89.3517,20674
14.3010,-90.7882,156313
14.6468,-90.7912,15639
14.8544,-90.0699,24831
14.6508,-91.5780,15167
15.5322,-89.3311,20489
14.5963,-91.7274,17388
14.2754,-90.2986,41359
15.0894,-91.7497,59489
14.7409,-90.8876,32312
14.7073,-91.7317,47544
15.4703,-90.3745,212047
14.7041,-91.8643,105415
14.5240,-90.7631,33405
14.6407,-90.5133,994938
15.8131,-90.2890,17018
14.8009,-89.5464,111505
14.7029,-90.4998,104972
14.6588,-90.8216,96985
14.9433,-91.1112,141567
14.5429,-91.3264,60735
14.8115,-91.4554,42142
15.0748,-91.6480,23033
14.3074,-90.3616,47093
14.3337,-89.7109,48297
14.5564,-90.7332,46054
14.4774,-90.6349,71836
14.4858,-90.8044,23986
13.4877,144.7814,19685
13.5360,144.8886,20539
13.5178,144.8391,44943
13.4476,144.8011,15191
13.4875,144.7814,19685
11.7333,-14.8167,19424
12.2800,-14.2222,49371
11.8636,-15.5977,439704
12.1658,-14.6617,33502
6.2492,-57.5158,35039
6.0081,-58.3072,44690
6.8045,-58.1553,235017
22.3714,114.1133,318916
22.4333,114.0333,200000
22.4483,114.0320,169600
22.4452,114.0262,200000
22.4500,114.0167,16236
22.2957,114.2360,34755
22.3138,114.1686,29644
22.3500,114.1833,425235
22.3902,114.1922,17572
22.3401,114.1873,16936
22.2814,114.1726,166695
22.2547,114.1362,26275
22.3988,113.9760,19398
22.3917,113.9716,507900
22.3525,114.2002,37242
22.3500,114.1000,182100
22.3000,114.1667,24557
22.3279,114.2499,412900
22.3169,114.1905,15646
22.2985,114.2511,51751
22.2511,114.1473,16811
22.4568,114.0023,282400
22.3696,114.0791,17009
22.3672,114.1235,20848
22.3729,114.1790,19924
22.4063,114.2238,17647
22.4501,114.1688,274100
22.4745,114.2346,17544
22.3215,114.1630,33801
22.3817,114.2126,57349
22.4677,114.2081,22465
22.5167,114.1167,20514
22.2334,114.2512,20683
22.3661,114.1398,31788
22.3315,114.1680,18078
22.3776,114.1975,80000
22.3833,114.1833,495200
22.3667,114.0500,25893
22.3302,114.1595,431090
22.3202,114.2350,54218
22.3719,114.1839,16628
22.5017,114.0693,19617
22.3355,114.1967,18199
22.2845,114.2232,18771
22.3833,114.2667,35800
22.2686,114.1292,77100
22.4411,114.0061,45400
22.2787,113.9431,116000
22.2786,114.1178,16030
22.3194,114.1714,62967
22.2840,114.1496,15464
22.3207,114.1874,20185
22.4061,114.2408,215200
22.2761,114.1840,29160
22.3093,114.2363,18666
22.3118,114.2218,16766
22.3683,114.1388,331600
22.3331,114.1797,18849
22.3305,114.1922,418732
22.3167,114.1833,2232339
22.4412,114.0602,21876
22.4631,114.1552,20389
22.2783,114.1747,7396076
22.3158,114.1818,19830
22.2480,114.1529,157400
22.4472,113.9916,21060
22.3181,114.2699,36529
22.3985,114.1929,22127
22.4949,114.1395,263200
22.3000,114.0167,19336
22.3454,114.1933,28645
22.2109,114.0279,19769
22.2185,114.2124,20683
22.2875,114.1442,956800
22.2886,114.1942,15464
22.3054,114.1700,41537
22.2398,114.1700,16316
22.2841,114.2163,35373
22.2878,113.9424,114100
22.3247,114.1915,19078
22.3413,114.1568,18956
22.3868,114.2027,15407
22.3372,114.1386,45990
22.3225,114.1756,17422
22.3242,114.1974,42552
22.2620,114.1565,19202
22.2405,114.1576,26350
22.3756,114.1958,15817
22.3716,114.1978,19719
22.3236,114.1794,15481
22.3762,114.1114,17325
22.3280,114.1539,74780
22.3194,114.1574,19373
22.3050,114.1902,39134
22.3055,114.2286,22718
22.3339,114.2137,38405
22.3706,114.1870,16628
22.4461,114.0923,40357
22.3759,113.9625,15488
22.4674,114.0477,20268
22.4248,114.0358,77775
22.2438,114.1483,29391
22.2932,114.2725,50000
22.2828,114.2003,16171
22.3103,114.1882,18091
22.3072,114.1907,18091
22.4302,114.2421,23511
22.4263,114.2413,15621
22.4229,114.2366,16691
22.3813,113.9787,16423
22.2820,114.2247,17925
22.2900,114.1926,15212
22.3651,114.1747,18707
22.3363,114.1562,18670
22.3371,114.1667,16843
22.3341,114.1653,25561
22.3364,114.1402,37299
22.3318,114.1467,16071
22.3289,114.1540,15655
22.3415,114.1565,18748
22.2615,114.2488,18803
22.2861,114.2187,34799
22.2767,114.2408,17963
22.2785,114.2230,15061
22.2412,114.1552,18575
22.2441,114.1462,29180
22.3053,114.1894,30038
22.3120,114.1785,17407
22.3302,114.2034,18720
22.3459,114.1920,16989
22.3321,114.1928,15440
22.3364,114.2058,17817
22.3334,114.2133,25241
22.3392,114.1944,29542
22.3510,114.2006,21845
22.3401,114.1867,16794
22.4244,114.1110,3984077
22.2630,114.1842,1195529
22.3298,114.1889,194290
22.3285,114.1851,74710
15.8256,-87.9297,48013
15.1382,-87.1284,15774
15.3148,-87.9938,31571
15.6833,-86.0000,30785
15.7743,-87.4673,29325
14.0818,-87.2068,850848
14.5969,-87.8310,43141
14.7739,-88.7756,27753
14.9222,-88.2376,15119
15.5059,-88.0259,801259
13.4242,-87.4472,22289
15.2301,-87.9639,15707
15.4813,-86.5742,25969
14.3212,-87.6759,17555
15.4333,-87.9167,45955
15.7597,-86.7822,222055
14.6644,-86.2225,33686
15.4000,-87.8000,100810
13.8667,-86.5500,18779
14.0333,-86.5833,44799
14.4558,-87.6397,58784
15.4000,-88.1500,20353
13.3057,-87.1788,75872
15.6144,-87.9530,139100
45.8564,15.8078,18768
45.8144,15.9780,663592
44.1158,15.2251,67309
45.3516,19.0023,22255
45.2883,18.8047,28111
45.7125,16.0756,30036
46.3044,16.3378,36187
43.5089,16.4392,149830
43.5432,16.4931,20996
45.1616,18.0163,45005
45.3403,17.6853,16867
45.4661,16.3775,27859
43.7343,15.8942,31115
45.8311,16.1164,55313
45.8031,15.7181,16911
45.3267,14.4424,107964
44.8683,13.8481,52220
45.5507,18.6942,75535
46.1636,16.8297,22262
42.6412,18.1091,26922
45.3083,18.4106,16875
46.3844,16.4339,15078
45.8979,16.8507,24392
45.4917,15.5500,41869
45.8131,15.9775,37000
19.0505,-72.4659,48724
18.6530,-72.0939,52017
19.6363,-71.9548,21328
19.4388,-72.1991,37739
19.3708,-72.3347,95216
19.1114,-72.7008,66226
19.9398,-72.8304,306217
18.5435,-72.3388,1234742
18.4312,-72.8652,117504
18.5125,-72.2853,283052
18.4460,-73.0896,89202
19.7060,-72.4034,32645
18.5111,-72.6334,134190
18.4477,-72.2840,42175
18.6500,-74.1167,97503
18.2357,-72.5369,137966
19.1409,-72.0119,18590
18.5409,-72.5268,25947
18.1854,-71.9182,17059
18.4259,-72.7699,49288
19.4475,-72.6893,84961
18.5055,-71.9812,18256
18.9934,-72.3906,15594
18.5448,-72.3004,382920
18.5768,-72.2262,229127
18.1920,-73.7495,125799
18.5411,-72.3992,442156
19.7594,-72.1981,134815
18.7702,-72.5123,130306
19.9333,-72.8333,34657
46.2475,20.1657,25300
47.1833,20.4167,22770
47.9333,21.0833,17295
47.1807,20.1984,71285
46.6583,20.2608,27898
46.2530,20.1482,160766
46.8667,20.5500,18170
48.3949,21.6587,18052
47.3167,21.1167,15990
48.2167,20.3000,38476
46.5667,20.6667,31373
47.9554,21.7167,117689
48.1033,20.7781,154521
47.0000,20.6333,19168
47.8167,20.5833,17701
47.9553,22.3235,18718
46.2167,20.4833,25135
48.2167,22.0833,18190
48.2500,20.6333,32396
47.3167,20.9333,22370
46.4167,20.3333,44009
47.4500,21.4000,23781
47.8500,21.4333,18032
47.6667,21.5167,31957
46.6500,21.2833,32269
46.9333,20.8333,15194
47.9027,20.3733,53876
48.1000,20.6833,18065
47.5317,21.6244,202402
46.7133,20.1424,18580
46.6833,21.1000,59732
46.7667,21.1333,21198
47.6167,21.3500,18012
47.1899,20.0048,16342
47.5176,19.1055,130000
46.8370,16.8440,61898
47.0933,17.9115,56927
47.6459,19.2954,18122
47.4070,19.2865,19327
47.1994,18.1395,21299
47.7759,19.1361,35108
47.5686,19.0846,100694
47.5925,18.3810,65849
47.6529,18.3184,23217
46.8815,17.4412,17598
47.2309,16.6215,78025
47.3438,19.0434,24874
47.6694,19.0756,23606
46.3472,18.7119,34174
47.1900,18.4103,101600
47.3295,18.9388,17566
47.6850,16.5905,62246
46.9041,18.0580,23028
47.5153,19.1706,15288
47.2540,16.9352,15343
48.0987,19.8030,34627
47.5246,19.1550,23098
47.5645,19.1221,38530
47.4732,19.2618,24971
47.4298,19.2159,58722
47.4333,19.1167,36045
46.0762,18.2281,145347
47.3300,17.4674,32990
46.6221,18.8557,20638
47.4867,18.3122,20271
47.5500,19.0333,33836
47.4884,19.0254,24728
47.0342,19.7786,23517
46.4535,16.9910,47349
47.8679,17.2699,30359
47.3513,19.4473,21720
45.9902,18.6862,18711
47.5095,19.2113,19869
47.4724,19.0581,19741
46.1928,18.2649,26924
47.7432,18.1191,18805
47.4843,19.1391,78414
47.4515,19.1402,61453
46.4340,19.4848,29354
46.7121,19.8446,31720
46.6214,19.2853,15091
46.7681,17.2432,19652
47.4661,19.0310,53332
46.9062,19.6913,109847
46.3667,17.8000,64280
46.5298,18.9728,18242
47.5000,19.9167,27439
47.6667,19.6833,20228
47.6833,17.6351,129301
47.7826,19.9280,32938
47.3845,19.2214,21937
47.5966,19.3551,32374
47.6832,19.1342,15874
47.6177,19.1887,16770
47.4775,19.0908,59056
47.7928,18.7415,28785
47.5021,19.0722,62000
47.3949,18.9136,62408
46.9648,18.9397,50084
47.6364,19.1386,30246
47.3545,19.0982,16973
46.3766,18.1370,20748
47.1859,19.3109,16590
47.1727,19.7995,39287
47.4984,19.0404,1741041
47.4618,18.9584,25089
47.4239,19.0363,26782
46.1830,18.9531,37714
47.5476,19.0797,62006
47.1020,17.5589,31407
47.5373,19.1441,36259
47.4996,19.0511,26284
47.4919,19.0149,56544
47.4760,19.0360,139049
47.4892,19.0701,82222
47.5037,19.0658,42120
47.5298,19.0807,113531
47.5618,19.0891,98374
47.5626,19.1168,80218
47.5148,19.1703,68484
47.4529,19.1494,61610
47.4442,19.1760,93225
47.3979,19.1149,20387
47.4270,19.0402,50499
47.4222,19.0664,76339
47.4367,19.1009,63371
47.4800,19.2539,78250
47.5416,19.0450,123723
47.5198,19.0222,88729
47.4971,19.0396,24728
47.4894,19.0729,76957
47.4025,19.0918,15917
47.4092,19.0594,18527
47.4731,19.0797,34036
47.4780,19.1479,25842
47.5161,19.0528,36888
2.8985,98.5231,16000
3.0010,99.8164,25146
0.5729,97.8034,25780
3.3285,99.1625,117530
2.0147,98.9655,39500
4.0613,98.3699,25118
2.9667,99.8000,183170
3.5765,98.6151,157914
3.7334,98.4502,26862
2.2874,97.7884,46800
5.3848,95.9609,17504
2.7490,98.3127,50671
1.7402,98.7812,91265
5.8897,95.3164,42066
5.2167,96.2833,40393
2.1000,99.8333,103009
3.6253,98.8640,311063
3.5679,98.9560,157174
2.9595,99.0687,274838
2.8663,98.5211,16065
4.0238,98.2782,25542
1.3795,99.2715,236217
4.1440,96.1266,64646
3.5833,98.6667,2435252
5.1801,97.1507,196067
4.4683,97.9683,194730
1.3943,97.1675,24485
3.8790,98.6330,49668
2.9845,99.6158,141915
3.1001,98.4908,73581
1.2888,97.6143,136707
3.5078,98.6839,27940
3.7396,96.8361,24085
5.2030,96.7009,47670
3.6001,98.4854,279302
3.1947,98.5089,48244
3.7755,98.6832,102707
2.0106,98.3982,18346
2.0500,99.7500,31442
5.5417,95.3333,255029
-7.8014,110.3647,373589
-7.3589,109.9031,92990
-7.9656,110.6036,87454
-6.9833,109.6167,38429
-7.9908,114.4009,29193
-6.8922,109.6190,39407
-6.7110,108.5037,139004
-6.9713,110.0666,58448
-6.8000,110.7167,26163
-7.7431,110.5794,55300
-4.5386,120.3279,149336
-7.5161,109.0539,35530
-7.1749,107.9808,26240
-4.0958,138.9481,41844
-0.2379,130.5072,22541
-9.6567,120.2641,35932
-6.1769,106.9467,28745
-7.1397,110.4050,171378
-5.1486,119.4319,1423877
-8.5098,115.2654,74800
-8.0657,111.9025,65262
-7.4737,112.6505,63889
-6.8976,112.0649,76242
-5.6288,132.7523,90007
-7.7183,110.6589,23584
-8.0764,111.7064,29083
1.3054,124.9126,33317
1.3168,124.8038,27624
1.7284,128.0095,34150
-3.9236,138.4547,21324
-4.6141,136.6768,142909
0.7906,127.3842,204920
-4.8790,105.2182,52566
-1.4416,132.0143,19491
-6.8694,109.1402,282781
-6.5397,111.0518,26413
-7.3274,108.2207,741760
-6.9333,109.1667,75739
3.3133,117.5915,249960
2.8375,117.3653,56569
0.9167,104.4583,227663
-2.7335,107.6348,103062
-5.4292,105.2611,1166066
1.0001,103.4219,48953
-3.9373,103.8046,53117
-2.1709,115.4077,37291
-7.4996,112.6999,32866
-6.1781,106.6300,1912679
-8.7449,116.8532,55340
3.6110,125.4858,35307
-8.5413,115.1252,33667
-7.5561,110.8317,526870
-7.2492,112.7508,2874314
0.7000,108.9000,47735
-2.0561,101.3913,99233
-1.8544,106.1222,100750
-7.0115,113.8604,84656
-6.8500,107.9167,100000
-6.8586,107.9164,200000
-8.1586,112.4829,35285
-6.7603,108.4831,96725
-8.4932,117.4202,62753
-7.4581,109.2881,66482
-6.9181,106.9267,360644
-6.5700,107.7567,137234
-8.4000,114.2666,36260
-7.9386,110.2506,29529
-7.4264,111.0222,71522
-0.8796,131.2610,254294
-7.0331,107.5183,116780
-0.8006,100.6571,73438
-7.4832,112.4270,25494
0.7373,127.5588,36197
-9.8607,124.2840,40190
-7.7156,110.3556,56215
-6.9816,109.1407,61206
-7.7062,114.0098,685967
0.0667,111.5000,85000
-5.1241,120.2530,40797
-7.8924,112.6658,180740
-8.3167,114.2333,29418
0.9093,108.9846,246112
-4.1279,120.0297,59523
-8.1120,115.0882,133784
-7.3515,108.1110,48882
-1.2642,104.0970,36652
-0.7005,100.9774,27786
-7.4478,112.7183,139189
-7.4846,108.7923,30313
-7.8764,110.3589,73585
-6.3169,106.6642,80193
-6.1153,106.1542,692101
-6.1189,106.5750,118439
-6.9931,110.4208,1653524
-8.6503,116.5318,92464
-7.7833,110.8667,30180
-6.4028,106.7744,165631
-5.8453,112.6517,50612
-2.0585,125.9779,29716
-2.5315,112.9496,166773
-7.1872,113.2394,53269
-0.4917,117.1458,831460
-7.3319,110.4928,201369
-8.6114,120.4644,41533
-6.1592,107.2981,201463
-6.7036,111.3416,44030
-2.9701,119.8978,40438
-1.5083,134.1708,16245
-6.3591,106.2494,137041
-7.0981,109.3243,28532
-7.2210,108.1896,39840
-4.8380,122.7209,69980
-7.4214,109.2344,230235
-7.0868,110.9158,139387
-6.5569,107.4433,179233
-7.3881,109.3639,56903
-7.9522,110.3486,24081
-7.7543,113.2159,246980
-7.6833,112.6167,24164
-8.7054,116.2704,35183
-7.7500,110.4942,44925
-1.3959,120.7524,47477
-0.0319,109.3250,658685
-7.8685,111.4620,79026
-3.4324,119.3435,65800
-6.7050,108.4728,167105
-3.4345,104.2306,103470
1.1667,108.9667,34029
-6.8919,109.3826,184149
-6.9875,106.5514,109523
0.5167,101.4417,1085000
-6.8886,109.6753,317524
-6.6978,110.7107,61046
-0.2159,100.6334,139576
-6.7559,111.0380,107028
-7.6453,112.9075,212466
-7.0680,107.7940,126181
-6.1703,106.5303,273659
-6.4214,106.7331,123078
-0.6190,100.1200,92183
-4.0135,119.6255,160309
-7.7679,112.1980,56699
-7.7253,114.0995,42789
-2.1291,106.1138,216893
-2.6832,111.6259,38057
-6.3084,106.1067,92316
-7.6527,112.6875,34184
-7.9131,110.2936,56043
-7.7018,113.9184,30749
-6.3428,106.7383,174557
-7.0183,107.6039,48294
-7.1568,113.4746,92447
-6.2842,107.8106,114290
-0.9083,119.8708,373218
-2.9925,120.1969,190867
-6.7069,108.4242,92600
-2.9167,104.7458,1668848
-2.2083,113.9167,293500
-8.0665,112.5981,30213
-4.0251,103.2469,70386
-0.4560,100.4052,58627
-0.9492,100.3543,909040
-6.8767,112.3761,27072
4.1384,117.6507,67006
-8.1058,112.0159,26297
-7.6839,112.2580,22871
-7.4038,111.4461,22412
-7.6051,111.9035,69011
-8.3569,114.6169,33191
-3.8455,126.7262,21513
-3.2619,127.0929,37869
-3.3599,135.5007,43898
-2.0672,105.1623,26709
-7.5811,110.2928,44859
-8.4333,114.3333,64537
-3.7147,137.9853,35884
-0.9473,114.8962,46652
-1.4902,102.1149,21243
-7.0268,110.5158,28026
-7.4664,112.4338,141785
-7.5667,112.3500,23534
-6.5333,110.7000,33542
-5.1131,105.3067,178381
-7.5200,110.2264,69871
-7.7333,110.3667,67090
-8.6199,122.2111,87720
-8.5833,116.1167,429651
-2.5537,120.3279,38024
-3.4109,114.8642,131449
-5.0060,119.5727,30000
-7.0948,109.0250,27814
-6.9708,107.5675,83119
-0.8629,134.0640,107325
-2.4667,111.0333,18888
-2.8833,108.2667,39135
-1.0163,103.5933,56268
1.4822,124.8489,451916
3.5886,116.6239,25596
-7.9797,112.6304,847182
-3.5403,118.9707,73883
-7.2975,108.7642,38897
-6.8361,108.2278,73052
-7.4706,110.2178,121526
-7.6298,111.5239,202544
-0.9516,122.7875,47778
-8.1335,113.2248,123626
-3.2945,102.8614,234166
-0.5829,117.0950,212816
-8.3723,123.4180,30151
-6.8117,107.6175,183130
-7.0496,109.1441,33606
-7.8353,112.6947,112540
-6.6922,111.4527,28948
-7.1167,112.4167,59224
-3.7851,103.5428,65906
-8.4964,119.8877,188724
-6.3784,105.8300,33576
-7.7169,109.9128,31352
-8.7233,115.1723,30012
-6.9758,108.4831,111742
-6.8048,110.8405,92156
-0.8162,103.4611,33683
-3.0091,114.3876,35632
-7.6331,109.2461,23255
-7.4104,112.5792,38603
-6.1314,106.3797,110182
-7.7584,113.3962,28248
-4.8251,104.8817,42366
-8.5333,115.4000,27836
-7.7058,110.6064,126831
-6.7094,108.4400,88378
-6.9383,108.8910,44288
-7.5833,112.1000,60782
-8.1303,112.5727,51919
-3.9778,122.5151,345107
-8.2833,113.3667,43046
-9.4467,124.4781,48202
-6.9704,109.6479,117249
-8.0667,111.9167,80257
-7.8167,112.0167,235143
-7.7003,110.5631,21745
-7.1667,112.6333,75982
-1.5912,127.4071,29642
-7.3817,108.2082,50541
-4.8299,122.7260,31929
-6.3053,107.3197,307880
-6.8487,108.6422,75856
-8.4500,115.6167,31869
-7.6489,110.6250,50670
-6.4622,108.4519,31234
-7.1678,112.7192,22515
-7.0537,113.9424,23897
-8.2151,124.5458,19210
-6.7150,111.1514,40177
-7.5460,112.2331,126465
-7.7036,110.5361,28114
-6.5924,110.6710,1257912
-8.1721,113.6995,298585
-6.8057,110.9262,37521
-6.7336,108.2628,57973
-7.8833,111.1167,50059
-6.4747,108.3153,73010
-7.5772,110.8975,32378
-1.6000,103.6167,606200
-6.2146,106.8451,8540121
-6.3264,108.3200,123263
-3.2525,104.6756,42498
-7.6011,110.8186,100613
-7.1539,112.6561,73629
0.5375,123.0625,198539
-8.1753,112.6359,22468
-7.6072,109.5142,50200
-7.7697,110.2939,63164
-8.3667,114.1500,79652
-7.3908,112.7267,79230
-6.7350,110.8444,43756
-7.2450,107.9210,131809
-7.7640,112.0350,49118
-8.3939,114.1464,22525
-5.3166,119.3661,83050
-2.9248,132.2981,18900
-8.8432,121.6623,87269
1.6671,101.4432,331832
-6.9000,109.0833,98074
-7.3659,112.6219,26827
-8.5365,118.4634,54987
-5.7609,134.2340,52104
-7.5790,112.2311,41719
-7.7625,110.4317,104527
-6.4000,106.8186,2145400
-8.6500,115.2167,725314
-6.8909,110.6396,27251
-7.6167,110.6833,24440
2.0505,128.2940,23566
-8.2116,112.7493,23094
-3.4703,102.5207,46245
-6.2658,106.5564,191406
-6.9053,109.5347,51092
-7.5333,110.7500,26274
-6.4856,106.8819,214668
-6.7063,108.5570,341980
-6.2375,106.6956,207858
-6.8722,107.5425,590782
-6.9389,107.7528,111476
-6.3947,106.9592,288347
-6.0144,106.0542,450271
-7.7264,109.0094,256996
-6.2611,107.1528,106479
-6.4197,107.4558,145620
-6.7814,106.7825,88965
-6.4817,106.8542,363424
-6.8222,107.1394,174587
-7.3257,108.3534,109839
-7.1475,111.5906,55055
-7.6742,110.6789,28646
-6.7061,106.8214,91845
-6.5547,106.7008,207212
-2.5471,121.9720,25477
-6.8748,108.9559,27367
-0.3091,100.3705,121028
-7.4281,112.7234,48152
-7.0500,109.5500,38770
-8.1181,111.8935,32287
-7.5331,110.5958,59851
0.1324,117.4854,189968
-7.9135,113.8214,69783
-7.1502,111.8817,86568
-6.5944,106.7892,1127408
-6.9698,111.4186,51811
-8.0983,112.1681,150371
1.4406,125.1282,225134
-2.1097,133.5246,24742
-8.4601,118.7267,161362
-1.1767,136.0820,41731
-7.7338,113.6979,55465
-3.8004,102.2655,373591
0.8319,109.4359,33385
-6.2349,106.9896,2564940
-5.4633,122.6024,161280
-4.1289,104.1669,134759
-7.3000,109.2167,42394
-7.8700,112.5283,221714
-6.4846,110.7083,136145
-2.5833,115.3833,55687
-8.2325,114.3576,117558
-7.5142,109.2942,48378
-7.8881,110.3289,64360
-3.3199,114.5907,657663
-7.0453,107.5878,164952
-8.1900,114.9675,89040
-7.1955,107.4313,200970
-7.0455,112.7351,86250
-7.5994,112.8186,120551
-6.9222,107.6069,2444160
-7.9500,110.2833,44713
-7.7333,113.9167,47631
-1.2675,116.8289,695287
-7.0486,109.1006,28483
1.0595,101.2905,56452
-7.6128,110.7839,58909
-6.7674,110.8541,57920
-7.1128,112.1635,27038
-9.1061,124.8925,82196
-6.8017,108.6311,148047
-6.6453,108.4103,105845
-2.4177,115.2494,55560
-3.6958,128.1833,347288
-7.2633,110.3975,63193
-3.3398,128.9197,47653
-5.5450,138.1352,23869
-6.9375,109.1325,134188
-6.8378,107.4728,184182
-6.8200,107.2572,77758
-7.1169,107.5019,15275
-6.2364,106.5083,174041
-6.0989,106.6381,128275
-7.7956,110.5867,37420
-7.7956,110.3264,66110
-7.8269,110.3292,86234
-7.5497,110.7164,23750
-7.5519,110.7378,88927
-7.5908,110.7044,48959
-10.1708,123.6069,442758
-2.5691,140.5127,44779
-8.4996,140.4061,102351
-2.5337,140.7181,404004
-2.5964,140.6324,62248
1.1494,104.0249,1164352
2.6620,97.8827,90751
-8.1928,114.9388,25000
-8.4504,115.5925,20000
-8.4913,115.0459,125470
-9.4283,119.2380,35790
3.1131,99.1735,40000
-6.2886,106.7179,1404785
-3.2983,128.9688,36433
-8.4487,115.6062,31869
1.3626,109.3009,57295
52.3342,-6.4575,19913
52.2583,-7.1119,53504
52.2704,-9.7026,22941
53.2859,-6.3734,80339
53.4597,-6.2181,42738
54.2697,-8.4694,19199
53.3006,-6.2828,17333
53.1819,-6.7967,22742
53.6528,-6.6814,24545
53.2158,-6.6669,20713
53.5247,-7.3385,17262
53.4508,-6.1544,16550
53.3574,-6.4486,15269
52.6647,-8.6231,94192
54.9500,-7.7333,19274
53.3658,-6.4956,15504
52.6542,-7.2522,21589
53.1408,-6.0631,18140
53.2724,-9.0510,83456
53.3892,-6.2969,19768
52.8436,-8.9864,25276
53.2940,-6.1359,26525
54.0000,-6.4167,39004
53.3331,-6.2489,1024027
53.7189,-6.3478,40956
51.8744,-8.4350,26883
51.8980,-8.4706,190384
52.3550,-7.7039,17140
53.3417,-6.5442,20288
51.8117,-8.3986,15770
52.8408,-6.9261,24272
53.2028,-6.0983,32600
53.3881,-6.3756,16511
51.8833,-8.5833,18621
53.6085,-6.1831,21722
53.4228,-7.9372,21351
53.2747,-6.2253,22288
53.3984,-6.1618,15299
53.2903,-6.3415,278749
31.7690,35.2163,971800
31.7667,35.2333,15500
31.8939,35.0150,93277
32.5665,34.9563,23206
32.9646,35.4960,36094
32.6538,35.1038,23796
32.9543,35.2120,17171
32.0332,34.8909,25600
31.8781,34.7398,47585
32.0504,34.7522,100000
32.6892,35.2783,18905
32.5172,35.1535,56109
32.7602,34.9718,27822
32.7922,35.5312,44779
32.0809,34.7806,432892
33.0167,35.2667,21836
32.8530,35.1987,25917
32.8058,35.1690,42137
31.5250,34.5969,27635
32.8642,35.2971,31702
32.0956,34.9566,72881
31.9710,34.7894,258535
31.8942,34.8120,149392
31.9262,34.8635,76246
32.1461,34.8394,47245
32.0823,34.8107,170822
32.1836,34.8739,75421
32.8497,35.0697,39897
32.7162,35.1249,18130
33.2073,35.5721,22512
32.8371,35.0776,43303
31.7289,34.7463,25362
31.7667,35.1667,25000
31.6100,34.7642,61817
32.8275,35.0858,43955
32.8115,35.1132,59030
32.2849,34.9811,16898
32.0871,34.8875,253529
32.4741,34.9778,44840
32.0292,34.8579,36813
32.5064,34.9209,18972
31.3141,34.6202,34666
31.4230,34.5891,43732
32.3329,34.8599,228204
31.9293,34.7987,50351
32.7662,35.0442,24148
32.7082,35.3247,43556
32.7009,35.2972,77445
33.0089,35.0981,58096
32.6760,35.2399,25675
31.8019,35.1507,24052
32.9219,35.2557,15455
32.8898,35.4070,22957
31.9467,34.8903,77223
32.3167,34.9351,24778
32.1750,34.9069,110456
32.9171,35.3050,46252
32.1141,34.9762,23823
32.5067,35.0539,19018
32.8103,35.2601,20188
32.7466,35.3424,22751
32.9282,35.1570,21163
32.0103,34.7792,196282
32.1593,34.8932,63175
32.1663,34.8254,97470
32.8130,34.9993,285316
32.4419,34.9039,97335
32.0782,34.8486,28628
32.0722,34.8125,60644
31.8146,34.7800,30798
31.7874,34.7066,23869
32.0597,34.8732,25093
32.2341,34.9502,26552
32.2662,35.0089,43957
32.7234,35.3162,15621
29.5581,34.9482,52299
31.0708,35.0327,36192
32.6938,35.0469,25000
32.5232,34.9450,15847
31.7307,34.9929,124957
32.4973,35.4963,16800
32.0807,34.8338,214444
31.9386,34.8375,27768
31.2518,34.7913,186600
32.0238,34.7518,129012
32.4181,35.0431,29950
31.6693,34.5715,144073
31.7921,34.6497,226838
32.4955,35.0941,24904
31.2588,35.2128,27967
32.9281,35.0765,51420
32.6091,35.2892,44930
31.7820,35.2196,400000
31.3955,34.7570,19586
31.9322,35.0442,76374
32.1065,35.1845,20540
31.2486,34.8601,20204
31.1605,35.0227,17640
31.3008,34.9361,21558
31.2453,35.0931,21079
31.9987,34.9456,20740
32.0498,34.9538,48763
32.0284,34.8796,29312
32.2778,34.9194,22490
32.0612,34.8562,39986
32.5182,34.9540,15847
54.1500,-4.4833,26218
33.7703,74.0925,28197
9.2318,78.7854,38355
25.9667,94.5167,29499
25.4196,83.5579,32008
26.8309,81.3293,33397
17.6814,77.6074,71166
20.0424,74.4894,49826
14.9637,74.7093,20452
17.5906,80.3215,43787
13.1007,77.5963,116447
20.3932,78.1320,128175
21.1677,75.6976,36706
16.7331,82.2136,55626
30.1280,77.2837,217071
16.7701,77.1376,74294
26.0972,94.2582,54010
27.0186,77.1764,19385
11.3655,76.7844,20254
28.2114,79.0567,19372
20.1113,77.1330,78387
21.4710,78.2696,47817
20.2289,79.0028,46532
25.0172,85.6405,35243
20.7393,78.5978,113759
21.7618,80.0430,27494
18.0000,79.5833,704570
16.3674,78.0689,60949
22.6120,70.9438,47814
20.0551,78.9531,58840
19.7963,75.2265,20220
12.9251,79.3663,47498
17.9528,73.8906,36025
17.0518,76.9905,37988
16.8355,74.3134,25651
9.9667,76.2500,23717
21.1108,73.3936,39789
16.3631,80.8441,36755
27.5811,77.6966,60195
11.5183,79.3241,61498
18.1169,83.4115,228720
12.7632,75.0990,17618
17.2734,74.5379,48289
23.6986,72.5521,76753
12.9181,79.2776,44786
17.6801,83.2016,1063178
21.3395,70.7497,19515
9.5851,77.9579,73273
8.6979,77.5192,19689
12.1964,75.8051,17246
19.4559,72.8114,1222390
23.1256,72.0501,55821
16.0531,79.7396,62550
11.9398,79.4924,97380
11.9139,79.7557,34383
9.1323,78.1663,15277
8.7148,77.3903,47241
17.3381,77.9044,53143
16.5074,80.6466,1143232
23.5623,72.7485,35118
23.5260,77.8109,155951
8.7174,76.7258,37219
12.1077,79.2452,15506
10.5621,76.9130,18128
15.7850,80.3066,38671
20.9077,70.3679,171121
17.7784,83.2158,26881
13.9601,79.5803,52688
18.4652,78.8689,33706
11.1082,78.0011,25012
12.9184,79.1325,484690
10.9463,77.7124,40359
22.6902,73.5630,121610
10.3721,79.8509,34266
9.7116,76.3389,25094
10.1607,77.7588,22928
9.2417,77.4118,21361
19.4084,73.2629,20561
15.3958,73.8157,100485
22.6608,72.7552,15934
8.7333,76.7167,43276
21.0177,75.9104,44067
25.3167,83.0104,1164404
12.6816,78.6201,95061
12.5043,79.6056,31530
12.8924,80.0808,16852
20.6101,72.9343,139764
10.3269,76.9512,90353
10.7199,79.0598,16758
22.5333,72.9000,32581
11.9209,79.5824,16745
21.8887,71.8794,18663
9.7486,76.3964,23234
19.9267,74.7275,41296
18.5823,73.9830,33479
22.3051,73.4002,16604
22.2994,73.2081,1822221
23.7859,72.6389,27790
14.3112,79.8043,17881
10.0848,77.9611,26830
22.9568,73.3350,39330
10.4408,78.0978,18015
23.9423,73.0378,20646
8.3829,77.6122,29417
10.6604,76.2466,15674
19.6535,73.1481,16750
12.6143,79.7575,25194
30.7299,78.4434,17123
12.2671,78.5378,18470
9.8070,77.3272,29050
27.3193,82.4187,28437
19.3680,78.7761,16005
9.9694,77.7862,35219
27.7980,79.2376,15068
17.0500,74.2667,67391
31.6814,75.6355,23419
14.9435,77.2549,35565
18.8781,72.9392,30439
21.7401,70.2826,58775
17.4058,78.5591,118259
26.5471,80.4878,161671
23.8037,72.3910,57108
23.3379,75.5593,15837
24.3825,80.7809,18442
16.6975,74.2733,31238
31.4649,76.2691,18722
20.8232,71.0379,58528
29.5848,77.2554,15007
23.8875,71.7698,30671
22.6988,73.1156,33762
20.8540,79.3247,53971
19.6653,82.2063,28993
19.6014,77.6888,47458
23.5247,80.8372,33114
20.1972,72.7503,27859
17.8384,76.6233,35477
22.4756,88.0990,235345
12.8057,74.8606,59116
19.2167,73.1500,516584
25.1196,94.3642,27187
23.1824,75.7764,515215
28.0031,79.0082,56309
10.5881,77.2478,61133
13.3347,74.7462,165000
32.9243,75.1357,84015
18.3926,77.1176,103550
8.4292,78.0297,19738
26.7537,92.1021,15935
23.0743,78.5111,18236
27.7230,75.4718,30264
24.5858,73.7135,451100
23.5333,91.4833,32758
11.4134,76.6952,233426
29.4675,76.1780,16815
22.9983,77.5862,22845
11.7411,79.0770,18605
11.1497,78.5987,32134
25.5142,90.2024,74858
17.3590,82.5461,53425
27.2146,78.2368,50939
21.3833,79.7333,44869
13.3414,77.1022,307359
27.5337,82.4165,22486
18.0080,76.0701,35596
26.3169,89.6655,20420
26.2670,94.8242,36774
11.0816,76.9446,33924
8.4855,76.9492,788271
10.8030,76.1288,27796
9.9428,76.3333,69390
10.5167,76.2167,315957
33.9271,75.1158,17844
28.8699,75.9165,15559
26.1664,75.7882,165294
9.7417,79.0177,18465
29.7133,75.9044,63871
26.0240,75.4818,23559
26.9167,76.8167,22977
11.4072,79.1222,22894
20.2896,83.1523,34067
22.7425,88.3733,127751
8.3370,77.8678,23702
13.1582,80.3018,249446
12.6605,79.5431,37802
12.2266,79.0746,145278
8.2452,77.3010,18723
13.1438,79.9089,56074
9.3816,76.5749,57223
10.5282,79.6327,24404
13.1759,79.6164,44781
9.4833,77.8333,55362
11.0432,75.9234,56632
10.9137,75.9212,56058
9.8256,78.2579,24554
11.1154,77.3546,963173
12.4924,78.5680,64125
9.8815,78.0731,50004
13.6355,79.4199,295323
8.7274,77.6838,1435844
9.8231,77.9838,51194
13.6833,79.3500,18013
11.9662,79.2026,30212
12.6080,80.0555,29391
11.3802,77.8944,95335
10.8155,78.6965,1022518
8.4972,78.1191,32171
13.6883,75.2455,15422
29.8015,76.9283,25944
13.2563,76.4777,60957
27.4890,95.3599,116322
13.1145,80.0271,37095
12.2340,79.6555,72796
22.3712,77.2274,22359
27.9628,79.7383,57043
11.4833,75.6167,27051
24.7433,78.8306,79106
27.9341,76.8554,24747
24.6388,93.9964,45947
10.7727,79.6368,58777
10.8841,79.1036,16164
22.7983,73.2117,18337
24.3960,71.6258,27954
23.9734,71.8192,18060
10.7852,79.1391,291067
29.9732,76.8321,155152
19.1970,72.9635,1841488
23.0096,74.5775,15756
29.5861,77.4181,33498
22.5742,71.1994,42508
26.4274,88.1311,18348
29.1920,78.8615,39860
27.9126,96.1288,18184
26.6333,92.8000,75540
9.8967,77.2809,16079
16.4938,75.0467,26411
24.9821,81.6419,17039
8.9600,77.3153,70545
10.0112,77.4777,1034724
16.2425,80.6398,164937
11.7481,75.4929,97201
21.0269,76.8389,21146
18.6057,84.2355,28631
15.5344,76.8770,26224
24.9425,84.8427,21324
30.3909,78.4803,27611
25.4904,85.9400,56234
17.0370,74.6017,37945
31.4519,74.9278,66847
13.7095,75.8138,37848
11.0276,79.8542,23191
28.6686,75.0321,32640
23.3338,76.0425,24908
11.6940,77.9703,30222
22.8861,88.0136,30475
28.2117,76.9498,22599
16.7544,81.6814,77962
17.2485,77.5770,65115
28.9762,78.9419,44822
26.5495,82.6584,88073
29.0740,80.1114,16905
11.4413,78.4887,21503
22.3008,87.9259,48646
25.0164,93.4855,19363
12.9246,80.1271,174787
31.9376,75.8866,24752
29.9838,75.0820,20589
30.8558,74.9298,17285
21.5613,74.2124,26363
12.0416,75.3593,72465
16.4731,76.3109,31693
15.4692,73.8328,17148
18.7350,73.6756,56435
20.9493,85.2335,40841
10.8846,75.9309,35820
21.3527,72.0352,29948
22.5887,88.9325,40113
22.1291,81.8696,19968
25.3224,73.0049,17285
29.1624,78.4846,17529
14.9083,78.0103,108171
16.8147,81.5272,112655
16.4833,80.6000,64149
20.8435,70.4832,26132
23.9467,76.0883,16432
17.1405,79.6205,111729
25.4639,82.4192,19157
22.7271,71.6486,179628
29.3215,73.8998,70536
21.1959,72.8302,4591246
8.9757,77.4192,35272
23.2135,82.8684,20189
28.3101,75.7327,21666
26.1153,86.5951,65437
24.3707,75.9571,15840
31.5352,76.9050,25338
22.1167,84.0333,45036
30.1288,75.7994,69069
34.2307,74.6472,15041
12.5610,75.3874,19958
13.7000,80.0167,38065
11.0243,77.1256,27909
31.2147,75.1960,16877
26.2579,82.0727,110368
24.6461,76.0417,22319
27.7000,74.4667,183808
29.0284,79.0565,28941
9.5127,77.6337,75396
18.0459,73.0155,15279
8.6293,77.9128,15847
16.0722,78.8682,24142
17.2665,78.2554,19550
12.9676,79.9420,24864
13.3391,78.2117,26793
34.0857,74.8055,1206419
30.2224,78.7834,20216
27.4660,75.5974,31366
29.8404,73.4552,21604
18.2989,83.8975,137944
28.0962,74.0087,53294
20.5961,75.6176,23320
27.8906,78.7462,28683
21.2785,86.6883,32531
19.7608,84.4300,15117
34.2867,74.4723,71292
22.9717,76.3467,16545
28.9948,77.0194,289333
21.1697,73.5636,26515
20.8333,83.9167,20770
19.0259,76.4739,15765
22.4382,88.4321,424368
27.0246,95.0163,19810
23.3052,87.4134,28334
18.9442,84.5845,18778
13.4911,75.0665,22137
30.9091,77.1087,40283
22.5388,72.7198,19403
25.9249,73.6663,43023
28.2474,77.0654,36552
22.7005,78.1952,25040
25.6515,72.4224,22067
26.2210,84.3561,135066
9.4500,77.7980,234704
11.1203,77.7881,16779
9.3446,77.4291,23040
9.8470,78.4836,42785
23.9081,87.5277,64659
28.9293,79.7044,24225
27.5619,80.6826,164435
26.5936,85.4906,67818
27.1465,83.7580,19939
29.4139,77.4689,15837
18.8276,74.3748,37111
11.3214,77.0052,20066
15.6300,76.8922,52492
18.3886,78.8105,83186
28.6392,78.6430,22549
14.6207,74.8355,62882
27.0572,78.6866,29034
29.5349,75.0290,182534
24.1031,77.6906,52460
24.8884,72.8479,39229
26.5150,77.3721,17988
11.2372,79.7358,34927
30.6432,76.3842,60847
14.3807,75.2501,16864
13.7416,76.9043,57928
19.8451,73.9987,65299
22.8092,88.2294,19402
15.2305,80.0279,19400
10.9990,77.0324,31239
19.9536,76.1264,16434
15.7698,76.7558,75837
16.9188,76.2337,37226
31.1044,77.1666,173503
21.6281,81.7038,16027
22.6152,84.5021,42944
20.2739,72.9967,98265
23.3026,78.4408,18623
20.3030,75.6528,58230
24.8273,92.7979,178865
25.0836,85.4280,25674
27.6121,75.1400,244497
27.6886,78.3799,42229
26.0433,84.0530,24177
28.4523,77.7000,73379
22.4322,69.8416,28814
23.7762,86.3303,31537
23.4871,80.1040,44048
21.7113,71.9618,54547
13.3890,77.8644,51159
24.4038,81.8795,54331
27.2820,80.8345,22193
18.1048,78.8486,66737
23.9178,72.3721,61867
26.9843,94.6378,62104
22.8333,88.3667,441956
33.7172,74.8341,16360
23.4067,76.7098,51225
12.4226,76.6844,25061
22.7528,88.3422,226317
18.6153,74.6989,31134
16.5210,76.7574,51398
10.7618,76.2708,43533
13.1181,79.4202,30856
17.6715,75.9104,997281
25.4238,77.6622,179977
28.7293,79.3147,23471
21.3482,74.8804,76905
15.2335,75.5800,17610
19.7662,74.4774,36004
13.9316,75.5679,322650
25.5689,91.8831,143229
26.7100,88.4285,515574
27.1080,78.5866,99678
28.2807,78.0141,34649
14.2698,75.3564,36015
14.9905,75.2250,28207
9.6858,76.3400,45474
29.3270,78.5743,57361
24.5595,84.7916,40666
25.6647,76.6962,71951
26.5139,85.2934,28116
25.1392,73.0678,28053
8.9774,77.2463,26823
22.9508,73.6312,19175
20.7932,76.6992,59672
23.2472,88.4330,149983
27.5371,79.4380,25266
27.0172,78.1236,31009
29.4497,77.3096,97966
24.1882,75.6390,24637
23.4264,76.2777,69263
25.1399,85.8410,62927
27.3912,75.9596,33895
25.6209,74.9249,29259
29.3501,77.5516,18874
25.6029,84.4041,17767
21.2374,76.2256,19719
16.6960,76.8422,53366
27.8817,79.9092,320434
28.5502,79.3176,16064
24.3136,79.1181,16300
26.0496,82.6842,26510
23.2936,81.3619,89289
21.5454,74.4711,61376
30.1678,76.8705,42607
28.5668,79.0096,34962
27.6431,79.9402,73606
17.1307,76.9436,52952
28.9091,75.6147,19143
9.4056,77.4784,20228
23.2931,92.8468,21158
17.1786,77.2900,39341
22.4505,77.4665,30100
22.3939,79.5424,15371
22.0850,79.5504,102343
26.1542,78.7812,23140
29.2090,78.5884,46546
21.5249,78.2835,21748
21.6856,75.0962,56485
11.2811,78.2342,19750
23.2000,77.0833,109118
17.5043,78.5426,204182
22.5493,71.4832,15376
26.0230,76.3441,121106
22.5619,73.2232,18467
21.1505,75.8894,20584
14.9733,75.3372,40567
15.9041,73.8219,23851
21.6558,78.7967,27459
15.7661,75.1178,41215
11.5053,77.2383,37816
9.3559,77.9246,31856
16.3938,80.1522,56721
24.5773,80.8272,282977
17.6859,73.9933,120195
20.5948,74.2030,37701
18.3435,74.0310,31821
24.9494,84.0165,147408
25.7557,75.2229,20000
22.9830,72.5020,30341
29.6922,75.2361,19219
29.1455,77.6143,49857
28.4406,74.4910,95911
28.4940,79.0918,20923
23.5665,76.4731,37435
21.3153,83.0063,20043
26.0270,82.9184,17849
25.3789,81.5104,17443
21.3851,78.9215,32498
22.9742,75.8271,16150
22.5500,88.2251,27523
16.2565,74.4819,34637
9.1705,77.5411,57277
30.2451,75.8449,88615
17.4395,75.1938,34321
24.9271,76.2865,21846
16.8544,74.5642,601214
29.7989,74.4668,38638
17.6248,78.0867,72344
19.5678,74.2115,67309
15.0861,76.5469,37431
27.0699,80.5150,53182
27.2887,79.9519,25008
15.3779,73.9035,21923
24.7536,71.7728,32875
22.1739,76.0699,38740
30.3018,76.4579,21201
22.9923,72.3818,95890
25.8435,78.9068,21582
30.8360,76.1932,19678
28.7772,76.7716,20563
25.8130,72.5788,17915
8.9986,77.3876,16709
26.9081,75.1914,22828
28.5850,78.5696,196109
21.4653,83.9757,189366
32.5624,75.1199,26893
25.8622,85.7795,67925
30.1539,76.1985,54072
17.0568,82.1764,56864
29.2355,77.0127,39710
28.5350,77.0908,17076
18.5172,83.2055,50206
24.1352,74.0444,16557
11.6538,78.1554,917414
22.3104,69.6038,33246
22.0266,82.9609,21955
20.9910,74.3148,21764
12.9412,75.7847,24931
13.0033,80.1961,43795
23.9483,87.6804,43221
19.4551,76.4407,46915
22.4918,92.9814,25110
25.5375,83.2238,22904
26.3083,84.9270,23224
25.2443,87.6348,95890
27.7960,78.8337,22201
28.0723,78.7508,60953
29.1212,78.6227,24452
25.8750,86.5961,156540
29.9679,77.5452,484873
23.6795,74.0201,29439
26.7639,84.7434,38815
23.8388,78.7387,274556
14.1650,75.0290,54550
26.7378,80.3435,24801
29.4060,76.6704,34728
25.1855,73.4529,27390
17.6193,77.9526,47920
16.5587,74.5321,23790
27.4382,78.0376,36093
21.0872,72.8815,28102
26.2492,77.4079,40333
25.7536,86.0260,28781
26.4900,79.9011,15908
30.9690,76.5269,56038
26.4447,83.6130,30873
29.8663,77.8912,103894
15.6994,75.7341,23311
28.8945,76.5892,374292
18.4369,73.1196,90000
12.9563,78.2754,162230
24.6886,83.0678,37855
19.9767,76.7880,34136
22.7239,88.3456,117014
30.1078,78.2926,66390
27.3636,75.5684,26139
28.6947,79.5228,19459
28.1990,76.6183,143021
24.5326,81.2923,235654
25.7898,84.6360,39039
16.0184,80.8296,50866
25.8509,84.3778,23819
24.2164,83.0358,62413
13.6514,79.5126,26031
21.5280,86.8716,33378
23.6372,79.0627,30329
18.4491,83.6596,42197
16.4918,74.7739,18736
19.1713,83.4143,71208
14.6997,76.8524,61749
14.0572,78.7506,91234
27.5561,77.7897,20008
26.9798,84.8507,55536
29.2672,74.4029,35102
24.9298,75.5921,37699
21.2476,76.0351,27039
22.2250,84.8641,273317
23.4204,85.2146,22379
16.9915,73.3102,76229
23.3303,75.0403,264914
29.6903,75.5769,37152
25.5947,79.5666,61728
22.2866,82.1682,24636
28.0814,74.6185,71124
25.8576,83.8549,31876
11.4601,78.1864,50244
17.7331,83.3162,1728128
23.5727,70.6472,28407
22.3516,71.7118,16944
25.2503,79.0620,18820
12.9247,79.3333,264330
29.6408,79.4323,19873
23.6164,87.1306,131261
14.6224,75.6295,106406
29.5245,74.8369,25123
26.4493,91.6136,27889
26.8377,92.6688,18739
23.3432,85.3094,1120374
21.6873,69.7448,46018
23.1762,88.5667,70984
21.3956,79.3273,23404
24.1774,87.7827,53468
30.2560,75.2412,45639
24.4670,75.4400,18495
29.8062,77.4525,26257
28.8101,79.0270,296418
21.0735,84.3410,15379
29.3925,79.1283,51244
27.1637,84.3234,48411
25.2691,83.0297,44277
22.8282,87.6089,18318
18.8008,79.4521,452261
28.1710,74.9797,33024
27.2510,75.1789,29834
23.6303,85.5216,88781
24.6465,75.9433,41328
9.2885,79.3127,44856
15.9458,75.2978,34800
13.1009,79.1841,31169
9.3716,78.8308,65314
12.7218,77.2815,95167
16.8364,82.0287,43657
19.7795,79.3646,29668
21.0385,71.4434,38489
25.0714,73.8798,67798
30.4786,76.5928,92301
22.3039,74.3557,28498
21.9402,75.1361,20947
21.8667,73.5000,35392
21.0969,81.0289,163114
25.0530,87.8305,22514
22.2916,70.7932,1390640
18.8667,73.9000,25146
25.0283,85.4208,41587
28.6420,75.3861,59193
27.2373,76.6224,26953
24.0083,76.7325,29726
22.6782,74.9448,17113
33.3753,74.3092,29486
24.6449,85.5003,30170
9.4530,77.5533,130442
14.1954,79.1590,54050
28.0285,74.4744,27419
26.8980,78.1710,33666
17.0052,81.7778,376333
29.5358,73.4492,29626
23.3303,77.7811,44162
30.3110,78.0898,27702
26.0426,74.0237,17537
21.2333,81.6333,1027264
30.6500,75.6000,28734
21.8976,83.3966,150019
25.6128,88.1245,170252
16.2055,77.3557,234073
19.3907,74.6498,38813
31.0527,76.1191,15676
17.5921,74.1997,17633
23.7897,78.3947,31537
19.7166,74.4811,22335
23.5388,86.6735,22802
24.4432,77.1977,63873
24.8176,84.6345,35536
26.2309,81.2331,186433
23.8324,71.6047,39558
16.4757,75.1106,73835
8.8811,76.5847,367107
11.4381,75.6931,71873
25.8564,87.5384,30421
31.8220,75.3766,23632
13.4419,79.5531,54092
12.7598,75.2017,53331
26.4902,74.5521,21626
19.9127,77.5784,73046
26.4576,80.7740,22220
19.5202,84.8851,15366
23.3306,86.3630,122533
25.7789,87.4742,282248
19.1817,77.0257,36433
19.7982,85.8249,200564
28.5128,80.1483,39988
25.1426,86.9797,30829
26.4708,85.7031,15129
11.3516,77.1667,18967
13.3667,78.5719,54746
18.5196,73.8554,3124458
29.7610,76.5603,33484
22.2351,76.3933,350000
9.0196,76.9226,47263
27.8637,77.2043,24734
33.8740,74.8996,20071
9.1749,77.3980,66034
14.4214,78.2250,65706
20.7220,78.3206,35238
26.2237,79.8374,22555
11.0740,78.0209,23408
10.6802,76.6836,17892
10.3813,78.8214,117630
14.7502,78.5481,177797
24.0322,74.7816,42079
11.1098,77.9888,18455
11.6661,92.7464,112050
26.6744,78.3708,39669
21.6422,69.6093,152760
13.0489,80.1149,60607
16.0655,80.5520,57170
13.3387,80.1949,31025
10.7669,75.9252,105512
11.9338,79.8298,657209
15.4034,74.0152,22664
12.5122,79.1240,28123
10.6583,77.0085,90180
17.2475,81.6437,43710
19.6939,84.8140,23119
26.9201,71.9163,23554
15.6064,79.6149,31145
29.5835,80.2095,47571
17.1168,82.2528,54859
25.2084,78.7516,26883
25.3322,84.4045,33785
12.3350,76.1007,16685
9.8667,76.5000,28254
19.7937,75.5352,23047
26.8274,83.5263,15856
20.1136,85.8315,17623
22.7570,78.3550,48826
26.3844,73.5439,36810
30.7987,76.9182,35912
24.7975,73.0550,24487
26.8849,78.3765,19511
18.6229,73.8070,1284606
28.7127,77.6560,74212
28.6312,79.8044,131008
29.4496,74.1009,37288
13.6558,78.9385,41489
28.3672,75.6035,29741
27.6199,80.2034,30369
16.4793,79.8863,63103
25.1756,78.1886,18127
25.5490,82.0895,22886
26.8740,75.2417,26091
20.4810,84.2306,37371
16.2908,80.2623,17335
31.0189,75.7911,24688
25.6667,94.5000,15118
26.5989,79.4644,16675
17.9911,74.4318,53202
27.1310,72.3683,49914
29.1882,77.8300,18545
31.2245,75.7739,100146
23.0110,74.7977,15174
22.4768,72.7999,55330
23.2631,72.6739,23497
11.2756,77.5879,24930
10.1154,76.4761,27105
11.1525,76.9516,25930
10.1227,77.5437,42976
10.9772,76.2254,49723
10.2904,79.2016,22084
12.9343,78.7189,51271
11.2333,78.8833,49648
14.0829,77.5947,20220
16.6536,81.7455,23654
12.1343,77.8953,17480
11.4039,79.2416,19494
18.7373,73.0960,37852
29.9790,76.5825,39101
17.0770,82.1384,49477
18.6136,79.3744,41171
11.6510,78.5087,17678
16.2558,81.1438,30721
12.0935,75.2025,72111
28.0663,80.1030,25708
14.0995,77.2802,32063
30.1529,78.7771,26514
20.7923,79.6364,23450
20.4609,76.9373,21747
10.4236,79.3195,73135
9.1774,76.5011,23460
31.2809,74.8585,40976
34.1613,74.5563,19538
10.8001,76.1841,28632
23.6651,85.3035,32899
20.7083,83.1326,21024
25.5941,85.1356,1684297
30.3362,76.3922,446246
19.2588,76.4341,37648
23.8992,79.1939,21026
23.6658,86.4317,45276
19.1728,75.1743,27211
32.2748,75.6529,174306
9.2667,76.7833,38285
22.5566,83.4635,16613
28.3255,76.7786,20418
17.5333,78.2645,46821
23.8507,72.1296,133737
20.5781,86.5606,36528
28.0663,95.3268,25581
22.8441,82.1982,30928
26.8860,74.7660,15405
18.7839,83.4257,53844
10.1477,76.2300,31503
19.5993,76.2154,35883
20.8810,75.1194,37666
18.8506,76.5316,94863
11.0167,75.8667,22766
28.9784,77.9342,18990
20.5087,72.9457,28495
19.2686,76.7708,307170
8.7947,76.6680,38946
8.3387,77.1542,34096
22.1913,78.7590,42786
9.5463,78.5907,95579
18.7762,84.0950,87152
20.3164,86.6085,85868
11.9566,75.3403,35134
10.9269,79.2706,17548
30.4367,77.6246,25183
18.9888,73.1101,195373
24.1951,75.0060,15070
11.7766,79.5527,60323
24.7209,80.1877,59091
9.0080,76.5202,29139
29.3875,76.9682,295970
22.6909,88.3740,378705
23.0749,88.2864,28205
21.5956,78.5263,45479
17.6792,75.3310,98923
20.0211,78.5463,31094
12.5009,76.6742,20399
22.2249,81.4099,16165
15.4957,73.8262,70991
8.3220,77.5771,29895
23.2854,79.9951,27932
15.0963,79.4117,20000
34.0151,74.9189,21680
9.2790,79.2109,30926
28.1447,77.3255,131926
17.6018,80.7051,75224
10.4503,77.5209,70467
13.2000,78.7472,54035
11.9399,78.4016,26492
12.9052,78.9427,23067
12.9680,80.1502,233984
10.7206,77.8795,30624
10.9917,77.2863,42225
18.6037,83.7557,29378
21.5252,71.8231,64497
28.4321,80.5814,38547
25.7728,73.3234,230075
23.3645,81.0437,22324
10.7732,76.6537,132728
19.6969,72.7654,72335
25.0201,79.2282,17493
18.7726,84.4101,65833
24.1713,72.4383,141592
16.5167,81.7300,81199
12.3070,78.0702,20959
24.6393,87.8424,45840
13.4490,79.1149,24680
19.4751,75.3856,41536
28.1722,78.0638,18854
26.9040,83.9809,47181
22.2398,73.0845,46660
21.0000,83.0667,17625
8.2446,77.3258,21342
13.2004,80.1761,23819
29.7089,73.6254,18454
20.9993,83.0632,16387
33.4666,76.8849,25000
27.5123,82.6430,15056
20.6673,75.3530,59609
23.7098,76.7339,27396
10.7735,76.3776,53792
18.1816,76.0389,112085
25.9902,79.4533,158265
15.5036,80.0445,208344
11.7410,78.0456,16279
22.4676,69.0700,62052
20.0947,73.9282,51297
22.6210,73.1172,23250
24.4186,82.9880,56110
16.7885,80.8459,58590
29.1496,78.4084,39077
28.1030,77.0014,16260
19.2311,82.5483,1220946
26.3500,92.6667,121628
25.0614,79.4412,40580
27.2352,94.1036,59841
26.1975,91.7202,17516
25.5170,91.2648,28742
25.9023,91.8769,17055
27.5616,73.4714,62699
29.1829,74.7706,49835
22.1609,85.5042,17954
18.6715,78.0988,311152
29.6923,76.7546,17438
26.3140,86.5854,20189
19.0968,78.3441,88433
16.3990,74.3829,62865
27.7398,75.7865,36231
24.6217,74.6800,61949
20.0576,86.0044,19289
26.1500,74.0009,20424
29.8367,76.9319,17938
12.2595,75.1352,25405
18.1167,76.7528,36172
11.2727,76.2257,46366
10.1650,77.8502,22197
21.4624,86.7679,17264
29.3242,78.3872,48389
16.9057,81.6722,44173
27.3125,83.7253,17567
23.5380,93.3732,32734
8.3985,77.0859,88104
11.6088,79.4994,179150
28.6214,77.2148,317797
19.0248,73.3169,18429
20.4897,77.8663,29302
21.4538,76.3933,32611
14.4499,79.9870,547621
18.1562,83.4473,20498
11.7755,79.6702,46678
13.0998,77.3936,37232
8.6027,77.0014,60161
8.5610,77.9721,16584
13.9074,79.8946,45769
20.1288,85.0963,17030
31.1245,76.1161,46024
20.9717,81.8588,29315
27.8516,75.2738,63948
26.3607,75.9184,37765
24.8867,85.5436,98029
28.5410,79.6346,34134
26.9313,81.1984,79246
26.8640,82.1410,17015
27.0195,75.0023,22088
20.9424,72.9247,171109
21.1616,73.7940,34207
15.5588,75.3530,24613
23.4067,88.3686,111123
27.4275,83.4179,32587
25.3881,87.0991,49069
25.4986,84.9608,25011
10.2278,78.2297,23660
24.9381,73.8239,42016
17.8989,74.7522,17930
22.6837,77.2707,23788
25.0514,84.3284,23819
18.8458,79.4617,31244
26.3047,74.7336,51747
19.9973,73.7910,1486053
25.6439,77.9129,19385
29.5990,76.1193,62090
17.6671,82.6124,33757
23.7076,77.0932,32329
22.9494,79.1836,59966
17.9279,79.8923,30963
20.2735,72.9417,16260
29.2205,76.1428,17242
28.0444,76.1083,74581
21.4723,78.5341,21127
27.1038,84.4618,49507
15.7230,75.3867,36291
28.8527,77.0929,800000
15.5732,75.8080,17403
16.7480,77.4954,41752
18.0341,77.7728,15610
30.4780,77.1280,22832
13.1913,80.1847,20946
28.2015,78.3872,22432
28.4855,78.7148,17945
16.2349,80.0493,117489
16.4342,81.6984,59306
18.4143,84.0446,26280
10.0383,76.2221,23760
19.7179,81.2444,22106
25.1903,80.4750,15077
26.7907,75.2061,17048
27.9606,73.5591,21750
27.8646,81.5004,46280
12.1176,76.6840,50598
28.6796,77.0680,205596
31.3897,76.3757,48497
15.4780,78.4836,211424
21.3667,74.2405,111037
20.8342,76.4592,44419
15.8567,78.2657,45343
16.7717,80.2860,38219
20.3068,74.6550,24209
19.1602,77.3150,550564
29.7122,77.4173,18738
27.1940,95.3193,18432
11.3581,77.3212,16379
11.2213,78.1652,55997
11.4551,78.2682,22098
23.8360,76.2432,16690
24.2970,87.8290,25878
17.0544,79.2671,154326
17.8167,76.2818,18341
26.4394,91.4404,27839
29.9196,77.3044,23084
26.6827,88.2200,57283
17.1626,79.4275,29126
31.1259,75.4751,36973
29.6119,78.3427,84006
28.6092,76.9798,1365000
25.7715,75.8498,19485
22.4300,80.1056,24914
29.3974,79.4469,42309
22.8940,88.4152,253221
27.2860,95.3280,18937
30.5603,77.2943,28899
21.1463,79.0849,2405665
24.5692,80.5881,22568
29.4443,78.4365,76593
8.1790,77.4323,224849
23.4583,75.4176,103501
27.2020,73.7339,105218
16.4821,78.3247,29439
13.3214,79.5856,62253
27.4240,77.0992,25572
10.7638,79.8431,102905
12.8194,76.7546,17776
13.3884,79.7962,34026
11.4877,75.7751,25979
22.6939,72.8616,225071
27.2229,77.1957,26411
11.6846,75.6549,40230
24.6068,84.1262,23984
30.3758,76.1529,67972
12.2979,76.6393,920550
26.1226,85.3906,354462
29.4709,77.7033,349706
9.9849,76.5773,29664
10.3950,79.4935,21722
30.4550,78.0707,25753
10.9530,78.4443,30209
22.5114,86.4571,32761
23.8378,80.3940,221883
20.7330,77.3669,40295
24.1839,88.2717,39557
25.8969,86.9958,28691
30.7901,76.4988,24022
19.2539,73.3899,18725
28.7807,77.4986,89482
10.0882,77.0624,68000
25.3746,86.4745,213303
22.0657,81.6854,36450
24.4084,78.0959,26192
27.0631,73.8230,17465
22.8392,69.7219,20338
14.9714,75.0366,18866
15.2068,75.8839,24919
21.7746,78.2576,29976
13.0910,74.7935,17274
15.2807,75.5213,18928
13.1635,78.3935,57276
11.7979,75.4511,23709
10.7943,77.7115,15223
20.0699,79.6783,25449
30.4743,74.5166,116747
18.7064,77.3679,28647
31.9539,75.6172,29841
27.3089,79.4325,22151
26.0340,83.3811,24146
25.6191,83.7558,33186
25.2831,83.1197,98043
19.1566,77.5030,23517
16.3335,75.2831,52199
16.0119,76.4420,22731
16.3378,76.1317,34217
13.0665,74.9952,30632
26.0887,83.2909,53263
26.6486,84.9166,126158
22.9047,73.8391,20168
21.3403,78.0126,37333
26.4989,77.9953,200482
22.8173,70.8377,210451
26.2264,78.2248,48464
17.7881,76.4708,18371
28.8389,78.7768,721139
26.7358,95.0584,26328
26.3248,94.5183,35913
25.3966,85.9219,60678
24.4975,93.7779,19893
30.8138,75.1688,163397
23.4625,73.2986,67648
27.4314,80.5316,15007
25.1449,82.5653,220029
16.8722,79.5625,104918
28.5401,79.2082,15335
28.0296,79.6678,29626
29.2903,77.9494,27390
13.2795,80.2582,28337
28.6103,79.1700,28505
26.2837,78.9805,16935
22.5589,75.7654,81702
17.6336,74.7877,24120
11.7880,77.8008,56743
11.2997,76.9348,69213
26.6486,74.0341,46070
11.5579,75.7596,15768
21.3211,70.4408,17166
23.1765,88.0975,44448
10.0324,78.3393,40017
26.3557,85.0925,25995
26.9758,83.1099,25495
20.1505,76.5684,45248
28.9800,77.7064,1223184
22.4211,87.3226,153349
17.6297,78.4814,35611
18.0453,78.2608,46880
11.1035,79.6550,86660
24.6100,93.8887,24239
12.9095,92.9035,23912
29.1029,77.9220,76973
11.2667,75.9167,29781
9.2593,76.5564,28300
30.0833,75.2500,31849
24.6672,81.8734,26420
25.6831,80.1142,37844
25.6952,81.9234,20123
26.2658,78.6711,20147
25.9417,83.5611,246050
12.6980,77.8083,23129
11.9302,75.5715,47078
27.5035,77.6722,330511
26.3420,89.2155,22642
25.3542,85.0319,59803
15.3891,73.8149,102345
15.7353,79.2685,71092
26.6573,94.3153,23640
25.6040,82.6038,22248
25.9735,84.8680,29932
27.2848,95.6680,26914
12.1921,79.9419,22034
10.2764,77.1620,25000
27.7368,78.5689,18873
15.5915,73.8090,40122
19.3013,76.4973,32488
15.9913,77.0503,46465
18.6509,79.6650,15661
29.9884,75.4017,82956
23.4256,72.6574,30347
27.2977,75.9495,28928
10.6663,79.4506,66999
10.9922,76.4642,50921
20.2533,74.4376,80058
25.5335,89.8637,31091
19.1551,76.2099,49453
25.5305,81.3757,16939
11.1202,76.1200,97102
13.3500,74.7833,34370
30.7140,76.8382,15489
25.3389,87.6200,26629
25.9855,84.1723,20462
20.3138,77.3418,30983
25.3306,76.5097,25073
21.1227,70.1148,69779
29.7909,77.8784,46395
17.5105,75.4471,21824
12.9172,74.8560,499487
26.4421,92.0305,25989
16.4308,80.5682,107197
25.6460,84.8729,40068
12.5223,76.8975,137358
22.8328,69.3524,51376
21.2553,73.3041,18669
24.0718,75.0699,141667
22.5988,80.3712,55133
29.9663,74.7002,52873
31.7119,76.9327,28217
29.4866,78.1273,21339
28.0554,75.1483,23335
16.8625,81.9292,56063
9.2757,79.1236,18427
25.1941,75.0721,21569
25.4413,74.5698,23478
18.8707,79.4286,89935
19.0044,73.9435,18876
22.2357,75.0892,30393
21.4981,70.1377,30850
24.4776,75.1410,26551
10.6077,78.4258,40510
9.6732,78.4710,32257
13.1667,80.2667,35248
12.6209,80.1933,15172
16.0598,73.4629,18858
13.0032,77.9380,40050
26.2838,75.3646,36028
13.3496,74.7039,23496
11.4933,78.0312,18820
20.8855,76.1993,67740
18.3643,81.8880,31007
23.0930,70.7588,15964
26.9222,80.7108,16649
30.5309,75.8795,135424
20.5497,74.5346,481228
12.3856,77.0605,38129
30.2112,74.4818,81406
11.0420,76.0815,101386
27.9521,75.2243,18469
27.4865,95.4365,16923
23.2600,76.1457,20094
27.0436,74.7245,94487
24.3243,83.8161,18349
26.2322,84.1635,23565
27.2286,79.0288,94619
26.5626,88.8204,29459
24.2659,80.7606,40192
27.0459,76.9315,24846
21.0901,71.7690,98519
22.8208,72.9403,17722
27.6637,80.4737,19343
25.2905,79.8753,89170
27.2919,81.1178,45921
22.1862,87.9807,17988
26.4947,78.6159,21335
22.1759,75.5871,24411
23.5986,72.3847,190753
28.2693,76.1525,29128
22.8236,72.7555,35368
11.7017,75.5347,41816
16.7438,77.9860,190400
17.5973,80.0021,42851
21.1074,82.0948,54413
27.1446,83.5621,30548
26.1102,84.5036,24282
28.9691,76.2950,20484
16.3888,75.1087,36055
18.0833,73.4167,27536
26.7559,83.1277,17011
12.9571,77.2237,27605
12.5117,79.8849,30796
9.9190,78.1195,1465625
10.4810,79.3994,16266
10.9057,76.9634,30357
13.0878,80.2785,4681087
12.4260,75.7382,33540
22.6894,88.4459,161126
24.2742,86.6393,55238
13.6603,77.2124,29159
26.3537,86.0717,75736
26.4386,85.1357,17510
25.9213,86.7927,54472
15.2750,73.9579,87650
12.5828,77.0429,28754
10.5587,77.3660,20620
13.5503,78.5029,180180
16.1875,81.1389,192827
25.6856,82.4111,25247
30.9156,76.2002,24916
16.4764,79.4353,57290
22.8925,92.7422,57011
23.1284,73.6104,36954
30.9120,75.8538,1618879
26.8393,80.9231,2472011
25.1765,86.0947,99979
27.4000,74.9167,28504
22.2743,81.7018,15156
28.7514,77.2902,516082
18.7527,73.4057,58562
19.9853,76.5205,23416
18.0404,74.1872,18723
23.4331,84.6799,57411
20.3898,78.0903,22664
16.1588,76.5217,35411
22.5651,71.8108,42769
24.0598,77.4086,15519
34.1650,77.5840,37475
22.5325,92.8990,20830
18.9448,77.1155,24125
29.1109,77.7777,19556
25.1396,80.0011,22002
30.1939,75.6809,21880
18.3972,76.5678,382940
21.7231,71.3884,22745
23.7442,84.4998,26981
20.1427,74.2395,17360
26.2039,83.9691,26688
26.5595,76.3291,34363
22.1907,69.9635,15076
24.6901,78.4192,126475
10.8742,78.8194,23740
24.4224,88.2524,28442
25.9318,81.7048,23728
25.8689,85.1739,37098
15.1269,75.4694,36754
29.7587,78.0415,19270
23.6667,86.6667,33162
22.6005,79.6009,17302
26.0300,90.3061,15633
27.9482,80.7793,140223
25.6724,76.1769,29572
27.7083,80.9026,55911
26.1940,78.9414,35674
29.9935,77.0456,28887
27.6531,74.3999,65575
27.8229,75.0275,53392
8.3179,77.1919,21307
11.8277,75.5659,29619
10.8425,76.0308,25750
10.7199,79.5157,25423
10.1503,76.7354,25436
11.0743,79.5622,16125
21.6241,69.9849,16877
9.8000,76.3333,23669
15.7562,76.1911,24878
12.4580,75.9590,15326
15.8289,78.0360,460184
11.5503,79.5907,39514
18.0934,75.4157,23131
16.6832,74.5889,22372
30.8342,76.5768,31060
12.7493,78.3419,21963
10.6467,76.0670,63903
11.3046,75.8777,47396
13.0232,77.0252,34155
21.3422,71.3063,76809
15.2561,75.2473,18726
28.6830,78.7856,27197
25.7170,81.5140,24948
14.4285,74.4189,36719
27.3166,77.3708,23540
21.2667,81.5167,38334
24.3734,77.0484,19707
10.9621,79.3912,167155
31.9583,77.1082,19831
23.7317,86.8437,305405
25.3201,79.6393,18976
10.9349,78.4125,27910
33.6446,75.0192,23584
8.3632,77.2978,17267
22.2068,74.7579,28331
17.4849,78.4138,341709
23.7254,85.5102,21356
14.9050,76.3853,26680
16.0115,73.6887,16015
16.6278,74.8541,23154
26.9875,73.9711,23468
27.1474,74.8565,61969
22.2667,86.1739,34929
12.6662,76.4877,25946
12.4398,76.3828,35805
23.4058,88.4907,145926
12.5192,78.2138,71323
11.2480,75.7804,550440
17.4000,73.7667,28091
17.0162,81.7293,40379
14.5005,79.9852,35600
9.1717,77.8699,95057
14.8244,76.2201,26289
11.8252,75.5478,19176
9.5869,76.5213,55374
9.0036,76.7738,29788
11.0009,76.0062,44382
17.5511,80.6178,79819
27.7021,76.1991,49202
23.2038,81.9790,31756
30.5806,74.8261,91979
22.2344,70.8190,53794
16.3800,77.9400,19042
29.7461,78.5222,27009
19.1426,82.3254,16326
10.0643,76.6284,38837
11.4207,76.8603,28848
25.1825,75.8391,1001694
22.2951,82.0237,18405
15.8551,77.2446,15455
27.7945,77.4368,52492
21.4620,72.9584,33221
24.1177,78.0401,15136
18.6457,74.0591,25846
17.6991,74.1625,24690
22.3458,82.6963,419146
18.8215,78.7119,66504
13.5220,77.2373,15265
18.8120,82.7105,47468
15.3452,76.1548,70698
19.8824,74.4761,65273
26.0192,83.5663,33539
16.2014,74.7489,19386
22.7051,88.3445,76082
11.1423,75.9657,28794
16.6199,80.5424,38714
19.5908,81.6640,30921
25.9945,79.1513,52773
19.8902,86.0976,16834
9.8475,77.2960,15960
24.2239,92.6787,25000
12.1545,77.1105,57149
16.6956,74.2317,549236
25.2193,77.6117,19781
13.1377,78.1300,138462
8.1794,77.2582,23227
26.4011,90.2729,34136
25.6747,94.1110,99039
25.5805,84.7975,25494
10.2326,76.1951,60190
16.8764,74.1909,17537
20.7939,70.7022,41492
24.4675,85.5940,24633
16.9985,79.9656,64234
10.2393,77.4893,36501
21.7436,84.3485,15576
26.3254,89.4451,78737
25.3264,84.2598,18890
10.3007,76.3376,49525
28.8668,77.9386,25262
33.3135,75.7673,20553
27.1577,75.3581,29201
26.5901,74.8540,154886
26.1022,87.9553,105782
29.5067,78.2061,60223
27.1377,77.7852,21024
11.6910,79.2873,23734
19.6256,78.1987,28454
28.9115,79.5201,34904
28.2031,80.2705,15618
25.4817,85.3849,15731
28.2538,77.8554,105909
20.1827,85.6163,46205
24.0437,78.3301,51108
23.0760,85.2782,36390
20.0067,75.1924,15749
24.0796,91.5997,20046
18.7856,73.3459,71141
22.1673,76.8614,22737
24.0394,76.5780,18928
28.0007,75.7864,18209
21.6712,74.5854,15744
27.9035,80.7975,26327
23.8853,72.6187,21843
28.8659,77.2841,42408
24.0299,73.0463,29402
22.7522,72.6853,25575
17.7189,73.3969,16892
22.9762,86.8546,16484
28.9213,79.9707,15714
22.5957,76.9133,25413
29.2784,77.7330,64731
26.5184,92.1472,18599
21.9895,83.1048,18939
28.8787,76.9107,25051
20.2885,82.7606,15087
21.8229,75.6139,116150
22.7186,88.3781,128346
30.7463,76.6469,74460
18.4400,73.7755,78684
25.1245,86.5558,31385
22.3397,87.3250,219665
21.4224,78.9817,15175
30.7055,76.2220,128137
25.0298,78.1271,15877
21.8243,76.3509,200738
27.6050,75.5020,29044
15.6397,74.5085,19309
17.2477,80.1437,196283
20.7074,76.5683,94604
22.3174,72.6192,99164
22.2068,69.6503,41734
23.2256,79.8801,15019
26.7727,83.0718,45321
20.3833,72.8667,18434
23.6506,85.0074,20010
24.8481,79.9335,25662
26.9435,77.8182,20095
21.4186,80.9794,22564
27.5270,80.7546,42125
27.9419,77.8424,30173
25.5790,85.0456,51577
25.5022,86.4671,49982
18.5635,73.8521,75654
27.1833,83.8833,16350
23.4232,75.2819,34191
25.1241,75.9722,24260
20.1878,83.2195,19239
25.2928,75.9395,24627
21.3033,70.2486,76193
26.3499,84.8709,18984
16.0138,75.5463,19731
21.6318,85.5969,60590
20.5017,86.4223,47006
23.1959,86.5150,15131
28.8067,79.2048,26726
25.9713,75.1499,41890
9.1817,76.5009,68634
8.5714,78.1199,40588
22.0085,81.2315,46657
12.4219,78.2188,15006
14.9163,79.9945,90099
13.2167,80.3167,36617
9.1761,76.5632,19764
23.7975,86.2983,57349
12.9695,79.1455,38833
23.6456,88.1326,78408
21.2739,78.5858,43267
25.5385,87.5704,240838
32.3694,75.5254,59866
21.2885,72.9407,15311
22.8982,72.9928,22071
22.5025,82.5428,22690
23.4412,79.7962,19040
21.7737,79.8051,15321
22.1274,75.6110,22750
18.7593,84.4161,57507
29.2140,78.9569,103138
27.8088,78.6458,99462
12.4984,74.9896,54172
19.6451,73.4743,15611
25.2147,80.9164,23316
14.8136,74.1297,77139
10.9577,78.0810,234191
9.1042,76.5370,25336
11.1093,77.1820,35062
31.4427,75.4985,26701
26.8825,88.2773,46427
28.6514,77.1907,505241
29.6920,76.9845,302140
18.4077,75.1939,23199
13.2143,74.9923,25800
18.9107,73.3235,34554
9.6751,78.0999,18191
18.4392,79.1286,289821
24.8692,92.3554,56854
27.0009,78.9394,26693
34.5577,76.1262,16338
25.4581,78.1358,28705
22.9153,79.0638,29929
26.4983,77.0276,82960
21.7626,85.9732,22865
20.4827,77.4886,67907
22.5424,72.9039,35285
11.2406,76.9601,35166
10.0662,78.7678,181851
10.9167,79.8333,86838
17.2894,74.1818,55663
31.3801,75.3811,98916
25.4053,76.0743,20748
24.8894,74.3167,20869
23.0230,73.0711,49308
29.0594,78.6295,24883
26.2142,85.2975,25051
20.4671,82.9204,21819
27.8105,79.7918,24430
26.4652,80.3498,2823249
22.6676,76.7429,17744
8.0901,77.5384,22453
27.0552,79.9188,76714
12.3081,75.1063,125564
20.2568,75.1379,42056
20.2719,81.4918,37442
23.4348,85.3206,17560
16.2661,73.7122,16398
15.4055,79.5069,25045
11.0060,77.5609,32147
15.2154,79.9039,57246
23.0333,70.2167,25845
23.9595,88.0402,54848
29.3210,77.2710,43387
18.8731,77.1923,24843
12.8352,79.7001,221715
12.5465,77.4201,54014
21.2161,79.1973,86793
15.4063,76.6001,39307
9.7365,77.2847,68090
22.6711,88.3747,332965
18.3200,78.3418,80315
27.6579,77.2691,38040
27.2618,79.6313,16222
20.9338,85.5449,16810
22.9757,88.4337,93184
19.2437,73.1355,1262255
16.6640,78.4914,28060
9.1494,77.7057,15423
26.1167,79.7333,44339
11.6087,76.0834,31580
23.2466,72.4951,134426
22.6078,73.4627,25929
23.2194,88.3629,53964
21.2322,78.9199,19578
8.6859,77.4659,26398
11.7404,78.9590,40449
30.8398,76.9407,34134
25.6344,88.3267,51748
27.0706,88.4753,43000
15.1831,74.9710,16917
22.2079,70.3834,28314
29.8357,74.9717,27355
28.8282,76.3955,23319
19.6739,77.3115,24784
19.0444,73.9555,27287
18.5751,76.0219,25713
8.5138,77.5494,30921
29.6766,76.2556,18660
27.8927,79.1945,35690
26.8680,80.7857,18332
16.9604,82.2381,384182
21.8791,88.1913,19368
24.4982,93.9813,32138
29.8015,76.3996,144915
29.3954,77.2054,80432
23.3847,79.7442,20154
27.5544,79.3353,32858
24.3320,92.0039,22405
26.3050,77.6160,25920
16.5515,81.2140,20763
18.7136,76.0672,30704
16.5770,74.3154,34106
13.5528,76.0116,34151
21.2172,73.2197,16747
14.1117,78.1598,89429
10.6705,75.9797,19147
23.2991,72.3336,81404
9.0728,77.3415,90364
22.9600,88.4285,136954
25.2062,82.7144,15381
25.4028,79.9997,24771
19.2081,73.8752,25997
19.8599,82.9339,19656
21.5197,70.4598,319462
24.4349,85.5295,87867
31.3256,75.5792,868929
29.1237,76.4052,18755
22.7767,86.1835,49660
25.4360,92.1913,28430
26.7575,94.2031,126736
26.3421,77.8092,42153
12.5702,78.5732,40959
17.8356,78.0681,18494
26.3990,87.2652,39281
22.7167,70.2833,15788
26.2684,73.0059,1056191
21.9017,70.0327,47329
19.6119,76.6874,44291
28.2163,94.8539,20684
29.3158,76.3150,167592
12.7861,77.6385,17036
25.4374,81.9055,16642
28.1256,75.3980,118473
29.5212,77.2247,19711
26.5609,79.7342,23499
21.8553,84.0070,97730
23.7408,86.4146,86938
22.4538,86.9950,57796
25.4589,78.5799,412927
26.2647,86.2799,31283
29.3361,78.2261,20356
24.5420,76.1724,37506
23.1010,74.1554,28720
23.3654,85.9764,18057
24.5963,76.1650,66919
28.6063,76.6565,48424
24.7711,86.3789,40646
22.7677,74.5909,35753
28.1220,77.5573,29316
17.0139,76.7732,25686
21.7548,70.6235,118302
18.8563,82.5716,84830
26.5905,86.1379,21782
22.1752,88.4201,25922
11.2127,79.3637,33945
24.5992,74.8626,17129
25.7536,82.6869,169572
25.0096,79.0487,17499
20.1597,85.7074,63697
26.8827,78.9026,27777
29.2792,78.8280,42524
24.5138,86.6458,16338
22.8878,84.1386,28301
22.0371,71.2079,48483
27.1629,81.5418,17576
23.6378,75.1271,74907
29.3250,77.8504,19467
22.0092,82.5778,32833
24.4700,88.0766,82548
17.7260,79.1524,52394
31.5620,75.0277,29232
31.1593,75.6175,25631
23.7047,87.0787,160242
21.2500,81.4000,25878
24.9261,86.2253,87357
23.9630,86.8029,29415
22.8028,86.1855,1339438
20.8095,75.7777,46762
22.4729,70.0667,600943
32.7353,74.8617,576198
14.8468,78.3831,46069
18.7352,75.3134,34017
16.5046,75.2915,68938
22.0524,72.8007,43344
25.4112,86.6593,37753
25.3126,86.4889,105434
22.1964,78.5919,22587
23.7167,86.4000,34774
26.5167,88.7333,107832
25.3456,72.6156,54081
19.8410,75.8864,285577
21.0519,76.5346,28276
21.0029,75.5660,460228
21.8018,87.2225,25747
27.4732,78.3031,38614
26.1451,79.3366,55299
26.3116,82.7386,31388
20.9490,72.8983,17325
27.8668,78.2527,18177
30.6062,74.2573,39525
29.6185,77.4391,25302
27.7263,79.6552,35051
11.6978,77.8730,16184
20.8485,86.3373,42157
30.4513,74.8919,37377
26.2045,73.9368,22621
16.7764,74.5536,48510
26.9176,70.9039,67604
26.2649,81.5486,25726
26.9196,75.7878,3046163
25.6199,75.2761,20586
28.4055,78.1059,57363
25.2137,84.9871,103202
18.7947,78.9166,103930
30.7878,75.4739,65305
16.8938,80.0981,41180
25.4681,84.4194,32447
26.7497,80.5451,31029
19.0814,82.0213,125463
20.2557,86.1711,33631
14.5196,76.3392,17257
30.1672,77.3037,124894
20.8661,71.3661,27167
16.7738,78.1367,17958
23.1670,79.9501,1081677
27.2354,78.1983,22697
22.6148,77.7622,100574
27.0869,93.6099,59490
26.2654,88.1898,55691
25.1408,85.2059,35641
28.3290,78.7252,29144
11.0178,77.0628,25691
10.3424,76.2112,29208
11.5593,75.6166,25894
25.0045,88.1457,170039
29.8800,77.0597,17487
22.7179,75.8333,1994397
17.1774,75.9526,38217
26.9352,79.6712,17366
25.9109,78.5619,23045
18.3000,73.2500,26752
18.1153,75.0289,25515
24.8081,93.9442,277196
15.9592,76.1135,60242
9.6251,78.6243,24767
19.6952,73.5626,35461
23.8414,73.0007,42306
11.5862,77.8389,54823
23.0282,77.0173,15221
19.1139,84.6872,36493
16.6912,74.4605,287353
17.3840,78.4564,6993262
15.0205,75.9318,27967
16.1984,76.6604,16278
24.5285,84.0000,29241
12.3036,76.2927,50865
16.0621,76.0586,20877
16.2308,74.6024,22988
22.9088,88.3967,177005
15.3478,75.1338,943788
26.4224,90.9800,18301
12.7365,77.8326,229528
15.2695,76.3871,206167
13.0707,77.7981,56980
31.5372,75.9127,168653
22.7475,77.7274,117988
13.7963,76.2841,28370
14.2398,75.6451,17928
14.2809,74.4450,19109
17.7707,77.1252,44483
12.7864,76.2433,29974
14.0429,76.1850,15783
26.0028,92.8560,36869
27.8920,77.3674,50143
24.8336,85.4173,32585
29.1539,75.7229,307024
13.9445,76.6172,56416
14.4551,75.3952,19191
21.5250,83.8727,30207
19.4817,84.7449,24671
19.7146,77.1424,85103
20.5487,78.8398,101805
13.8281,77.4914,151677
23.9034,79.5686,16001
26.7341,77.0352,105452
23.5989,72.9660,81137
25.3164,85.2823,51052
23.9924,85.3616,153595
14.7935,75.4045,67102
24.1341,79.6012,32465
22.7695,76.2999,17419
27.5955,78.0520,126882
29.1604,78.0076,24093
13.0071,76.0962,155006
26.7469,89.3538,40000
28.7225,78.2844,57481
12.0527,78.4802,25469
22.0995,76.7342,16736
14.7877,75.9886,47039
25.2877,79.3328,18529
9.2836,76.4552,15588
23.6936,71.9070,20253
14.5129,75.8072,83219
29.9479,78.1603,186079
27.3949,80.1316,122635
22.3441,77.0954,74268
28.7298,77.7807,242920
22.5769,88.3186,1027672
29.5818,74.3294,155687
29.1024,75.9625,86770
14.7646,75.1246,28159
25.3638,82.1865,17861
31.6841,76.5251,19280
25.9553,80.1484,34144
23.0152,71.1803,32024
22.5032,73.4724,64265
15.3286,74.7564,24238
22.9322,88.4186,128172
29.2225,79.5286,139497
29.2899,78.2844,18686
26.2452,91.5252,15977
25.6854,85.2098,147688
24.6839,92.5610,33637
25.1648,93.0174,43756
19.4955,77.6586,27433
22.8420,88.6561,139297
25.3327,82.4664,200000
26.2298,78.1734,1054420
23.4928,87.7348,33780
10.5943,76.0411,21416
30.7086,74.4041,17192
25.6168,79.1805,25191
27.1152,79.7317,40214
16.8677,77.3909,20614
28.4601,77.0263,886519
32.0393,75.4032,77928
19.0804,83.8088,28870
16.2997,80.4573,670073
15.1711,77.3624,126270
28.2400,78.4399,20980
11.8100,76.6903,28105
24.6469,77.3113,180935
13.4077,80.1088,18891
23.0427,84.5443,51264
23.7975,85.8252,48141
16.0502,75.7900,33851
17.3358,76.8376,543147
28.5894,77.7932,46647
25.9045,74.6603,27215
12.8452,80.0606,44098
14.1509,79.8521,74851
12.9460,78.8738,93973
16.4355,80.9955,118167
11.5207,76.4814,49535
9.6783,77.2495,47419
13.3122,76.9410,18446
26.6998,89.0256,66358
27.4966,77.4626,20044
26.6555,73.7371,17700
26.6003,78.5119,20841
13.9841,77.7722,24586
29.4477,75.6721,1324570
26.7663,83.3689,674246
19.2500,72.7833,29107
11.4550,77.4422,59523
26.4673,84.4404,67339
15.1184,77.6378,48658
21.4603,80.1920,132813
21.9607,70.8025,112197
27.1318,81.9533,133583
23.8736,86.1516,31495
28.0784,80.4705,58986
26.5117,93.9595,41989
17.2582,81.8499,16389
14.5500,74.3167,25851
16.1690,74.8239,79121
29.1378,76.7025,65708
26.4328,78.4420,58939
22.7755,73.6149,143644
24.8270,87.2125,48480
22.6339,86.0716,27066
22.8774,88.7548,43808
26.1767,90.6263,53430
24.1862,86.3088,114533
12.2528,79.4173,27045
30.1995,74.6663,45370
15.3744,78.9261,35150
19.9381,79.1119,32654
19.7164,73.6282,24838
26.1059,83.5393,39138
26.2799,86.4700,18257
25.5833,83.5853,103095
28.6654,77.4391,1199191
22.5853,86.4768,40624
20.1418,78.3133,21293
26.1527,80.1680,40435
22.6624,87.7340,54658
29.5369,76.9714,37816
23.4102,78.2208,18184
19.2637,75.7501,33562
24.7969,85.0038,474093
26.0833,89.9612,25124
13.6107,77.5174,37947
22.7545,81.9011,18165
26.1844,91.7458,962334
24.1600,83.8076,46059
24.3234,75.6520,15122
21.5389,71.5774,35692
31.2154,76.1415,16955
28.7873,78.1021,37043
20.1806,80.0052,54152
23.7791,79.1432,32726
16.5409,80.8021,19410
27.3257,88.6122,100286
13.6502,74.6707,15200
29.7800,77.2635,59519
15.4313,76.5293,114642
25.4014,88.5298,65316
26.4725,76.7174,120115
25.2195,74.2603,18777
19.6972,75.0105,27745
29.9201,73.8750,237780
18.9696,76.7495,49891
23.2167,72.6833,292797
23.0833,70.1333,247992
20.8121,72.9981,16827
34.2262,74.7748,28233
17.8482,78.6829,24961
28.8457,78.2396,50380
15.7363,75.9698,32359
16.2350,77.7956,63177
16.2229,74.3501,27185
21.9696,71.5783,29872
22.9235,78.7849,47604
15.4298,75.6297,172612
22.5044,88.1833,18350
26.3025,87.2656,50475
27.7885,76.9450,24750
30.9257,74.6131,110313
27.1509,78.3978,306409
11.1799,75.8414,32122
30.4021,74.0284,76492
25.5096,85.3050,50961
27.0937,77.6600,30026
27.9949,74.9563,92595
27.1728,81.2106,34010
25.9277,80.8127,166480
31.8643,74.9566,18051
28.4662,79.3066,23810
29.5153,75.4555,70777
27.0265,78.3027,21957
17.0779,78.2034,45675
27.3913,79.5793,241152
28.2100,79.5415,71783
30.6740,74.7558,87695
28.4112,77.3132,1414050
24.8167,87.9000,21834
26.5196,89.2042,20119
21.1677,75.8601,26602
26.7755,82.1502,153047
9.6690,76.5592,40438
26.7762,79.0213,257448
27.5588,78.6569,100000
14.6385,78.5397,32574
11.3428,77.7274,521891
9.6875,76.7789,34814
20.9221,75.3264,31071
15.7720,77.4835,95149
16.7131,81.1044,218020
10.0667,76.2833,31468
9.8650,77.6992,15746
29.4528,74.6612,37680
17.5491,82.8575,27265
21.8995,87.5379,32832
10.7834,76.0079,32550
22.2394,68.9678,38873
23.5158,87.3080,518872
20.0054,79.3027,18561
21.1915,81.2762,268806
23.8431,73.7147,47706
27.7331,78.9412,46314
25.5526,84.1515,53618
26.5671,85.5204,15778
24.2678,87.2485,47663
27.5688,95.5566,21706
22.6334,88.4229,122719
27.3604,95.3181,28626
23.7452,86.1718,22740
23.7902,87.3765,35087
17.4447,80.1491,15350
30.7995,76.0236,25424
21.1889,80.7546,37372
21.3236,74.5680,46767
24.4748,85.6921,15809
19.2167,73.0833,1247327
13.2945,77.5378,93105
33.1492,75.5475,21605
20.7141,70.9822,23991
24.2561,72.1793,111160
30.0722,75.9961,16952
25.8434,93.4312,61797
26.1353,89.4613,42381
22.9414,81.0798,21323
10.3690,77.9804,292512
32.1366,75.4729,23976
25.9117,93.7217,135860
20.1035,77.7185,44767
18.5483,77.5769,54493
13.2667,93.0000,42877
25.7443,85.0100,32741
27.3932,95.6184,21736
27.4719,77.3256,44999
27.4010,74.5754,53749
15.5932,73.9457,16986
27.4799,94.9084,145488
28.2085,78.2617,37873
22.1927,88.1895,41802
30.3685,75.8679,55225
26.5890,89.0073,41168
24.6813,87.9535,77070
20.9013,74.7774,375559
26.0186,89.9856,63388
22.5670,70.4177,26496
22.9917,71.4679,75578
21.7336,70.4500,84545
15.3952,77.8715,59272
22.7273,72.4413,80945
26.4679,92.4734,20826
20.6574,85.5969,67414
26.7037,92.4781,21579
27.9981,81.0897,20098
26.6929,77.8797,133075
18.8202,76.1094,20417
28.2055,76.7969,30344
21.5533,76.8897,15761
32.2201,76.3201,30764
30.9456,75.2324,19057
14.4144,77.7203,121874
12.1277,78.1579,68619
24.3667,92.1667,40595
11.7754,75.4646,30804
18.8912,77.8494,33741
31.9562,75.3239,20604
21.3285,71.0264,29346
19.0500,72.8667,700000
10.7383,77.5322,72291
21.0119,75.2741,35375
22.1495,75.3444,16363
20.5369,73.1737,24178
22.5937,75.2977,93917
24.5097,72.0234,29578
22.3819,71.9866,32475
23.7976,86.4299,1196214
28.9591,78.2563,28285
30.2822,75.5734,19920
20.7072,81.5487,101677
29.3088,78.5108,49973
22.2093,75.4706,32093
26.6748,85.1670,42063
22.9658,76.0553,289550
25.7573,75.3799,22065
25.5253,73.9081,17604
22.7052,73.9088,21030
16.6919,78.9207,29731
13.2465,77.7118,28051
9.9470,78.8233,51865
10.1467,77.6439,19285
20.0176,76.0375,30827
27.7984,73.3430,18470
26.7000,93.9667,20059
28.4360,77.1760,16725
22.8510,75.5422,17474
23.3902,79.0163,25632
26.5017,83.7794,129570
28.6299,79.4765,19788
20.6492,78.4802,19288
19.9440,73.8344,54027
19.4739,74.6206,30997
24.4898,86.6990,203123
21.5383,84.7334,22390
29.6950,77.6796,88171
12.5301,77.7889,24252
28.6000,77.1333,110351
28.6519,77.2315,11034555
30.3244,78.0339,522081
15.2722,73.9924,15350
14.4669,75.9269,435128
26.8900,76.3358,85960
18.4652,74.5837,49450
25.0347,84.4009,52364
20.7808,78.1407,21763
25.6731,78.4591,100284
28.0253,79.4082,24562
31.8168,75.6531,25192
28.6774,77.5225,27926
20.9249,77.3264,36463
20.3102,77.7726,25791
15.7698,79.6794,33418
27.0333,88.2667,123797
26.1522,85.8971,296039
17.7593,73.1882,15713
27.2964,75.1867,15594
15.2667,74.6167,52295
25.6370,85.0479,152940
23.8331,79.4419,139561
21.6923,71.5175,17766
20.4143,72.8324,44282
24.0397,84.0658,78396
25.6680,85.8364,23862
25.8758,87.8401,15285
22.7527,73.1497,25658
22.8328,74.2599,118846
23.1690,72.8216,42632
19.9678,72.7126,50287
28.5526,77.5540,70609
29.9491,74.7383,62113
25.8857,78.3322,61277
26.0024,78.8766,18298
22.1833,73.4333,56253
20.4095,72.8834,52578
20.4650,85.8793,610189
15.4167,74.0167,16385
15.2635,74.1088,22730
15.1773,73.9939,16623
15.5817,79.1106,22653
14.4800,78.8235,344893
11.7562,79.7669,173636
11.3498,76.7938,45494
13.6313,74.6902,30444
27.1343,81.6987,25503
25.2633,87.2326,33700
15.5439,73.7553,17446
11.0055,76.9661,2136916
9.9399,76.2602,633553
30.2636,78.0086,20806
28.3041,74.9672,120157
24.3335,93.6700,47774
25.1278,82.8821,36459
22.4235,71.1964,21364
21.0295,70.2330,22720
21.2458,75.2995,72783
10.0216,77.9609,22578
17.8288,82.9353,29000
17.4409,81.7756,25074
10.6997,76.7471,32298
13.2105,79.0956,160722
24.8896,74.6240,116406
23.8568,86.9032,45305
14.2226,76.4004,145853
23.5728,85.6535,22837
17.1236,77.0824,31299
28.2394,75.6403,43953
15.8239,80.3522,92942
18.3114,83.5685,25898
17.5334,73.5093,55139
13.4005,78.0517,76068
18.8578,79.7956,23579
11.6342,78.8741,25106
9.8400,77.3811,42305
17.4651,77.4187,20897
26.2822,83.5064,20518
16.0899,80.1671,101398
16.4290,74.5859,38307
13.4161,76.6206,24292
13.3223,75.7740,121484
20.3505,76.2577,57889
13.4351,77.7279,63652
30.0489,76.3430,38952
11.3993,79.6914,62153
21.4693,79.7015,18864
24.3815,74.7012,18360
22.3040,74.0158,25787
22.0570,78.9396,175052
27.1487,79.5008,57071
28.4985,77.1825,46776
24.9177,79.5887,142128
26.2197,87.0048,23425
27.7237,77.5081,21260
27.9247,78.4010,24535
29.2099,77.1745,19224
25.7803,84.7471,202352
27.8190,74.4394,19744
21.9610,76.6949,22052
23.3078,72.7740,17323
24.6647,76.8438,32285
10.9125,77.0370,24080
12.4640,79.3484,19827
13.0700,80.2408,18326
8.6755,77.5696,18327
11.1638,77.6039,16268
9.3157,76.6151,25043
12.3089,78.7914,26980
12.6918,79.9766,65689
8.9673,76.5419,42655
10.5289,76.0479,38011
27.1696,75.7223,64417
26.6051,75.9481,33432
19.3557,84.9836,22027
24.2065,84.8709,49985
23.6356,86.1671,141640
29.5469,77.5944,19942
28.5917,76.2716,56337
25.4030,79.7488,24881
26.2727,90.4456,20322
12.9064,76.3877,40417
12.6514,77.2067,71942
14.0240,75.9258,21313
9.4420,76.5360,51430
20.3306,74.2447,25341
21.2385,77.7471,18780
20.8141,77.9801,19776
19.7344,79.1717,26755
19.9508,79.2952,328351
22.7333,87.5167,21855
29.1349,78.2719,73555
30.7363,76.7884,970602
23.6565,80.7091,15891
24.7131,78.1381,33081
28.4518,78.7828,112635
25.2580,83.2682,25035
22.8622,88.3680,180623
23.7147,72.1128,15932
11.9231,76.9395,69875
22.0353,82.6423,45256
32.5553,76.1265,21502
16.1176,80.9314,16841
14.3180,76.6517,55194
20.4578,75.0160,97551
21.4107,71.1662,17081
22.4830,86.7179,16306
22.6761,85.6289,56531
22.6532,72.9450,39581
26.4160,85.0466,20686
18.7606,73.8635,41113
22.5504,85.8025,69565
24.1758,76.9996,21860
22.3140,88.6651,42132
11.8675,75.3576,62836
22.5626,88.3630,4631392
14.6732,75.4868,30014
25.5755,83.9804,102861
21.5098,83.8726,46698
23.2149,81.5320,19289
21.3087,76.2303,210886
23.1609,85.5901,21054
25.4385,75.6373,104919
20.5293,76.1846,67431
28.4039,77.8577,198612
19.8081,84.7908,15176
29.9280,75.5620,26172
29.2880,77.4753,35442
28.0381,79.1267,161555
20.6111,79.8610,36025
21.8167,83.9167,80403
19.3115,84.7929,356598
22.1692,71.6667,130327
22.4079,72.8982,63377
19.2350,72.8598,609617
27.0237,74.6758,24975
26.4770,90.5581,67322
19.0728,72.8826,12691836
23.6628,87.6970,70998
23.6693,86.1516,564319
26.0213,93.7794,19877
19.8036,72.7560,36151
10.0117,77.3498,75680
24.6981,84.9869,38439
18.6621,77.8858,77573
18.5737,83.3593,56819
27.4958,80.9962,52516
28.2474,75.0767,23227
24.2530,83.9250,42925
23.0738,87.3199,64041
28.3077,78.9368,32154
28.2925,79.8047,68355
23.6760,91.2832,21085
13.5972,75.9717,23493
26.5082,87.0119,19932
22.4000,84.7667,33442
18.9892,75.7563,146709
21.0263,83.8120,15765
26.0361,80.5762,36058
24.1835,78.2029,55185
26.1271,83.8915,17228
28.1294,78.9109,26320
28.2434,79.9514,15538
20.7696,72.9613,510879
26.8435,80.0639,19333
27.1751,80.0320,27173
16.3471,75.6180,17792
28.8865,79.2703,39873
22.0800,82.1554,365579
26.2328,90.2341,37739
28.6215,78.8036,29666
26.1807,73.7055,41710
25.2107,84.2551,48465
25.4471,84.8626,22486
28.0176,73.3149,644406
29.3730,78.1364,84593
33.7938,75.1070,24590
24.6235,79.4899,20513
18.7939,80.8160,16129
16.8244,75.7154,327427
26.0505,77.3714,16964
25.9298,74.6492,32124
25.5588,84.8714,47549
25.2008,85.5239,297268
25.7341,86.9884,32805
26.8017,79.5083,27158
27.8360,74.3178,35683
17.9080,77.5152,216020
23.9205,76.9107,49093
11.4422,79.6476,21956
8.2659,77.4461,15931
21.0436,75.7851,187421
28.3505,77.0614,17410
18.4591,75.6588,18561
23.2540,69.6693,148834
16.9074,74.5995,15738
20.2724,85.8338,885363
20.8820,85.8333,22200
18.1486,73.8434,18982
23.2547,77.4029,1798218
17.5154,78.8856,53339
27.2552,79.1812,29911
20.2583,75.7700,24416
19.2193,77.6696,32899
31.5544,75.6427,18008
28.7930,76.1397,196057
19.3002,73.0588,874032
25.7922,78.1108,19096
24.9994,72.2714,47932
27.7028,81.9343,22016
24.5023,74.1855,17878
26.5667,78.7873,197585
17.8902,83.4520,55082
16.5408,81.5232,146961
25.3471,74.6408,359483
23.7676,73.2470,16074
21.2092,81.4285,627734
31.3494,74.7027,20526
30.0592,75.5350,17825
21.8676,75.9639,16217
22.7932,86.1410,174355
22.3093,82.6095,27158
21.8552,70.2479,19458
19.3016,72.8511,809378
19.9072,83.1670,69045
30.2669,76.0385,22320
24.4158,75.8355,42283
21.7629,72.1533,605882
11.4455,77.6821,39744
16.1026,80.7807,18001
22.8664,88.4011,483129
13.9853,74.5553,32000
30.2075,74.9389,285788
21.7350,81.9471,57537
27.0389,77.0485,19946
25.5608,81.4916,16411
21.6948,72.9805,169007
26.7523,79.2218,41055
27.2173,77.4901,252838
21.9305,69.7808,22142
21.0919,80.9322,17270
24.5130,75.7469,21013
19.9272,84.5820,20647
25.7358,78.7455,25204
21.1682,79.6488,91845
18.0435,77.2060,40333
19.1129,77.9634,49764
21.6449,77.6302,16400
25.2445,86.9718,400146
22.8245,88.3384,121662
13.8485,75.7050,163903
21.0545,86.5156,121338
17.6685,80.8889,50087
29.1030,75.1714,40662
25.3953,82.5703,78568
20.6690,75.2294,37214
30.4765,75.3305,18561
28.3146,74.2895,33006
23.2986,70.3428,39532
25.0405,83.6075,50179
24.0717,71.5974,21894
11.1715,75.8061,70751
27.2187,79.2976,23280
21.9006,77.9023,103330
26.8023,84.5031,132209
22.6865,75.6146,15999
15.4514,78.1480,38994
28.7015,76.5771,16727
23.6313,77.4335,30951
24.0242,81.3783,24545
21.7156,81.5342,28536
13.1656,75.8652,22484
26.4437,85.4008,20566
23.2518,91.4541,19996
15.1420,76.9240,410445
15.8521,74.5045,490045
23.9343,88.2602,27489
25.9206,81.9963,73992
27.8883,76.2811,29531
30.1718,77.6139,18223
25.4185,86.1339,252008
24.9833,75.0000,20836
23.5992,78.3406,34031
22.5014,70.0436,21327
26.1012,74.3203,151152
29.1530,79.1081,23900
26.9079,77.2899,38502
23.2234,73.2149,17886
28.9492,76.0311,20289
28.7982,77.0343,73680
28.0718,76.5831,16776
20.8377,84.3262,20424
31.8092,75.2029,158621
27.1496,76.5834,22515
21.1197,86.7290,33690
26.7882,82.7162,115115
23.8515,77.9365,78289
27.1723,73.6452,29187
19.3287,77.1575,68846
22.6614,88.8548,143007
30.6885,76.4011,20288
30.5881,76.8450,26295
26.8315,76.0486,26029
16.5728,75.9725,33198
17.8744,76.9497,69717
22.0323,74.8998,55504
29.3675,75.9081,43384
22.2539,76.0385,26459
25.4751,85.9681,84888
22.3654,88.4325,53128
18.2345,75.6928,118722
26.3229,91.0063,48824
21.1900,83.5872,20850
25.5000,76.6500,18437
24.6236,76.7078,18837
30.3745,75.5487,116449
23.0489,75.3780,36438
25.7457,71.3921,96225
24.1759,85.8894,24134
23.6212,85.4675,18475
23.6182,91.3560,17998
24.4134,74.4733,15713
21.9346,86.7285,116849
26.6466,77.6163,62721
25.2881,86.0206,43045
25.4834,85.7093,61470
12.5429,78.3573,16366
22.9914,79.8755,17588
21.3335,83.6191,80625
23.0044,78.2301,34663
22.8486,72.5914,19690
28.3668,79.4317,745435
21.1230,73.1115,60821
23.2557,87.8569,301725
25.2186,85.7332,41758
29.1020,77.2633,93544
26.3811,84.5865,41877
22.7215,88.4820,298127
22.6413,88.3773,260072
25.1000,76.5167,117992
34.2090,74.3428,77276
18.1517,74.5777,54415
22.7660,88.3634,148174
15.9042,80.4674,70777
26.3261,76.2283,15300
22.8284,72.3636,42458
30.5541,76.7195,18775
12.8905,75.0349,40155
21.4882,70.0758,15291
23.5411,74.4425,101017
18.3773,77.8801,28384
27.1775,82.9344,39926
25.8838,84.2183,21457
22.9539,88.4010,108474
12.3330,76.8620,25455
25.8886,87.1942,26806
23.2324,87.0716,133966
20.3791,85.5295,17521
14.9230,75.2622,22529
24.8809,86.9226,45977
26.8912,80.2115,37425
12.9912,78.1780,44849
25.8673,86.5115,60000
23.0455,88.8308,111693
15.3177,78.2267,25325
12.9719,77.5937,8495492
31.1887,75.9950,20906
34.4173,74.6431,37081
27.0509,76.5733,44664
25.4776,80.3349,152218
24.0449,78.9609,30923
29.4636,77.3548,21580
19.7789,85.1703,17499
24.8930,78.1510,27860
26.3390,78.1010,32838
11.4474,75.8294,27363
25.2210,88.7773,153279
20.1784,85.1133,17238
19.7333,85.2167,17645
27.4295,82.1855,77396
25.8324,72.2400,74496
21.6568,82.1606,26632
20.7308,81.2058,23648
22.6486,88.3411,296973
25.4214,86.3144,47550
19.8470,79.3458,92146
20.1997,83.9094,16611
25.1973,73.2912,19880
21.4927,86.9335,144373
23.0971,86.2229,22847
20.6661,76.7739,44594
20.7042,83.4903,98238
21.8156,80.1885,84261
31.0606,76.3017,21631
25.4618,85.5318,34533
25.5989,86.2607,40043
22.4827,88.1818,76837
27.4354,76.1830,20568
26.7406,85.2732,42895
13.8667,74.6333,20323
15.8137,74.8589,49182
23.2621,82.5605,28431
22.1013,80.5497,16650
22.7850,88.3259,115504
27.5743,81.5947,182218
28.3950,78.6266,33752
28.7742,79.4974,63953
24.1047,88.2515,180547
28.6929,76.9356,170767
26.2617,87.8244,36993
26.8691,78.5939,15359
23.3366,88.6411,20999
28.9448,77.2186,41766
26.6993,88.3118,17372
30.6881,75.0984,25206
13.7834,77.7967,27011
21.0461,82.3864,19529
21.4872,70.9552,34521
28.1878,75.5001,15670
16.1867,75.6961,111933
27.0992,84.0900,112634
24.5290,85.0602,91383
14.7451,79.0629,70626
22.7443,88.7866,49547
28.3932,77.0492,15593
23.0218,75.2327,20917
19.1552,73.2655,174226
34.0152,74.7207,15338
15.9149,75.6768,30943
11.5978,75.5814,76493
22.1119,85.3868,56870
28.9269,78.2346,29232
28.2642,78.4056,16670
21.8458,71.3054,25270
25.2395,78.4703,35538
25.5471,80.7044,15607
22.7026,77.9349,16741
26.0683,83.1836,116644
10.9014,79.1798,16263
26.7991,82.2047,53293
10.4499,77.5520,27156
16.0215,80.9181,25761
11.1930,77.2686,28868
13.1147,80.1098,345996
18.2473,76.4993,36118
24.7520,84.3742,102244
19.8776,75.3423,1175116
26.4652,79.5092,70508
18.2540,77.4176,19849
11.5941,78.6014,61793
8.6961,76.8151,37346
16.7000,81.6000,68196
12.7781,77.7726,20532
28.0296,78.2857,47512
15.8811,78.5870,35137
10.3406,79.3791,31066
16.7261,75.0642,47842
20.5200,85.6296,17304
25.2862,80.5716,46168
25.7342,74.3328,16611
19.6111,84.6600,21428
19.3585,79.2841,23059
23.0175,76.7221,53184
16.9494,74.4094,37105
24.5758,77.7312,81828
23.6833,86.9833,504271
29.5212,76.6055,27125
25.2428,84.6657,51849
20.9959,78.2291,42822
9.5096,78.0959,87722
8.5688,78.0909,27266
9.8667,76.3500,17944
13.3145,76.2570,53216
24.3811,77.4174,28010
12.7617,76.0603,16810
11.1385,79.0756,29144
12.9057,79.3190,55955
26.1493,87.5132,79021
10.1723,78.9912,40814
12.6677,79.2853,63671
19.0268,74.7149,29591
21.1964,81.9691,19091
8.2496,77.5216,22846
22.8833,87.7833,60639
13.0845,79.6705,79080
25.5563,84.6633,261430
28.2740,79.1652,50011
28.3575,78.2691,25306
23.1034,81.6908,19899
29.1911,73.2086,33309
25.1500,76.3000,32377
20.0409,77.3150,19000
11.2362,77.1051,20079
15.4251,75.4335,28267
11.4000,79.7333,16289
14.6605,74.3047,22249
21.6324,72.9900,89457
23.1132,70.0267,87183
21.1652,77.3091,56380
22.0417,75.0552,26289
20.8409,85.1019,44386
10.1905,76.3879,34399
12.7111,77.6956,44260
17.8146,78.0771,24645
11.5751,77.5904,21086
9.9980,77.6210,27287
33.7307,75.1542,150592
14.6778,77.6081,267161
31.2393,76.5025,16282
21.2141,86.1249,39585
22.5525,72.9552,209410
17.6913,83.0040,86519
10.5830,76.9344,17208
18.7928,78.2767,64023
18.4103,83.9030,39799
22.5834,88.0104,16753
21.2508,72.8388,17082
28.9031,78.4698,176253
31.6223,74.8753,1159227
21.5998,71.2117,117967
20.9333,77.7500,647057
21.9932,72.8705,18742
20.2833,73.0167,33369
22.8462,87.3356,19038
21.9248,78.1279,30215
16.0566,75.9477,15073
25.3061,73.9258,17434
12.7916,78.7164,114608
23.1189,83.1954,121071
13.0982,80.1615,466205
8.7107,77.4519,35645
23.9360,91.8544,16285
30.3610,76.7978,195153
18.7331,76.3862,74114
26.7042,78.2268,47177
19.6130,75.7891,31553
25.0397,86.9025,25336
24.3137,80.9770,19409
19.2000,73.1667,253475
21.0398,75.0589,97369
16.5787,82.0061,53231
10.1065,76.3548,23703
27.5625,76.6250,322568
23.7634,75.5566,24115
28.1695,94.8006,18425
15.4273,74.7411,17228
29.5971,79.6591,32442
10.0274,77.4781,94453
9.4900,76.3264,240991
25.4448,81.8432,1073438
26.4835,89.5229,65232
28.7986,77.1331,20736
27.8815,78.0746,753207
27.4936,79.1713,26652
18.6481,72.8758,20752
10.6500,76.5333,26720
8.8640,77.4994,28558
12.6224,78.7521,18327
13.0025,80.2061,164430
18.6776,73.8987,28645
17.5643,76.5685,42371
21.0963,77.0588,92637
20.7096,76.9981,428857
17.8924,75.0214,39972
24.4129,76.5672,26240
16.5822,81.3811,40413
32.8955,74.7349,20756
26.4295,82.5343,36865
26.3837,79.9493,18835
22.0246,82.4264,22712
17.5253,76.2061,40103
16.1160,74.2110,17257
31.8447,74.7630,21107
26.4521,74.6387,542321
24.8988,80.2592,16656
23.7289,92.7179,293416
20.7572,73.6863,15004
25.0158,83.0329,25075
25.3687,72.7804,16867
18.7062,76.9373,43936
19.0946,74.7384,367140
23.0258,72.5873,6357693
27.1833,78.0167,1430055
23.8361,91.2794,400004
23.7118,76.0157,37917
17.1999,76.3602,27088
29.3937,78.6739,27753
9.1560,76.7319,29652
23.4967,86.6836,22159
15.6279,77.2750,184625
19.6720,78.5359,118526
15.8106,79.9734,28547
27.1783,77.7567,20532
33.6841,75.2184,17556
21.2567,77.5101,112311
24.4801,72.7819,55599
24.5937,72.7176,24981
30.1445,74.1955,145302
26.3225,90.6853,15847
20.5857,81.0750,44363
21.7798,87.7489,88702
22.0605,88.1098,170695
22.9485,88.0195,18682
22.6199,88.2457,17972
22.6029,88.2775,56273
22.6322,88.3486,27320
22.5883,88.2354,17051
22.5821,88.1710,21080
22.5367,88.1379,23526
22.4679,88.1452,37047
22.5086,88.2532,448317
22.1083,88.0789,23362
34.0738,74.8528,22214
34.0768,74.7057,104000
32.6440,74.9110,15453
29.3544,76.9774,18195
28.6526,76.9521,19578
28.6006,76.9892,57217
28.5981,76.9916,35856
17.4698,78.1257,24457
17.4886,78.6021,30502
17.3320,78.5255,27461
17.2694,78.5767,15689
17.4508,78.6837,19763
17.5450,78.4884,15575
13.2972,77.8018,34866
31.4322,75.7148,20922
31.0619,74.8228,16183
18.8613,72.9526,16714
13.1482,80.2314,119105
13.0631,80.1719,19208
13.0357,80.1582,46690
13.0205,80.1653,25117
13.0463,80.1913,21376
12.9623,80.1986,35752
12.9790,80.1970,53322
12.9610,80.2409,43111
12.9702,80.2577,20217
12.9194,80.1697,37906
12.9166,80.1938,45356
12.9419,80.1947,27374
12.9962,80.0751,54986
12.9531,80.1308,30702
12.8608,80.1066,29122
12.9182,80.0824,37342
12.8525,80.0467,17058
13.0867,80.1703,21973
13.0619,80.2094,59790
13.0219,80.1206,23910
13.0731,80.1078,64698
13.1078,80.1206,29511
13.0999,79.9321,23292
13.0534,80.0600,19733
19.1164,72.9047,20000
19.0368,73.0158,2600000
11.7274,75.5551,33732
11.7594,75.5784,17438
30.6946,76.8504,211355
12.8900,80.2313,35602
12.8551,77.6671,20622
12.8263,77.6809,34827
12.8177,77.6842,15254
14.0943,74.4845,17938
18.5302,73.8526,1000000
28.4962,77.5360,293908
30.6562,76.8209,95553
24.1716,78.1876,64529
30.6800,76.7221,166864
22.6020,75.6965,126200
22.1019,85.3775,66540
19.1510,72.9963,100000
10.1076,76.3516,24108
30.5819,74.8330,80741
9.9799,76.5738,30397
10.1069,76.4737,28110
20.3717,72.9049,163630
30.9578,76.7914,29911
28.5800,77.3300,293908
28.2102,76.8606,104921
23.0817,77.5333,59654
24.1997,82.6753,220257
26.7042,89.1455,30000
26.8477,89.3756,158664
13.6500,79.4200,44219
19.0558,79.4930,66660
14.4629,78.8119,31416
17.3669,78.5242,53622
19.6540,78.5121,22216
16.2858,81.2546,43696
17.3477,78.5576,261987
16.9233,80.3631,22716
17.4478,78.5263,150000
18.9651,79.4748,66176
14.4752,78.8354,64053
19.6678,78.5289,42275
17.7000,83.2167,258944
17.0379,81.7760,23572
18.8472,78.6256,50902
17.9302,80.8267,32539
14.5452,77.1055,32328
17.3678,82.5683,27001
16.0711,80.5494,59913
17.5011,78.4582,225816
16.9452,82.2385,28369
17.5815,80.6765,80199
26.5028,90.9694,35571
17.2497,80.8690,40000
16.4853,80.6675,34177
26.2491,92.3476,29164
27.1047,93.6952,36158
17.4931,78.3020,150525
27.5944,94.7240,25662
25.7490,93.1700,31347
23.1800,88.5800,19425
22.8642,88.6370,111475
23.6518,87.1647,16264
9.6634,76.3807,31525
9.6068,76.5006,34470
26.4535,87.0274,27000
25.4560,85.5329,47897
18.6187,73.8037,1727692
30.9685,74.9911,37498
30.1985,75.6819,23851
29.2803,75.4682,25531
17.2519,78.4184,32583
11.8385,75.4208,40818
25.4955,90.6168,24597
25.5637,91.9064,38004
9.8798,76.2835,42367
16.4231,76.9358,28929
29.9577,76.0486,27963
19.0498,73.0702,80612
10.1632,76.2346,29326
10.1862,78.4150,18143
10.9099,78.6993,25931
11.1480,78.5991,32439
11.3652,77.7623,40140
11.4450,77.7110,195071
11.4912,79.7605,25541
11.5150,79.3282,73585
11.2763,79.5578,27294
10.4801,77.7498,30064
27.7301,75.4716,29236
25.1543,73.0816,39132
8.2363,77.2426,16691
8.3670,77.2433,16283
10.5365,76.9803,26627
11.4760,77.8664,29467
12.8549,77.6633,76348
18.7550,79.4740,242979
25.1786,91.6395,54039
24.7789,82.0960,16771
26.3734,84.3349,26240
25.2383,86.7356,52892
26.8107,75.5470,31229
24.4595,74.8662,128561
16.0779,75.8132,15620
11.9199,75.3355,25195
15.3044,76.4765,25552
10.9921,75.9080,40543
10.9775,77.0260,24872
12.8283,79.3079,16246
10.4390,77.9546,18838
11.8341,77.9439,25676
10.7830,76.3336,16085
23.4888,75.6580,34362
19.3173,73.0597,26016
22.0467,73.1181,30405
10.8765,76.3093,30000
26.7258,93.1466,19145
31.2942,75.6197,47845
19.3316,79.4660,57583
23.4361,72.8448,23596
18.6365,81.2583,19053
10.1565,76.4017,29706
29.1302,77.0183,35603
8.7674,78.1342,410760
16.6187,74.7091,25000
15.4167,75.6167,172813
16.4700,75.1200,77004
28.9800,79.4000,154554
24.5641,79.3071,18335
25.5707,91.8977,27219
24.1172,78.0383,15487
24.0214,76.3764,21724
22.7866,77.6811,16808
23.0367,78.0842,19603
26.5503,84.6801,26014
18.7284,82.8293,50394
22.2000,84.5830,51362
24.0609,77.4104,18844
10.3155,78.1514,17865
20.9167,86.4500,22920
25.2167,85.7333,46075
22.0170,85.4220,46631
21.1616,72.9623,27336
9.8939,76.7222,52045
23.7800,86.8100,18830
12.9495,80.2592,76600
12.9162,80.2488,23346
12.9535,80.2572,26766
13.7551,79.7014,80056
24.6956,93.8197,22512
26.3051,87.2887,38000
28.3449,76.7569,20906
28.3531,76.9404,23448
12.9750,80.1347,75870
12.9828,80.1264,48050
13.0439,80.1725,47378
13.0675,80.1632,86195
12.9846,80.1747,24334
12.9377,80.2153,43493
29.1134,75.6958,25847
34.5500,74.2173,15587
34.5286,74.2640,21771
30.2146,77.0403,21545
27.8043,76.6386,38298
30.1455,77.2663,18909
30.1430,77.2596,22479
27.2736,76.9861,17634
29.2471,77.3089,15959
22.1032,78.1716,86141
22.1909,78.7303,16497
21.0938,78.9727,37667
21.1107,78.9891,38157
20.3759,78.1126,40884
20.3714,78.1234,21752
21.8218,83.8458,38993
24.6609,72.9140,15312
30.2280,74.9937,27733
29.9505,74.9785,22553
24.6214,73.7082,17665
24.6522,75.9983,15617
30.2979,75.3694,23248
30.8546,75.6609,16356
28.7506,77.0810,22968
28.7582,77.1309,30445
28.8691,77.1206,21633
28.7740,77.1631,18369
28.7509,77.1465,44375
28.7557,77.1994,146190
30.8469,75.8636,28884
30.8413,75.9855,22484
28.7355,77.0352,35730
28.7292,77.0383,17462
28.7060,77.0258,16402
28.7265,77.0669,53682
28.7116,77.0789,96002
28.6770,77.0537,25126
28.6801,77.0298,54541
28.6678,77.0201,18122
28.6520,77.0564,43371
28.6413,77.0142,52744
28.6341,77.0577,176877
28.5139,77.1151,19148
28.5261,77.0840,74073
28.5403,77.1208,23726
28.6974,77.0648,283211
28.7471,77.1146,54773
28.7394,77.1831,57135
28.7356,77.1668,197148
28.5646,77.1513,21502
28.5025,77.2312,169122
28.5123,77.2408,46974
28.5192,77.2035,17914
28.7283,77.2482,97641
28.7301,77.2091,22878
28.7271,77.2705,224281
28.7197,77.2678,127167
28.7145,77.2849,43054
28.7029,77.2896,121870
28.7028,77.3100,120417
28.6875,77.2856,37058
28.6787,77.2712,54601
28.5957,77.3019,83217
28.6057,77.3190,154791
28.5161,77.3099,27169
28.5029,77.3144,91402
28.5065,77.3298,59330
28.6117,77.3267,38207
28.6167,77.3321,92540
28.4651,77.3328,20514
28.4974,77.3186,69837
20.5392,85.9151,52999
30.3168,74.9125,15208
18.8222,79.5017,20061
26.0648,75.0216,20372
26.2425,75.1287,20372
9.6700,76.5700,26993
26.0551,86.1456,75317
25.7549,86.0315,31155
25.6961,85.1667,37776
25.6096,85.4808,48293
26.4893,77.9758,32087
28.0662,75.8177,16933
30.4917,76.7987,21394
30.3177,76.8660,18662
30.3573,76.8790,26412
21.3580,81.4179,20384
21.3076,81.6279,96294
20.7861,78.5936,23661
20.7227,78.6039,19759
20.7424,78.5871,20956
21.2664,79.1156,18469
21.2526,79.0811,21481
21.2290,79.2398,22945
21.2165,79.1855,15727
21.0897,79.1359,17330
21.0824,79.1274,24499
21.1531,79.0076,54048
16.5853,79.3205,15887
25.0194,79.7319,23328
20.7137,77.0264,20262
20.6235,79.9645,28781
17.5126,78.2885,15381
17.5242,78.3227,36452
17.5561,78.3482,34667
17.5391,78.3636,27563
17.4284,78.4936,217910
25.3491,78.7997,23724
16.7549,78.1443,32598
16.3982,78.6376,20721
17.5835,79.6586,19100
23.8593,78.7852,24232
23.8477,78.7990,23861
22.1929,78.4670,24663
23.0289,79.4823,28074
24.0544,80.6136,19343
29.3780,77.0093,24440
28.6836,76.9701,16313
28.6217,76.9923,37706
21.4041,79.9262,25181
9.9063,76.3113,29193
9.8694,76.3050,39214
8.6792,76.7671,25362
9.5705,76.3276,29564
10.0614,76.3263,71038
33.1458,75.9479,15899
32.3162,75.6074,28270
32.3684,75.6782,15210
32.2824,75.6983,32689
20.5674,74.5285,49192
20.5525,74.5069,34341
22.7592,75.7954,15761
22.7435,75.8145,64213
22.7030,75.8039,18534
22.6373,75.8147,36055
22.6800,75.8939,18697
31.3118,75.3217,15575
22.0235,82.1136,17481
22.0471,82.1487,18428
22.0775,82.1761,22209
22.0631,82.1313,30465
22.0990,82.2664,17265
22.0207,82.5666,40561
31.1241,75.7724,16462
30.6709,76.3019,82266
30.7306,76.6937,15982
12.5085,80.1498,21151
17.6913,80.8700,22149
17.2099,80.8364,31857
19.2466,83.4058,18552
16.5830,80.5143,29432
16.5209,80.6808,22222
16.4985,80.6914,49006
16.4777,80.7075,25545
16.4713,80.6970,17462
18.6843,81.2686,21435
9.6844,76.3356,45827
9.2346,76.4733,20052
26.1925,73.0443,38429
26.1887,73.0265,22853
25.2674,73.2393,24839
21.5543,74.0192,17840
25.0657,84.9725,31994
24.9690,84.1964,137231
25.1048,84.1162,27302
25.5571,84.4308,26707
12.7929,74.8722,16505
12.8035,74.8647,24066
12.5930,74.9626,18121
12.5298,74.9788,26235
14.6415,77.5668,30128
14.0077,77.6085,18895
11.1780,75.8689,35937
12.4984,75.0503,15588
12.3361,75.0930,33079
12.1458,75.1748,18210
12.1165,75.1852,22991
12.0343,75.2378,35888
12.0735,75.2412,18965
14.7178,76.7468,15797
24.8754,85.5337,20739
13.0193,76.1243,18002
12.0588,75.3248,20405
25.4253,86.0208,67952
12.3417,76.5863,18308
12.3304,76.6021,23162
11.9956,75.2872,16111
11.9843,75.3041,18459
11.8899,75.3565,27820
11.9126,75.3610,45601
11.9755,75.3645,31122
11.9011,75.3892,35212
11.9763,75.4167,17095
11.8892,75.4124,33853
11.8049,75.4810,16801
11.8540,75.4387,17088
11.8559,75.4736,17231
11.8949,75.4396,20952
11.9198,75.4722,15236
11.9303,75.4455,21676
18.9286,79.4571,32385
11.8970,75.5310,20440
11.8656,75.5233,20598
11.8490,75.5147,18008
11.8062,75.5302,16905
11.7849,75.5302,31087
11.7691,75.5177,25818
11.7930,75.5641,20161
11.7776,75.5731,19684
11.7507,75.6199,19817
11.5522,75.6503,21820
11.6277,75.5915,38245
11.6818,75.6248,26819
11.6859,75.5910,34658
11.6935,75.5601,30023
11.6970,75.6349,23421
11.7486,75.5756,22308
11.7173,75.6419,24246
11.6261,75.6743,26293
11.5801,75.7384,17016
11.6832,75.7108,18031
11.4048,75.7236,34819
11.4982,75.6807,15116
31.6863,74.8875,20440
11.4525,75.7666,32509
11.3615,75.7782,40697
11.3537,75.7580,29388
11.4232,75.8231,27316
11.3361,75.8351,34241
11.2529,75.8906,35460
11.2626,75.8796,25929
11.2710,75.8894,27598
11.3097,75.9500,29872
10.9934,75.9350,56546
10.9536,75.9468,25855
10.9476,75.9564,31212
10.8422,75.9486,41167
10.9515,75.9096,47976
10.6228,75.9965,17335
10.6521,75.9951,19387
10.7405,75.9710,35011
15.7926,74.4841,18073
15.8020,74.4801,17874
15.2176,76.6487,22560
10.8746,75.9855,24790
25.5653,85.0560,16680
21.0608,75.8098,16353
17.4188,78.5843,43692
17.3945,78.5905,32586
17.3210,78.5305,32013
17.2580,78.8978,19092
24.2508,94.3007,16847
10.0164,76.3417,25531
20.8587,72.9065,21000
23.7564,86.0051,185555
10.1019,76.2910,47329
11.0925,77.3123,25539
22.3774,73.0007,21003
22.7595,86.1905,78356
25.4709,85.9760,71660
22.6112,72.9328,19865
22.6124,72.9211,17881
11.7817,78.8354,23034
26.6569,91.9138,17183
23.3514,72.9500,18298
9.4214,77.7873,16860
19.6220,74.6570,89282
21.3373,71.3035,78354
25.9040,90.6075,19595
12.5060,92.9155,38824
30.2756,75.2425,51023
9.9773,76.4105,22378
11.1048,75.9327,34941
23.1960,71.7917,17725
9.9645,78.0667,20042
18.2632,75.4632,18758
8.9080,76.6930,29454
23.7488,86.1196,27425
10.2848,77.9233,26285
23.7477,86.7880,45508
10.0136,76.2631,21833
10.2403,76.1710,20363
10.0267,76.2223,26997
22.1872,84.8436,15789
21.9022,70.0357,25892
17.2621,74.1757,32000
9.2568,76.4487,19021
11.6345,78.1237,20318
10.7971,78.7923,15943
10.1553,76.4854,29339
23.2376,69.6995,32293
23.2134,82.2023,33071
9.9365,76.3238,44704
8.3081,77.2214,20938
29.8253,75.8906,18141
10.1899,76.2008,27458
11.0247,76.8973,39873
8.2226,77.3732,15304
11.0715,77.0173,24235
10.4818,78.1564,17100
21.1542,72.9614,21795
8.6075,76.9149,23113
8.5669,76.9913,29624
11.1173,76.9363,17858
15.8541,78.0148,26694
14.7841,78.5729,22936
12.7679,77.7918,32474
12.7514,77.8017,39245
12.7714,77.8594,17859
12.5232,78.2086,22714
12.1120,78.1538,39697
12.5112,78.5552,16789
12.9455,78.8788,21335
13.2817,79.4854,35000
13.9074,79.9086,20924
12.2642,79.0674,18244
12.9392,79.3079,20171
12.8083,79.6864,23454
12.8187,79.7493,19883
12.2556,79.9823,28172
11.2526,76.0244,22062
11.0268,76.0987,36602
11.0153,76.0701,45459
11.5437,76.4404,24954
11.5014,76.3498,44590
11.4998,76.4815,21943
11.3678,76.7458,23229
11.0077,76.9126,23841
11.0394,76.9237,83908
11.0615,76.9838,20122
11.0736,76.9566,15998
11.1061,76.9425,18749
10.8738,76.0535,40318
10.8799,76.0020,21273
10.8194,76.0064,25872
10.8624,76.0922,30635
10.8354,76.1596,24861
10.7460,76.0348,33918
10.6635,76.0033,15811
10.5880,76.0388,39098
10.0642,76.2456,16295
10.1112,76.2463,42922
10.1664,76.2018,20571
10.1851,76.2454,33372
10.4874,76.2793,17430
10.4733,76.2558,15817
10.4343,76.2634,29341
10.4322,76.2542,18067
10.2532,76.3281,25259
10.2660,76.3477,17618
10.1329,76.2799,29805
10.1190,76.3023,47329
10.0948,76.3211,39666
10.0543,76.2896,30594
10.0564,76.3845,77811
10.1541,76.3416,29576
10.2401,76.3236,17480
10.1717,76.4264,18890
10.1371,76.4570,16844
10.0938,76.4198,18358
10.0429,76.4241,22881
10.0637,76.4761,32697
10.7652,76.6318,41359
10.7939,76.6530,28592
10.8131,76.6287,30895
10.7751,76.6995,24963
10.6519,76.9778,16354
9.3242,76.4934,17067
9.2708,76.4326,26943
8.6845,76.7675,19267
8.6926,76.7933,15185
8.6262,76.8305,22816
8.6059,76.9424,27140
8.5247,76.9889,47187
11.0764,77.0045,32920
11.0794,77.0371,39586
11.0724,77.1980,20691
10.0619,76.5717,33829
10.7582,76.7859,16629
10.9609,76.9738,123667
10.9638,76.9525,95924
10.9582,76.9201,17809
9.6795,76.3589,17047
9.5966,76.4678,16111
9.5722,76.3525,32139
9.6594,76.3633,23681
9.1849,76.5608,15922
9.1521,76.5234,26705
9.1348,76.5117,28412
9.0912,76.5303,26907
9.0791,76.5137,22250
9.0430,76.5230,24268
9.0540,76.5580,21723
8.9546,76.6185,25607
8.9500,76.5986,25432
8.9490,76.6427,35173
8.9240,76.5910,39285
8.9241,76.6467,44402
8.8373,76.6450,40039
8.8899,76.6659,41609
8.8805,76.7156,27240
8.8738,76.6716,37517
8.8503,76.6952,29716
8.8138,76.7179,29447
8.7645,76.6885,25994
11.5021,77.2555,15706
11.1978,77.3058,17248
11.1649,77.3084,31528
11.1376,77.3106,87427
11.1667,77.3350,37620
11.1487,77.3537,40503
11.1610,77.3740,53579
11.1005,77.2712,17699
11.0806,77.3238,26349
11.1172,77.3726,17261
11.0845,77.3969,26014
11.0567,77.3061,28602
11.0625,77.3508,50301
11.1003,77.3914,70115
11.4678,77.6434,16522
11.4360,77.6760,17240
11.4352,77.7237,24708
11.4260,77.5707,15609
11.4045,77.7123,28585
11.3609,77.6895,55282
11.3690,77.7063,24798
11.3531,77.7125,84453
11.3198,77.7097,73425
11.3273,77.7112,41782
11.3019,77.5860,23868
11.3169,77.6742,15440
12.0810,75.2627,29348
11.6272,77.9890,33245
11.8443,77.8473,16665
11.8039,77.8567,25133
11.4060,77.7750,16160
11.3635,77.7677,20286
10.9954,77.0990,15868
10.6388,77.0084,20104
10.5666,77.2135,16459
10.5909,77.2797,17356
10.9499,79.3561,15326
10.9646,79.4293,15082
10.7293,79.1424,32689
23.6549,85.0128,24876
23.6645,85.3269,81915
23.6456,85.4333,19871
23.7945,85.5872,16054
23.7852,85.9783,39305
23.7878,85.9353,17401
23.7625,85.8300,15212
23.7638,85.8847,22080
23.7657,85.9386,31882
8.2466,77.2617,15998
8.4083,77.2657,21665
8.3948,77.2659,22401
8.3307,77.2673,18985
8.2849,77.2755,17271
8.2803,77.2561,16965
8.2681,77.2860,19538
8.2953,77.2939,19730
8.3552,77.3283,15554
8.2055,77.3444,16138
8.1931,77.3643,15063
8.1743,77.3849,16822
8.1203,77.3890,17476
8.7599,77.7399,17094
8.6726,77.5845,16625
8.4439,77.6044,18067
10.9511,78.0681,19779
10.9261,78.0941,53854
10.9625,78.1132,22447
10.7256,78.1354,15336
10.3940,78.0078,17824
10.7613,77.5842,17819
10.4502,77.5303,17306
10.8827,78.7046,17257
10.8692,78.5392,17629
10.8137,78.7481,24023
10.7472,78.8213,38887
10.0477,78.7472,26536
10.8060,78.7503,16244
10.7937,78.7690,23156
10.7505,78.7763,16788
9.9779,78.1329,19305
9.9580,78.1886,15152
9.9264,78.1503,43797
9.9040,78.1433,26158
9.9092,78.1609,28646
9.9373,78.0533,15769
9.9458,78.0935,30884
9.9615,78.1118,63917
9.9611,78.1372,23284
9.9649,78.1416,31095
9.8818,78.1125,89635
9.5392,78.0984,18576
8.7399,78.1053,22218
8.7498,78.1311,32494
10.4433,77.9485,15610
10.3940,77.9754,17701
11.9088,79.4919,20854
11.7530,79.7457,18745
11.3009,79.5561,16561
11.9410,79.8029,300104
11.8953,79.8071,29808
11.8909,79.8104,15666
11.9613,79.8392,31726
9.9921,77.3566,15625
9.7386,77.3200,16134
9.3935,77.4935,17520
9.0401,77.2741,20821
9.0032,77.3449,15129
11.6969,78.1794,19765
11.2052,78.1512,15690
11.6038,78.5778,23084
26.7413,83.8869,274403
28.7432,77.0678,860000
18.1910,79.9430,297671
11.7338,78.9592,1682687
21.3988,72.1754,18480
16.5140,80.5160,103000
18.0532,73.0011,15123
23.1907,82.3531,100800
11.1916,77.9563,25012
9.9667,76.2667,851406
16.9099,73.9465,180322
18.7553,73.4443,15612
25.7990,82.9977,23124
29.9087,74.1757,24980
29.9427,75.8014,22588
23.1902,73.8953,19465
26.9444,84.5377,27095
20.1001,79.1144,60565
19.5815,84.7601,17430
21.0547,70.5290,21060
23.3522,80.9806,21883
26.5627,85.0452,29582
26.2527,85.1608,28572
11.6554,78.4012,17559
33.5594,75.2322,22968
17.5233,80.6041,19944
17.5889,78.9434,15232
18.4287,79.8638,42387
20.9557,86.1264,56946
20.8654,85.1828,19644
25.6232,91.8817,55012
23.8417,91.6303,21032
24.0359,92.1996,15341
24.7111,93.9746,24900
25.8248,93.7759,25885
25.9291,92.9486,36805
25.8679,94.7857,16487
27.3617,93.0399,18350
9.7715,76.3439,20874
9.7550,76.3572,28276
16.3368,74.9677,29128
17.6974,77.2152,25298
21.4008,72.9268,18638
21.3198,72.8817,15324
16.9800,81.8371,15346
16.9887,81.8017,16985
17.1121,80.6088,18567
18.2833,83.5342,18893
13.6575,79.4626,19318
14.7401,78.5426,19483
13.9034,79.8906,19904
16.0733,78.8741,21452
13.6073,79.4486,22963
16.9996,82.2232,24112
13.6111,79.4208,24839
15.4064,79.5070,37420
13.6323,79.4857,37968
16.9476,81.7799,44637
16.8915,80.0955,53530
26.2494,91.5243,15188
26.1202,92.1977,17739
26.5919,94.1945,17920
27.3578,95.3141,28626
26.5681,84.0833,20193
25.6362,85.0203,28723
25.8876,87.1936,30336
25.5776,85.0725,81740
25.6385,85.0512,182429
23.1912,82.1626,17400
23.3289,82.5281,23514
21.5532,81.8019,36682
21.2231,81.4561,98008
28.4956,77.1611,15160
28.5084,77.2006,15640
28.5547,77.1573,17028
28.4295,77.2257,18864
28.7049,77.2642,19098
28.6352,77.0330,19312
28.7175,77.2651,20589
28.6573,77.0400,31944
28.4720,77.1327,33123
28.6164,77.2880,37876
28.7467,77.1935,43086
28.7049,77.0529,50464
28.4948,77.3059,68796
28.7087,77.2765,68993
28.4994,77.2910,69657
28.7096,77.2587,76640
28.6897,77.0765,181554
15.4926,73.8747,15289
15.5170,73.8354,15342
20.2885,72.8503,19903
20.1916,72.8183,15544
21.1373,73.0965,15610
20.9508,72.9583,15699
22.8157,70.8665,16637
21.6359,73.0475,16671
21.6559,73.0215,16730
21.6541,69.6126,16744
22.3483,73.1331,16902
24.3317,72.8456,17753
22.2198,72.0675,17951
20.3467,72.9283,18776
20.1575,72.7891,18796
20.3778,72.9411,18829
21.9191,69.4818,19777
21.7197,73.0110,24605
21.6167,73.0276,24789
21.6438,73.0121,25332
21.7136,73.0323,28148
21.0747,72.8789,28327
21.4700,72.9521,29305
20.3601,72.9311,34162
23.0334,72.4672,37635
21.6288,69.6339,47699
20.9221,72.9095,81245
28.1456,77.3513,23072
29.3609,76.9426,28803
29.4122,76.9547,42877
29.4161,76.9883,67998
30.3354,76.8627,104974
22.1999,84.8618,216410
32.6059,74.7334,15197
32.7984,74.7827,20238
32.7044,74.8611,28396
24.3945,87.0864,17123
22.6536,86.3560,18563
22.7467,86.2455,18801
22.7724,86.2711,20718
22.7476,86.2257,23788
23.7486,86.7848,24202
22.7512,86.2099,25360
22.7459,86.2589,31843
22.8372,86.1916,43256
22.8275,86.2164,223805
13.4991,74.7094,15123
16.3649,77.3586,17088
10.2728,76.1748,15630
10.4842,76.1044,15129
10.2819,76.2132,15258
10.2937,76.1583,15336
11.9184,75.4645,15353
11.8695,75.5808,16025
10.4586,76.2088,16086
10.3555,76.1282,16404
10.3764,76.2015,16768
11.8322,75.4825,16821
10.8027,76.2185,16998
11.8996,75.4132,17008
10.4929,76.1027,17757
10.3732,76.1668,18017
11.5505,75.6289,18141
11.8433,75.5437,18627
12.0397,75.4114,18641
11.8369,75.4490,18979
12.0300,75.2819,19261
8.3598,77.0525,19902
9.1756,76.4713,19925
10.7880,76.7279,20140
10.5992,76.2180,20339
9.5575,76.5748,29635
10.6867,76.6588,20703
9.2168,76.4592,20740
10.3133,76.1485,21012
11.6127,75.6614,21169
9.8006,76.3015,21295
9.4246,76.5848,21338
11.1721,75.8226,21952
9.7131,76.6833,22056
11.0833,75.8490,22558
11.8841,75.4850,23030
9.9468,76.3666,23160
10.1138,76.4418,23272
11.0754,75.9852,41260
8.5488,76.9172,23528
11.2305,75.8518,24537
11.3226,75.9758,25116
10.4404,76.0948,25507
9.9003,76.3870,25852
9.6089,76.3608,25861
9.0780,76.5777,25884
10.7897,76.2190,26273
10.0759,76.2715,26750
8.6441,76.7990,27390
9.5354,76.3221,27445
9.8211,76.2998,27528
11.3885,75.7597,28213
8.5816,76.9224,28230
11.0512,75.9883,29157
9.5912,76.5612,29248
11.1731,75.9086,30126
10.4690,76.0813,30657
8.6625,76.8097,30770
8.4809,77.0220,31761
11.1323,75.8822,32045
8.9558,76.6739,33959
11.1509,75.8719,34149
11.6250,75.6287,34502
10.3350,76.1392,35626
8.3964,77.0033,35963
11.0567,75.8668,35996
8.5222,77.0400,36212
11.0121,75.9947,36270
11.2173,75.8999,36909
8.4902,77.0374,37350
9.5453,76.5141,38599
11.0283,76.0290,39139
9.8857,76.3733,39538
11.7137,75.5860,40292
8.5073,77.0815,40448
8.3930,77.0637,40712
8.4313,77.0129,40816
8.5514,76.9608,41583
11.0698,75.9388,41993
9.6183,76.5313,42839
11.3197,75.8015,42866
10.0879,76.3411,43207
9.5297,76.5406,43595
11.2184,75.8325,43895
11.1372,75.9257,46962
9.5419,76.3424,47126
11.0508,75.9781,48600
10.0124,76.3263,51242
8.4498,77.0257,53861
11.0597,75.9031,55535
11.1903,75.8283,61614
23.1926,82.1272,20873
23.1649,81.9286,28447
23.1984,81.5806,30354
23.2524,82.1167,32682
22.0516,80.7157,34176
23.1854,81.5551,45156
23.1648,77.4189,87882
19.2472,73.0152,15573
19.8761,75.2916,18051
19.8202,72.7296,18194
18.1566,74.6071,19346
16.7192,74.4451,20420
19.6031,74.1936,21860
16.6602,74.2274,22353
17.6718,74.0129,22517
17.6702,74.0347,26106
16.6167,74.4044,28953
19.2459,73.1771,29462
20.9209,74.7611,29636
19.7867,72.7616,31699
16.7017,74.4395,38146
19.8440,75.2148,42877
18.6821,73.7316,48961
19.8431,75.2360,65620
24.7009,93.9033,16582
25.8909,93.7388,16108
20.9345,85.1879,15169
20.9528,85.1717,15787
19.3287,84.8007,16377
20.8987,82.5089,18967
11.9398,79.7713,32871
29.8635,75.6964,17432
30.6773,75.8263,31302
30.7752,76.7931,50869
27.4193,75.8214,15414
28.3681,75.5840,15644
26.7227,73.9176,16905
26.3116,73.1009,20827
24.8149,74.0950,22812
12.8915,79.1238,16700
12.9508,79.1506,15177
10.7594,79.0934,16197
9.6353,77.6389,16784
8.2307,77.1863,17327
8.2791,77.3096,17662
10.3308,77.9812,17851
8.3064,77.2240,17989
9.1706,77.8512,18258
8.3536,77.1859,18276
8.2095,77.2476,18589
9.4996,77.5879,18635
8.1887,77.2878,19093
12.9203,80.2081,19100
10.1671,77.9132,19257
8.3075,77.1521,19417
12.9534,79.1337,19828
8.8387,78.1051,19844
8.1843,77.2481,21177
12.9891,80.1418,21906
12.8931,79.1345,22176
8.9086,77.4311,22231
8.2602,77.1740,23630
8.2996,77.2406,23656
8.3352,77.2136,24050
8.2651,77.1421,24657
8.3825,77.1983,25378
9.4295,77.8003,25555
10.3591,78.0026,25627
13.1710,80.2476,27674
12.8951,79.1279,31211
13.1647,80.2039,31665
8.2890,77.1080,38385
8.8359,78.1352,40035
8.8193,78.0909,45863
13.0318,80.1824,52295
12.7978,80.0250,81872
17.5100,78.5656,44562
17.2624,80.1681,53442
23.9688,91.3708,15481
23.7815,91.2858,16579
23.7984,91.2964,16941
23.8091,91.2481,19598
37.1487,42.6859,95052
30.0362,47.9195,107620
34.8881,44.6326,59886
34.6158,43.6786,42477
36.4912,43.1211,23524
36.8085,43.0393,128776
35.5172,43.2281,160000
34.1959,43.8857,158508
32.7156,44.2786,30622
36.6114,44.5219,22943
34.3925,40.9894,74100
36.2709,43.3776,50000
31.8632,46.0732,110000
33.7481,45.5550,29785
36.0829,44.6287,44987
34.6896,44.9606,30143
34.3482,45.3907,175000
35.4681,44.3922,1031000
32.6160,44.0249,1218732
34.6281,45.3185,250000
36.1912,44.0094,1612700
33.6366,42.8277,31901
35.1778,45.9861,57333
34.1366,42.3773,30925
36.6556,44.5422,125000
36.8661,42.9879,340900
35.5336,44.8343,75634
34.9291,43.4888,173677
37.1745,43.0123,28000
33.7540,44.6052,152550
35.6205,45.9491,27116
34.0149,44.1457,42088
33.3406,44.4009,7216000
30.3921,47.7017,122676
32.9256,44.7758,77200
35.5650,45.4329,878146
31.3320,45.2944,152890
31.5838,44.6467,22643
31.4091,46.1727,182175
31.9626,44.6007,57661
33.0372,40.2859,22370
31.5284,45.2038,47248
33.4206,43.3078,223500
36.7604,43.8943,23000
32.5562,45.4129,110000
31.0580,46.2573,558400
32.0259,44.3462,482576
34.4693,41.9422,19719
31.0155,47.4336,286073
32.2980,44.6828,36992
32.7787,44.2901,57300
31.8044,44.4893,23189
33.9786,44.9369,155968
36.3327,43.1056,2065597
36.3350,43.1189,1683000
33.0622,44.3656,350000
32.6614,44.4085,31200
30.9632,47.2700,255000
32.5128,45.8182,315162
32.0511,44.4402,110000
33.8081,44.5334,70046
32.8873,44.3462,100600
32.4619,46.6879,19711
32.5419,44.2247,84100
32.4637,44.4196,455700
32.1742,46.0434,78272
30.5848,47.7611,92395
31.7431,44.6196,30909
30.9697,46.7228,21551
29.9742,48.4731,104569
33.3491,43.7860,190159
30.5085,47.7804,1326564
32.9094,45.0636,44751
31.8356,47.1448,323302
32.0643,45.2474,35536
33.8467,44.2344,26362
31.9929,44.9255,318801
33.3056,44.1848,900000
30.5032,47.8151,2015483
36.2358,44.7947,80000
36.3209,41.8766,38294
34.3686,41.9819,27000
36.8583,42.8501,71557
35.8216,51.6444,18146
36.1893,50.0643,90000
36.1797,52.9735,16191
34.7905,48.5701,514102
34.0734,47.9725,73528
35.2345,52.3094,49491
35.4287,51.5776,251834
35.5053,51.1914,58683
35.5183,51.1819,240000
35.6803,51.0193,116062
35.6011,51.0645,34221
32.4167,48.2167,264709
36.2078,49.1953,50528
36.7415,49.4161,17396
35.8619,50.8742,141669
35.7720,50.9560,16104
29.2050,52.6904,31711
30.8350,50.1987,25808
28.8349,53.1726,59116
30.6682,51.5880,96786
37.0864,55.1722,47590
30.8127,56.5640,58983
36.6764,48.4963,357471
31.8972,54.3675,477905
35.3242,51.6457,179603
35.2740,59.2195,125633
36.8163,50.8738,37501
35.6944,51.4215,7153309
37.7966,48.9052,45305
36.0706,49.6957,71499
36.4009,47.1133,51541
35.8044,51.4256,86000
31.7438,54.2028,19394
38.0800,46.2919,1424641
33.5959,56.9244,49993
30.4551,53.6510,20000
36.5717,52.0153,26947
37.3013,49.3150,47083
34.7819,47.5994,43174
29.4514,55.6809,207645
37.1533,49.8714,19924
32.0497,48.8484,77507
32.1942,48.2436,52284
37.3967,57.9295,82790
29.6103,52.5311,1249942
32.3261,50.8572,129153
30.1165,55.1186,52409
30.6492,48.6650,41733
35.5769,53.3920,124826
31.4167,51.5667,27220
35.0213,50.3566,175533
36.5633,53.0601,255396
38.0261,46.1476,29739
36.1552,45.4788,46412
37.9408,47.5367,45031
36.2499,46.2735,151237
35.3150,46.9988,349176
38.1973,44.7653,81606
36.9180,50.6480,35997
36.6793,46.5669,41442
36.8888,50.6964,20716
36.2126,57.6819,226183
30.0792,53.1346,17131
37.1370,50.2917,47502
35.7334,51.9059,28533
35.4846,51.0829,62753
37.5495,49.1374,19519
31.2656,56.8055,40167
37.2761,49.5886,594590
30.8931,49.4079,19454
31.2800,49.6035,74285
30.4067,55.9939,147680
37.1060,58.5095,111752
35.1664,47.8056,87953
34.6401,50.8764,900000
28.4825,53.0346,20010
26.9492,56.2691,25000
36.2688,50.0041,333635
38.8915,45.0255,31947
35.7214,51.1090,309605
32.2717,50.9801,32391
33.7265,59.1844,40157
36.4631,52.8601,204953
34.4611,45.8626,51611
33.1525,47.7101,26352
39.3480,45.0710,42170
35.3080,51.7267,53856
36.7010,45.1413,61973
35.0434,46.3565,17779
39.6482,47.9174,101661
37.0397,45.0983,50661
37.5527,45.0761,577307
30.7628,49.7023,46983
30.1140,51.5217,57058
36.6485,51.4962,40000
36.2133,58.7957,220929
29.1988,54.3278,45506
36.6508,53.2991,48847
35.9541,50.6061,213388
33.5112,51.9181,43977
36.9553,45.3880,81598
32.8601,53.0875,27379
34.1909,48.3745,76250
35.7499,50.9438,62005
27.5521,52.8816,35000
37.2302,55.3721,30085
27.1310,57.0872,70790
37.4210,47.7150,182848
36.9667,46.1096,134425
32.2501,54.0166,51874
38.3990,47.6820,74109
31.5843,54.4428,36720
31.9364,49.3039,111510
29.9227,56.5743,37192
36.2981,59.6057,2307177
29.8741,52.8026,148858
35.5183,46.1830,91664
35.7282,50.8134,62910
38.4329,45.7749,124191
37.3921,46.2391,262604
35.8292,59.6332,262604
36.7445,49.4008,15630
37.1426,46.1035,27431
34.3016,48.8217,176573
35.6659,50.9767,56745
27.8486,52.4230,46581
36.6319,52.2629,31844
36.7631,45.7222,162434
30.8949,50.0931,19857
27.6834,54.3417,62045
37.1955,50.1526,68148
37.2042,50.0092,101073
31.2392,48.6564,56252
33.5333,47.6100,89091
36.7931,54.1121,39881
26.5578,54.0194,20922
38.5503,44.9521,175370
33.2205,50.3150,21146
30.4408,48.1843,330606
33.4878,48.3558,329825
33.6389,50.0800,77425
37.3902,49.6585,20897
37.6184,48.5293,51024
34.3142,47.0650,621100
30.2832,57.0788,577514
29.6192,51.6535,94511
35.2383,58.4656,96151
35.8327,50.9915,1448075
34.0609,49.6446,29721
34.5043,47.9653,53414
34.7953,46.9368,61642
37.3790,55.4930,33700
36.6409,52.9121,28404
34.7961,46.5172,38657
27.8298,52.3252,31436
28.5000,53.5605,141634
31.8303,49.8676,119399
33.6374,46.4227,140940
35.9620,50.6799,55640
34.2721,47.5861,57647
34.7992,48.5146,528256
28.3091,55.9017,23309
31.4469,49.5295,15802
32.2266,50.7931,21352
36.8427,54.4439,244937
37.2500,55.1672,131416
34.3529,58.6837,43465
33.4537,50.2884,44916
27.6697,54.1359,34469
39.0215,48.0801,28967
29.5791,50.5170,52750
36.7273,53.8089,21352
37.2726,55.4339,23394
37.2240,49.3125,27763
28.8446,52.5715,66558
36.6849,52.5192,34097
36.8980,54.7496,19461
28.9383,53.6482,98061
32.2569,50.5609,25071
28.8601,52.0945,20320
27.7622,54.0042,19987
29.1266,54.0421,36410
34.1089,46.5299,90559
35.7255,50.3662,29993
37.0765,57.5101,59678
36.4182,54.9763,131889
33.4922,49.0616,121638
30.3586,50.7981,94638
35.9139,47.0239,34007
33.9905,50.6838,33508
32.6941,47.2679,46002
30.7934,50.5651,69726
31.5635,48.1896,41443
33.1445,47.3799,24961
28.7517,54.5406,63319
36.1679,54.3429,67694
35.7184,52.0696,29144
36.6455,59.1212,46940
30.7556,50.7452,15218
36.6550,51.4204,69638
28.9689,50.8366,165377
35.7297,51.8688,79034
36.5210,46.2089,213331
33.8973,48.7516,251958
31.9652,51.2873,52654
29.2699,51.2188,86059
37.4747,57.3290,192041
32.8663,59.2211,196982
35.8668,47.6051,53871
37.3404,46.0561,80359
36.6923,53.5526,94702
30.5959,50.2417,79327
37.3631,49.1329,17901
35.2622,57.9708,28233
29.0663,58.4046,22761
35.9975,45.8853,104799
36.9012,54.0720,53970
30.5566,49.1885,162797
26.5579,54.8807,22768
36.7741,53.9480,20742
30.0542,50.1590,25730
37.4732,49.4579,110826
27.1865,56.2808,352173
29.1060,58.3570,99268
34.9072,48.4414,28645
31.5240,49.8856,26343
29.2331,56.6022,34517
31.6035,55.4025,31215
36.6993,52.6501,48051
36.5510,52.6786,202796
33.6095,48.9307,47482
33.4564,49.4565,47489
37.4779,47.0508,16888
33.9313,49.4063,21181
38.4308,48.8699,39065
37.2632,49.9432,42784
34.7824,48.1201,59617
33.3794,52.3698,16058
32.3100,54.0175,58834
38.2498,48.2933,410753
34.0575,51.4829,65404
34.0949,49.6981,503647
32.4615,48.3537,135116
28.4759,57.8480,18185
30.8707,55.2702,15532
36.4696,52.3507,237528
37.0966,50.1871,15444
36.5967,52.6658,30478
36.3188,49.1677,74889
35.6588,51.0577,309607
33.4040,49.6918,91041
33.8642,48.2626,27701
37.4776,45.8943,29675
31.3190,48.6842,841145
38.4774,47.0699,94348
30.7006,49.8315,21785
36.0667,50.5500,55128
36.1468,49.2180,69889
32.9926,47.4198,23946
31.1608,52.6506,59116
30.3392,48.3043,370180
35.7630,50.9171,119418
35.5316,51.4048,65388
35.5237,51.6505,36446
39.2192,44.7700,25381
30.2019,53.1800,29825
35.6102,51.1611,119512
35.5729,51.0850,25544
35.3022,51.5358,36709
32.8579,51.5529,173329
32.3906,51.3765,55817
32.3564,51.3787,18700
32.7033,51.1538,21703
32.6833,51.6016,49143
32.0088,51.8641,134952
32.6284,51.4393,25235
32.5773,51.4537,29392
32.6346,51.3653,235281
32.3461,51.5020,69449
32.7780,51.6469,29154
32.6856,51.5361,277334
32.5512,51.5276,33630
32.8048,51.6209,24433
32.4866,51.3967,88426
32.5553,51.5097,49843
32.6525,51.6746,1547164
32.7998,51.6955,33607
32.3875,51.5102,18935
32.8021,51.6636,17775
32.6153,51.5556,37462
32.3933,51.3394,15574
32.4881,51.7731,79023
32.5561,51.5733,20000
35.5522,51.2350,450000
31.0306,61.4949,121989
29.4963,60.8629,551980
35.2440,60.6225,58928
34.7400,60.7756,37513
27.3709,62.3310,60014
36.5449,61.1577,46499
26.2483,60.7525,37722
26.2258,60.2143,17000
31.5419,60.0365,18304
25.3604,60.3995,43258
34.5763,60.1409,33189
28.2211,61.2158,69603
27.6029,62.7102,18098
27.2024,60.6848,131232
25.2919,60.6430,47287
30.7084,49.1627,33505
31.4079,48.7946,36374
35.7555,50.9967,181174
35.4719,50.9755,97464
35.5803,51.1139,53971
35.5650,51.1633,200393
35.7469,51.8122,73363
34.0504,49.4350,19346
28.6781,57.7406,130429
36.5698,59.1904,36877
35.7107,53.3539,21000
37.0139,54.4550,35116
30.4370,49.1029,78353
35.9891,50.7451,85200
35.4785,51.6834,236319
33.8685,57.4288,15318
35.7471,51.2774,116062
35.5653,51.1583,200393
35.6471,51.1338,83934
65.6835,-18.0878,19219
64.1355,-21.8954,118918
64.1123,-21.9130,37959
64.0049,-22.5624,15930
64.0671,-21.9377,29971
63.9981,-22.5611,19724
36.9515,14.5279,50852
38.0779,13.4428,19031
38.6762,16.1009,19263
38.0176,12.5362,67531
37.9823,13.6973,22957
37.0754,15.2866,121605
39.3029,9.2028,15791
38.2699,16.2961,15651
39.2985,9.0925,18191
39.2578,9.1632,23285
37.2955,14.8406,16645
36.7901,14.7028,16109
37.5069,13.0840,40569
37.5769,15.0937,22046
39.2545,16.6970,17358
37.4841,13.9854,22079
38.9667,16.2833,20000
39.5986,16.6349,23824
36.8214,14.9513,19721
37.4977,13.2668,17664
38.1105,15.6613,182455
36.9257,14.7244,74251
39.3447,16.2380,22889
39.2293,9.2500,66620
36.7303,14.8467,18166
37.2894,13.5249,16574
37.3842,14.3692,17736
37.5667,14.9025,46030
38.0466,13.1179,28708
38.3594,15.8515,18556
37.1907,13.7660,22654
38.1166,13.3636,648260
37.3295,14.7447,16227
36.7152,15.0902,20493
39.9036,8.5926,31671
36.8924,15.0698,18421
37.1465,14.3938,26893
38.9709,16.3129,40000
39.2564,9.1444,20193
38.0812,13.2895,21964
36.8587,14.7597,54456
37.5180,15.0091,45542
38.0318,13.4480,19171
38.2201,15.2402,31771
38.1939,15.5526,219948
37.6553,12.5899,51534
37.5746,15.0496,32179
37.7992,12.4367,77915
37.1027,13.9397,36537
37.2856,14.9974,24102
39.3092,8.5372,22659
38.4251,15.8975,18769
37.7244,15.1816,24138
37.0738,14.2404,75001
37.0834,15.1533,22089
37.3175,13.6623,32110
37.5655,14.2743,22998
39.0808,17.1276,64603
39.2989,16.2531,63852
36.9489,14.6073,26298
38.8825,16.6009,78970
37.4922,15.0704,311584
39.8163,16.2018,20334
37.6808,12.7919,31680
40.0113,18.1624,19359
38.1324,13.1827,35082
39.1647,8.5213,21664
37.3584,13.8479,32918
37.4903,14.0622,62797
37.2379,14.5155,38391
39.2305,9.1192,149257
37.7886,14.8338,19074
37.6444,14.8668,23188
37.5919,14.9799,16319
38.1477,15.2147,34598
38.0789,13.5124,53149
36.9084,15.1394,28666
37.2407,15.2212,30723
39.2912,8.9988,25257
37.9779,12.9647,44431
37.3107,13.5766,32514
37.6636,14.8328,34446
37.6089,15.1658,49477
37.6061,15.1417,24663
37.5556,15.1454,17588
44.4897,11.2183,15965
40.8428,14.2308,44791
44.9915,9.0117,38464
45.9803,12.3006,24789
42.4194,12.1056,47134
45.5146,9.2877,17072
45.6155,9.3680,22727
45.7129,12.2570,15265
40.9201,14.1934,25074
45.3541,10.8446,15895
44.4838,11.0110,22397
45.3141,8.8544,57970
45.5467,11.5475,111980
43.8669,10.2502,62169
44.9355,10.5190,20013
45.4385,10.9938,258031
45.3216,8.4199,45875
43.7896,7.6087,24120
45.4371,12.3326,51298
45.1260,7.6314,33531
41.6857,12.7775,52911
42.1115,14.7065,41409
45.8206,8.8251,80588
45.0714,7.7042,29230
41.0438,16.8849,16101
45.0124,8.6438,17305
45.6450,11.2989,22555
46.0693,13.2371,100170
41.0655,16.9250,26811
45.6495,13.7768,204338
45.4221,9.0634,20001
45.6667,12.2416,85760
45.5208,9.5910,24937
40.9752,14.1749,17056
46.0679,11.1211,120709
45.4340,8.7364,19430
41.2773,16.4101,53981
45.7084,8.9076,17154
44.8978,8.8637,22743
41.6889,15.2941,16955
40.7893,14.3681,85332
40.7534,14.4525,43521
45.0705,7.6868,847287
43.2092,13.2852,16504
42.7788,12.4120,15345
41.9595,12.8016,22018
45.7088,11.4796,21145
40.8040,14.4931,17138
41.2917,13.2436,30980
42.5633,12.6433,111189
41.9999,14.9939,31044
41.1290,16.5454,25811
42.6612,13.6990,54338
40.4644,17.2471,198585
44.9924,10.7441,16571
42.0495,13.9258,21086
42.7407,12.7390,19266
41.7183,13.6136,23758
46.1685,9.8713,19208
40.8733,14.4387,32484
40.8455,14.1926,45314
43.3182,11.3306,53901
41.5003,13.0618,16071
45.6467,9.1430,22733
45.1392,7.7701,47485
44.2732,9.3968,16963
45.5333,9.2258,81822
43.8319,11.1992,45656
45.6853,9.7249,23552
45.6500,9.2055,42760
43.7163,13.2088,30882
45.5756,9.1262,20620
45.4918,9.2981,28296
40.9000,14.2667,42827
45.7126,11.3567,33740
43.7542,11.1879,44951
44.5983,10.6956,25896
40.7602,14.5372,48702
44.3090,8.4771,61345
44.6481,7.6568,16800
40.4020,17.5527,15898
44.5432,10.7848,36926
40.7259,8.5555,91895
44.1118,9.9622,20435
45.6251,9.0352,38099
40.8075,14.6215,28837
40.6564,17.7081,17617
40.7924,16.7587,24922
40.7215,14.5402,18859
40.9422,14.2348,33561
40.8684,14.4020,20733
41.0816,14.2534,31743
41.6856,15.3815,51919
45.6519,10.2568,23228
42.0441,14.7333,17123
43.8173,7.7772,47043
41.8384,15.5654,15815
43.6795,10.8498,16900
43.6933,10.8412,26365
45.1036,7.7680,18521
44.4705,11.4085,22350
40.8356,14.5049,26888
45.3940,9.2911,31050
43.5676,11.5299,16002
41.7064,15.7277,27124
45.3819,11.0447,20038
44.6384,11.1842,15783
40.8381,14.3061,23839
40.8326,14.3416,45463
45.4105,9.2684,28351
45.6302,12.5681,41856
45.3959,11.2735,17347
42.9568,13.8768,45873
44.6467,7.4931,16537
44.8159,9.9864,15754
40.6754,14.7933,125797
45.9541,12.5027,16626
41.3002,13.0282,19327
41.1176,16.4842,23938
41.0100,17.0056,17674
45.3819,9.1559,39731
45.0698,11.7902,50279
45.8904,11.0405,34152
43.3895,10.4361,19786
42.6716,14.0148,16538
45.5208,9.7544,17549
41.8919,12.5113,2318895
41.7658,12.7019,15036
45.0707,7.5146,48629
45.8858,10.8412,17331
44.0575,12.5653,148688
42.4048,12.8574,39068
43.9994,12.6569,32744
45.5324,9.0402,47086
44.6983,10.6312,171944
44.4134,12.2012,80868
44.3496,9.2280,26993
45.5131,9.1434,182118
40.9190,14.1535,23752
40.8511,17.1219,23661
43.8805,11.0970,195089
40.8439,14.0952,81231
40.6418,15.8079,56433
40.8128,14.2000,22856
40.8338,8.4053,21653
43.2530,13.7597,22233
43.1778,13.7941,15558
45.7807,12.8405,17468
43.3049,13.7207,42251
40.8156,14.3372,53801
45.9569,12.6605,49878
40.8542,14.3304,52284
43.6614,10.6307,19518
40.7457,14.4970,23902
40.9098,14.3832,38921
41.6693,12.5012,22346
40.8654,14.2888,23654
40.8011,14.5407,19451
43.4706,11.1480,21692
43.9306,10.9237,73832
40.8930,14.2339,27534
43.7085,10.4036,109960
44.9880,7.4601,16904
42.9255,10.5259,34041
45.5015,9.3305,34203
44.8853,7.3313,30866
43.9595,10.2278,18897
40.8591,14.1731,57821
45.0524,9.6934,103607
42.4584,14.2028,119554
43.9092,12.9164,77241
43.1122,12.3888,120137
45.1921,9.1592,65734
44.7993,10.3262,198292
45.5603,8.9454,26364
41.0556,16.7032,20692
45.5966,9.8869,17973
40.5776,17.0381,15388
40.7420,14.6145,32835
45.4080,11.8859,203725
45.5690,9.1648,46235
40.8519,14.4783,23396
40.7291,17.5768,24157
43.4854,13.4822,16610
41.3288,15.7099,16677
45.0055,7.5381,21813
40.9234,9.4980,60345
45.7811,12.4944,15764
40.3199,9.3257,35948
44.7625,8.7870,25957
45.5305,9.1395,19758
45.4469,8.6212,101916
45.5888,9.1979,22310
40.9261,14.5282,24101
41.0345,16.9896,21988
40.7936,17.1268,15383
40.7425,14.6745,23452
40.7454,14.6454,45608
45.0003,7.6531,47760
41.4579,12.6639,49873
45.5534,8.9792,17030
40.1795,18.0317,29668
40.8522,14.2681,909048
40.9094,14.2098,34231
45.5888,9.2278,23193
45.5800,9.2725,124398
45.4132,10.3980,15030
43.5252,11.5724,18682
42.5114,14.1451,53275
42.0516,12.6197,37225
43.9269,11.0372,17502
45.5037,11.4120,20815
43.8815,10.7723,17954
45.7750,12.0490,26670
45.2390,11.7498,18682
40.9492,17.2972,37738
45.8046,13.5329,26706
41.1140,13.8916,28683
44.3960,7.8176,21880
44.9994,7.6824,56134
41.2004,16.5990,59557
41.0600,17.0900,24682
45.5559,12.2429,21991
41.0843,16.7834,36384
44.6478,10.9254,184732
45.4946,12.1077,15139
44.8852,11.0690,17380
45.4346,12.1294,32881
41.2629,13.7458,16236
45.4643,9.1895,1371498
40.8882,14.2534,23896
45.4917,12.2454,147662
40.5585,17.8077,26497
46.6682,11.1595,41051
42.0354,12.6441,17047
45.4981,9.4204,18031
40.9195,14.2310,36933
45.3578,9.3236,16707
45.6612,9.1534,22665
40.6660,16.6046,60403
43.8664,10.3446,22435
40.5862,17.1164,30875
44.0354,10.1393,64783
40.7035,17.3381,37685
41.7698,12.6592,44142
44.0038,10.1067,19092
44.0384,10.0414,25000
40.9248,14.4561,29901
45.6965,9.1818,22643
45.4511,12.2239,28622
41.0306,14.2987,40239
40.8971,14.1882,49920
45.1603,10.7978,39260
41.6307,15.9188,56932
40.3990,17.6373,27411
45.7938,8.8810,15466
45.4646,8.8845,22566
41.0358,14.3823,34546
43.2979,13.4529,30842
44.4214,11.9109,21273
41.5055,15.3391,32222
43.8437,10.5045,81748
45.3099,9.5008,40767
43.5443,10.3262,157017
45.6124,9.2399,37353
45.5995,9.1251,32062
41.7321,12.2765,85301
45.4105,12.3665,15719
45.5979,8.9151,57589
45.1936,11.3023,21646
45.8559,9.3970,46580
40.3548,18.1724,80695
41.4661,12.9043,76305
44.1030,9.8238,93288
42.3505,13.3995,33691
42.2272,14.3902,34791
45.5718,9.0268,25011
41.9507,12.0750,34204
45.4672,7.8762,23599
41.5960,14.2340,16945
40.7391,13.9510,18192
40.7379,13.9486,18564
45.9378,8.5709,28911
43.8892,8.0393,42328
44.3592,11.7132,69953
43.5214,13.2437,36985
41.9923,12.7188,20943
40.9359,14.2598,17879
45.0652,7.5795,36700
40.5369,17.4372,31320
41.7866,12.6714,18144
42.7630,11.1094,60922
40.8175,16.4191,42210
40.6891,14.5204,29082
45.9409,13.6217,34428
45.5307,9.4053,18979
45.7000,9.2089,25916
42.7538,13.9665,20490
40.9285,14.2020,80269
41.1850,16.6705,19186
40.7997,16.9230,24184
40.5769,16.7566,16151
45.4020,10.2768,16351
41.7071,12.6890,20582
44.4048,8.9444,580097
45.5744,9.0754,25974
40.0559,17.9909,19176
45.4794,8.6982,15699
45.6602,8.7916,50439
40.1742,18.1703,19569
41.2141,13.5708,19936
40.8333,14.2000,76521
41.6398,13.3411,44505
40.9558,14.2720,15487
40.9414,14.2759,29822
41.8091,12.6794,20036
40.5312,17.5852,33415
42.4216,14.2822,21095
44.5508,7.7192,18773
43.9238,11.0352,17278
44.5727,10.8474,34328
41.2563,13.6089,28521
44.2218,12.0414,116696
40.7376,13.8600,15969
41.3579,13.4272,39762
42.9278,10.7645,21163
42.9549,12.7027,56918
41.4584,15.5519,137032
41.7709,12.2366,34556
43.7792,11.2463,367150
44.5389,10.8117,16278
44.8669,10.0604,21952
44.8380,11.6206,132009
43.1630,13.7227,18109
40.8362,17.3601,22593
43.8405,13.0167,60978
43.6256,13.3995,25948
44.2901,11.8795,41714
43.3394,12.9033,23230
45.2234,11.6638,16963
40.8078,14.3501,53576
45.8088,9.2261,16431
43.7180,10.9476,34394
40.6175,15.0569,26183
46.1165,8.2931,17778
45.6183,9.2025,41960
45.4713,10.5356,22665
45.6493,9.6062,22881
45.5519,9.1837,18904
44.3907,7.5483,55980
45.1332,10.0213,71223
45.3626,9.6818,31481
45.4310,9.1109,33669
44.7674,10.7835,15571
45.5013,9.0268,20098
45.5492,9.1596,20031
45.9836,12.7004,15962
41.1517,16.4114,46505
40.2682,18.0543,23489
40.9684,17.1133,22661
45.8880,12.3020,30765
45.8082,9.0832,84808
45.5300,9.2780,45786
45.0787,7.5674,46524
41.7272,13.0048,20736
43.4211,11.1274,16625
42.0932,11.7967,47543
43.4656,12.2375,22497
41.5908,12.8281,27362
45.2349,7.6013,17439
45.5582,9.2149,75943
41.8006,12.6016,38277
45.1909,7.8898,23017
45.2186,12.2777,41897
42.3483,14.1649,44444
45.0105,7.8213,36749
44.3177,9.3224,26572
45.5376,9.9270,15541
44.1999,12.3991,18925
44.1391,12.2431,97137
45.6292,9.1519,36986
44.2620,12.3481,28700
41.9908,12.0908,15883
45.5253,9.3330,29078
41.2652,15.8956,54056
40.8604,14.3573,17821
44.7310,11.2872,18191
40.6462,17.5166,16536
43.3062,10.5173,22018
40.6995,14.7077,53130
43.9618,12.7363,16189
45.3902,10.4862,18530
41.0329,13.9435,21881
44.5771,11.3607,16068
40.7021,14.4869,66164
45.6715,11.9276,25545
44.5945,11.0498,17315
41.4858,13.8284,21074
45.5264,9.5153,17267
40.9075,14.2930,73918
41.0726,14.3323,72844
43.6756,10.5549,40512
40.9565,16.9208,18380
40.9097,14.3421,45796
45.1334,8.4525,33213
44.4756,11.2750,33789
41.0100,14.1301,20589
45.5498,9.3404,15368
44.0793,10.0979,58666
44.7824,10.8777,71148
44.8496,7.7203,23012
40.9459,14.2995,22239
45.6757,9.2372,15404
41.1052,14.2127,15438
43.8417,10.5727,41116
45.7410,9.1308,39917
41.2195,16.0677,29847
41.5595,14.6674,49230
43.8245,11.1303,32871
43.9427,10.2975,26746
40.9575,14.3059,34604
45.6113,8.8491,83405
45.4690,10.8537,15170
40.9224,14.4239,15238
45.5530,9.2991,33061
40.6322,17.9361,87141
45.5379,9.1892,25712
46.7150,11.6560,15868
45.5356,10.2147,200423
44.6978,7.8513,24072
45.6102,9.1530,16542
40.7727,14.4812,26861
45.6987,8.4623,20430
46.4907,11.3398,107436
44.4938,11.3387,394843
45.5465,9.1205,35235
41.1101,16.6909,51661
41.2426,16.5010,55385
45.5630,8.0580,43030
45.6960,9.6672,121200
41.1307,14.7782,58418
46.1426,12.2156,25064
40.6086,14.9821,47104
43.0643,12.5461,17831
45.7666,11.7274,38224
40.8426,14.3185,36642
41.3143,16.2816,93279
41.1207,16.8698,316491
45.4793,8.9979,16546
40.8132,14.1681,23333
40.7967,14.0735,25590
42.0290,13.4264,37808
40.9726,14.2074,52974
40.9149,14.7910,48104
44.9016,8.2075,74348
42.8535,13.5739,41741
45.5203,11.3345,21247
40.9096,14.2652,34933
41.7206,12.6723,17487
43.4628,11.8807,100734
45.5505,9.0774,19138
41.6074,12.5416,17078
45.6268,9.3245,16690
41.5945,12.6542,74977
45.7376,7.3172,35261
41.4526,12.6216,45403
40.7381,14.5707,31632
41.2312,16.2980,99784
43.6072,13.5103,89994
40.8266,16.5495,70539
45.0935,7.5239,16598
40.5597,8.3195,34261
44.9092,8.6101,92104
45.3471,11.8678,16477
44.0500,8.2183,17103
41.7275,12.6590,26684
44.6999,8.0347,24923
40.3492,14.9907,17335
40.9230,14.3094,64470
41.0033,16.8721,16756
44.6755,8.4693,17828
40.8970,16.8433,20536
41.7634,12.3308,129362
40.9448,14.3714,59910
45.3982,8.9168,32784
45.3575,11.7873,18224
45.4911,12.1550,23710
45.9214,8.5518,31070
45.6479,10.2649,23712
41.9936,12.7224,67516
38.9626,16.3094,70501
45.5978,9.0463,16377
45.6721,8.8269,21208
41.0170,14.4874,16571
41.0524,14.3333,21147
40.8782,14.1435,37683
40.9644,14.2685,24750
40.8992,14.2766,18663
40.8736,14.3408,22911
37.5609,15.0629,26524
45.4421,9.0945,23368
41.9977,12.6181,20843
41.6211,12.4620,17235
45.4861,9.1392,16000
41.7346,12.3616,29838
41.7484,12.3473,32706
44.1425,12.4715,17635
41.9636,12.7563,15117
41.5544,12.5412,20216
41.1248,16.7926,29800
40.8687,14.0828,29125
45.4231,9.1071,26163
38.0251,12.5484,23880
40.8888,14.3201,19988
40.5222,17.2740,17330
39.6271,16.5137,15136
40.8603,14.2522,30483
40.8651,14.2629,69094
41.7786,12.4424,24219
45.0718,7.6792,20285
45.0580,7.6656,18334
45.0459,7.6445,29680
45.0213,7.6231,33677
45.0688,7.6505,36044
45.0684,7.6250,54766
45.0820,7.6649,32586
45.0801,7.6257,46795
45.1031,7.6638,21362
45.1059,7.6556,25000
45.0923,7.6940,50354
45.0807,7.6873,20001
45.0529,7.6798,35591
45.0425,7.6276,41337
45.4715,9.1876,18492
45.5134,9.2487,17508
45.4817,9.1752,29000
45.1098,7.6513,50000
43.7769,11.2771,88588
40.8325,14.2268,38356
40.8810,14.2076,23396
40.8615,14.2733,15062
40.8334,14.2475,18404
40.8471,14.2632,16848
40.8573,14.2228,67634
40.8543,14.2432,33001
40.8444,14.2455,23050
40.9035,14.2374,39060
40.8857,14.2901,17324
40.8569,14.2648,48078
40.7354,8.5677,45000
45.4218,11.8875,44000
41.9288,12.5658,27206
41.8531,12.6185,20680
41.8982,12.5341,16273
45.0736,7.7176,18300
49.1880,-2.1049,28000
17.9911,-76.9574,145018
18.2189,-78.1332,16553
17.9710,-76.8869,102861
17.9414,-77.1090,26024
18.0075,-76.7832,583958
18.4712,-77.9188,82867
17.9645,-77.2451,44755
18.0417,-77.5071,47115
18.1368,-77.0317,20660
17.9970,-76.7936,937700
18.0125,-76.7993,18552
31.9545,35.8183,181212
31.8854,35.8543,18274
31.8703,36.0048,40241
31.9865,35.7699,17754
31.7160,35.7939,82335
30.1962,35.7341,50350
32.2764,35.5994,17837
31.8791,35.9210,186158
31.9920,35.8400,251000
32.4079,35.7080,20000
32.2808,35.8993,27046
31.1589,35.6928,22756
32.5556,35.8500,569068
32.0727,36.0880,792665
32.5053,35.8581,18376
30.8375,35.6044,25429
32.0392,35.7272,107874
31.0361,35.4654,15200
32.5587,36.0082,155693
32.3067,35.7544,17634
31.9552,35.9450,1275857
31.9104,35.9498,32396
32.3429,36.2080,57118
31.1825,35.7000,22581
32.0107,35.8980,46834
32.0047,35.7809,18916
29.5267,35.0078,95048
32.3333,35.7528,125557
31.1637,35.7620,21678
32.0178,36.0464,268237
32.1208,36.2801,50931
33.3141,38.7034,85000
32.0221,35.8439,151016
31.9027,35.8464,82788
33.7333,135.9833,27491
35.4427,139.3693,223960
34.6552,135.0069,303601
35.2948,139.5781,60055
34.2270,133.7779,31631
35.4879,139.3910,132325
35.8000,137.2333,35000
33.7287,130.9830,71426
36.3000,139.8833,50645
35.1500,139.0667,23426
35.5333,135.1000,20092
35.8923,139.8418,73262
36.2500,138.9833,25655
37.6833,138.8833,25500
36.1157,139.1943,32851
35.8833,139.6333,102364
35.4333,133.3333,148720
26.2044,127.7527,19695
35.7500,139.3833,69550
35.2836,139.6672,409478
35.4333,139.6500,3777491
34.9667,136.6167,305424
33.5354,131.3281,52771
35.1163,136.1977,112819
34.8701,135.7027,71656
32.5044,130.5995,123067
36.5667,137.1333,22205
35.4215,133.2422,38875
34.9167,134.9667,21554
35.8225,139.8390,93363
34.6167,135.6000,273213
33.9667,132.1167,32490
33.1667,130.4000,64475
34.5167,135.7500,61744
33.5655,133.7028,32207
35.0000,134.5500,25115
34.1833,131.4667,193966
33.0167,130.6891,49082
33.6000,133.6833,26513
34.8688,138.3195,139578
36.8000,139.9333,36275
34.6833,132.5333,17763
35.4030,134.7712,22177
35.5000,133.6833,16365
34.0667,134.1500,17659
37.4046,136.8991,24608
35.3167,134.8667,28989
33.3645,132.5127,35388
36.5667,139.8833,518757
32.6833,130.6667,37442
34.3000,133.8167,18699
33.1234,131.8040,36158
32.2014,130.0217,16667
37.3079,137.1522,15687
33.1136,130.0029,25848
35.6588,139.9006,171362
36.8000,137.4000,45848
33.5683,130.5101,39772
31.6667,130.3833,47153
36.6833,139.9667,30366
34.8904,135.8032,192925
35.6167,139.1167,23158
34.7586,136.1311,61598
32.8996,130.6890,31688
36.4027,138.2816,157480
33.9431,131.2511,173733
35.0521,133.9989,102294
35.1667,136.7167,67658
33.2453,131.6917,76968
38.7217,139.8217,125389
36.4500,136.6333,22042
35.6530,136.0633,68482
31.9500,130.4833,20243
32.1000,131.4000,34318
33.0754,131.8691,21658
36.6882,138.9863,18383
33.2767,131.1563,18371
33.6731,131.0378,17189
36.6701,136.7403,37694
37.6645,138.9252,77382
34.7333,136.5167,274537
35.0833,137.1500,426162
35.6509,139.7916,40424
36.2999,137.9011,27834
35.5401,134.8204,78348
34.7824,135.4693,401558
34.8167,137.4000,184661
34.7667,137.3833,377453
34.7093,136.9342,21917
35.0167,136.6667,15123
36.7000,137.2167,415844
35.5000,134.2333,188465
33.3667,130.5167,74196
34.5007,135.6021,132873
36.2541,138.8981,47911
26.1858,127.6819,64612
35.6895,139.6917,9733276
34.0500,131.8167,101133
34.0667,134.5667,267345
35.7992,139.4690,344194
34.8833,136.8500,58710
35.3500,137.1833,58567
37.1333,138.7667,53333
32.8333,129.8500,30084
37.4764,138.9951,23045
36.3833,139.7333,159056
34.4833,136.8419,17741
34.5833,135.8333,71052
39.9000,139.9667,22740
34.5542,135.7930,32241
35.9843,137.9972,18951
34.8644,134.5520,40011
34.9833,139.8667,50064
36.2500,139.5333,81274
31.4833,130.7000,19146
35.3667,136.5333,27439
33.3500,130.6833,21156
36.3667,139.5833,28723
35.7253,139.5383,207388
35.7292,139.5381,82112
34.8224,135.7660,65903
33.7333,135.3667,70972
34.4833,136.6333,15041
34.5174,133.9457,67786
32.9472,130.5745,64292
36.3000,139.1167,36367
34.2464,133.9230,22693
34.8500,136.9167,43535
33.1901,130.0208,47914
34.3383,132.9167,30506
35.9039,136.1669,75753
32.9667,131.4000,20332
36.1333,137.2500,88473
34.8483,135.6168,354468
36.3333,139.0167,372973
34.7994,135.3570,226432
36.7500,137.0167,170077
35.6321,139.7342,22731
32.1333,131.5000,20185
34.3333,134.0500,418994
34.5167,135.4333,60511
34.7833,133.6167,31556
34.9167,136.9833,48736
35.3000,136.5667,26882
33.5567,131.4451,23059
34.1283,134.5340,22745
35.3167,137.1333,107818
34.6680,137.2674,60206
33.6333,130.8000,51608
34.2750,133.7500,23618
34.4873,135.3990,16567
33.4000,130.6167,15567
34.8833,136.5833,195670
36.6500,138.3167,54022
36.0380,138.1131,48972
33.3947,133.2913,26195
34.3432,134.8891,42094
34.7500,138.2500,28919
35.7329,139.8209,287766
32.9333,132.7333,19292
34.7614,135.5157,385567
37.8461,139.2304,20392
36.0311,139.7264,44402
31.6500,131.0167,19986
35.8364,139.7996,249645
34.6753,133.7509,69030
35.2500,136.7167,23372
34.9701,138.9219,16328
36.0667,139.6000,22156
34.8500,133.0167,33633
34.9833,138.3833,693389
37.7635,139.0220,41406
36.0184,139.6603,52214
34.7833,134.7167,23180
33.6833,135.3500,23325
37.0376,138.8487,20178
36.1000,137.9667,67241
34.9000,137.5000,44355
34.5554,133.2730,21030
33.7140,130.4313,32927
33.6363,133.0057,422488
36.1833,139.9667,42521
36.0713,138.0820,20055
33.9555,130.9371,265684
36.3000,139.9833,63666
34.6765,138.9446,21402
32.9458,132.9863,32694
34.3862,135.7871,16728
34.2152,135.1501,375339
36.7796,137.0758,35994
34.8167,138.1833,95719
32.7833,130.3667,43338
34.3333,136.8333,47774
35.8333,139.5833,76445
34.3233,134.1733,47003
31.4760,131.1011,30231
36.4833,139.0000,76098
37.9500,139.3333,96236
34.7782,135.5951,87456
35.2333,137.1000,127792
33.1486,130.4655,23985
31.8167,130.3000,92403
35.4833,136.9167,85283
35.0027,134.3590,15863
36.0725,139.7261,55286
32.3017,130.5038,15681
33.1683,129.7250,243223
35.0667,135.2167,40050
33.6156,130.5511,31213
36.3167,139.5833,117669
37.6167,138.9500,94642
34.8844,135.2269,132858
34.5000,135.8500,58386
36.2167,138.4833,99131
38.9167,139.8550,100273
36.4667,138.1833,15025
35.5377,133.2309,36324
34.3228,133.8356,57090
36.2667,139.2500,31268
36.1000,139.8000,24201
34.5822,135.4665,826161
35.9569,139.3889,100275
34.5333,136.6333,22445
32.9500,131.9000,66851
34.6850,138.2046,25922
33.2333,130.3000,233301
35.9465,136.1850,68302
35.6500,138.5000,43180
38.0782,138.4394,16359
32.8804,130.8716,35187
36.3000,139.8000,167647
35.3569,138.9976,18568
34.6036,138.2172,21744
34.0667,136.2000,16910
35.6185,138.9740,23976
35.0000,135.8667,345070
34.2075,132.2206,30151
36.3000,139.3667,224358
36.9871,136.7725,18630
34.6938,135.5011,2753862
34.4167,133.2000,131170
34.0014,131.1836,44295
35.9811,136.4873,33640
34.8500,134.9333,47609
34.2833,132.2667,26190
33.0333,130.4500,131974
32.9214,129.9539,95397
35.7839,139.2431,133535
36.4318,139.2753,21286
36.5000,137.8667,27559
32.0678,130.6244,22425
34.4045,135.3409,43763
36.0000,139.5572,75062
34.9500,137.1667,384654
34.6500,133.9333,724691
36.0566,138.0451,54286
33.2057,130.3753,39223
37.3000,138.8000,34704
35.7574,139.7372,23651
33.2333,131.6000,477715
35.3156,139.3162,32595
35.8509,139.5200,50593
34.1000,131.4000,23516
35.6982,139.6237,25609
36.0534,139.2661,28971
34.9667,136.9667,49596
35.3500,136.6167,161539
35.2556,139.1597,188856
35.1902,132.5085,34354
35.0176,136.9495,93123
32.8167,129.8833,45293
35.4958,135.7460,29435
36.9374,137.5006,25007
35.1000,138.8667,189486
36.6333,139.0500,46908
34.7175,134.8816,33604
36.5333,136.6167,57238
33.7405,130.7226,56821
35.9490,139.8679,154114
32.5965,130.4341,24563
32.5833,131.6667,119521
34.9842,134.9741,38673
34.9556,134.7683,19377
34.8667,137.0500,169984
30.7333,131.0000,17832
34.7156,135.3320,485587
35.7326,139.7696,24319
26.2535,127.7435,34984
35.7847,139.7788,21910
35.7000,138.4500,29483
35.3015,139.2558,27564
36.7500,139.6167,77661
37.8002,139.1224,65910
34.9833,133.4667,30583
33.9605,133.3052,123059
37.9226,139.0412,797591
31.6000,131.3667,51241
28.3667,129.4833,41365
34.1993,134.6093,64082
34.6850,135.8048,367353
37.0482,136.9680,50300
36.7597,137.3622,34638
35.4833,137.5000,78930
33.5981,131.1883,84701
36.5872,138.8408,15571
36.7500,138.3667,42664
32.9833,132.9333,34559
33.8169,130.7096,46745
26.2130,127.6785,317625
35.1815,136.9064,2332176
26.6150,127.9854,63554
32.9326,130.4428,16125
32.7500,129.8833,409118
35.8563,139.9027,200136
37.4500,138.8500,266936
36.6500,138.1833,372760
35.3833,136.2667,113636
34.6167,136.0833,77022
35.7061,139.5594,150149
33.2866,134.1683,17601
37.6926,139.1713,19712
38.2333,139.4833,58300
34.9654,135.7041,56859
36.6325,136.6373,26574
37.0667,138.8833,29123
35.1000,137.0667,43903
35.9356,139.3044,39693
35.0667,135.9833,85485
34.7333,135.5667,143096
34.8333,137.9333,18306
35.3667,137.2500,37705
34.8000,132.8500,53616
35.5364,135.1993,16988
31.9167,131.4167,401339
31.7333,131.0667,161137
33.7081,130.6530,20421
37.5333,138.9333,43180
36.0167,139.9833,41147
35.4167,137.1333,18363
35.1167,138.9167,107851
34.8269,135.4706,136868
35.5333,136.9167,20749
35.4953,139.4428,224015
32.2167,130.4000,29428
34.9667,136.1667,38986
35.5124,133.4974,15370
36.2149,136.1483,23480
34.8000,134.9833,75450
34.4000,133.0833,90573
32.7167,130.8222,16901
32.9667,131.5833,33695
36.4167,139.8000,39474
36.2225,139.3820,27684
35.4667,133.9000,16055
36.5167,136.5667,110408
36.2333,137.9667,241145
35.4833,133.0500,203616
35.7799,139.9014,498575
32.6500,130.6667,26163
34.5667,135.5500,130855
34.6667,131.8500,45003
36.1534,136.2703,33563
36.3186,138.2733,25403
34.2833,133.7833,109513
31.2667,130.3167,21960
37.7500,138.8833,29041
35.4500,135.3333,92465
35.3167,136.2833,38259
36.4000,139.0833,332149
33.5592,130.2015,70339
35.5403,139.4508,431079
35.0211,135.7538,1463723
33.4684,135.7791,16243
31.7167,130.2667,25744
35.0167,135.9667,143913
33.3167,130.5167,303579
35.4667,136.6333,22041
35.3500,136.7833,32586
36.1333,139.7000,27813
35.2280,139.7021,53782
34.2322,132.5666,214592
35.4333,133.8167,48558
34.5833,133.7667,483576
32.8059,130.6918,738907
36.1350,139.3900,195277
36.0674,139.6750,150582
34.0096,131.8664,55887
34.5833,133.0500,15125
34.8000,137.3589,22064
34.9210,135.7055,80608
35.8903,139.7892,345353
36.0687,139.5168,116828
35.3317,136.8704,98255
36.3167,138.4333,46272
35.0000,136.5167,41542
34.0000,134.5833,36149
36.4026,136.4509,108509
35.2833,136.9167,148872
35.7387,139.7406,17537
35.7022,139.4756,129242
31.7333,130.7667,57896
35.4100,134.2549,15937
36.1833,139.7167,139344
33.7333,130.4667,58786
35.6667,138.5667,189591
36.1850,139.1319,21544
33.5500,133.5333,332059
34.6913,135.1830,1525152
31.9833,130.9833,44154
35.2167,136.8333,67352
33.4200,131.6184,27999
33.8518,130.8503,940978
37.6500,139.8667,46269
35.1667,135.9167,23836
35.4333,136.6833,18410
34.4667,135.3667,205561
26.3033,127.7940,17969
35.3833,139.9325,136166
36.1000,139.5833,20850
36.4000,139.3333,108991
35.9006,137.9878,24989
32.9833,130.8167,49455
36.1167,139.6000,112792
35.5206,139.7172,1538262
33.5999,130.8150,17324
34.8167,135.4167,155165
32.1833,131.5167,15372
35.8052,139.7107,607373
35.9086,139.4853,354571
36.0617,136.5010,27088
35.6333,134.6333,16064
35.9831,139.7497,229792
35.2476,136.9723,308681
37.3667,138.5500,86183
34.4500,135.7667,120922
35.8622,139.9773,433436
33.1061,130.0906,30159
34.5090,135.7929,124521
34.5833,135.6167,79058
31.4167,130.3167,39012
34.5060,133.5039,50160
35.3667,136.7667,22273
36.3500,138.6333,20023
34.9833,136.9833,153834
33.4425,129.9697,117663
33.3090,130.3738,31022
36.5500,139.7333,94903
31.3833,130.8500,101096
34.1276,133.6460,57438
34.5581,133.4180,40766
35.1333,136.8000,37338
36.4110,138.9962,37107
26.1970,127.7259,40440
33.7833,130.9833,37684
36.6000,136.6167,466029
34.8202,138.1277,20286
35.7651,139.8668,18003
34.0680,134.3503,24374
34.5374,133.5897,18412
37.6644,139.0350,25971
35.6942,139.5549,195391
36.4333,139.9167,31243
36.2643,139.4291,42089
36.7000,137.3667,20827
34.8748,134.3619,15448
34.8500,136.4500,49835
35.0000,135.5833,97181
37.8721,139.1099,32765
35.5635,139.7210,22939
35.3109,139.5470,172929
34.7694,134.8290,271634
34.7667,138.0167,117925
35.4167,136.8667,144521
35.0667,134.9167,19261
35.9654,140.6447,66950
31.7333,130.6667,22997
34.4500,135.3500,92632
34.3667,132.5333,29636
34.1517,135.2140,48369
31.5667,130.5500,595049
34.7381,135.5744,131727
32.4713,131.6545,17526
35.3667,132.7667,172775
34.4167,135.3167,100131
34.5000,135.4000,74412
34.4833,135.4333,184615
32.0833,130.3667,51994
35.9647,139.6964,108833
34.7000,137.8500,166672
35.2833,136.8667,48007
34.1630,132.2200,129125
36.0500,139.9000,42497
35.7500,139.2333,16958
34.2500,135.3167,53967
35.7253,139.2178,24954
26.1265,127.6692,61007
37.0333,137.8500,40765
34.9667,139.0833,68773
34.7843,135.4013,198138
35.7489,139.7150,584483
35.4082,139.6191,16706
34.8000,137.0167,23966
26.4233,127.8214,22412
34.0675,134.4421,25062
36.1167,139.9667,24948
36.2500,139.1500,30343
24.3448,124.1572,47637
36.3167,139.2000,211850
35.3993,139.3102,103401
34.4833,136.7000,123533
35.6500,138.6333,29616
32.8411,130.0431,135546
35.3800,136.9429,73995
33.5500,133.4333,22155
34.2833,133.1833,26141
35.2500,136.7833,134751
35.8276,137.9538,68177
33.2736,129.8788,57940
36.7167,139.6833,64323
34.6833,135.7000,120741
35.4333,136.5833,23360
34.8221,135.4298,104993
34.0285,133.8062,23605
34.8347,134.5780,33477
31.6167,130.4000,25217
33.6365,130.6868,126364
36.8500,138.3667,20118
35.5196,137.8207,101536
35.9667,139.4667,19378
35.3000,136.8000,380073
31.2333,130.6500,39011
35.4833,136.5667,19529
34.8164,135.5683,287730
34.6000,133.4667,41460
36.3396,137.8825,33195
36.6333,139.9833,29229
34.6123,135.7375,27587
36.2378,139.1902,78569
31.9833,131.3333,18398
32.4599,130.1671,40787
34.0500,131.5667,116925
32.2167,130.7500,38006
36.9858,136.9033,16540
33.3213,130.9410,64874
34.6667,136.4667,41642
34.4000,132.4500,1200754
35.3278,139.3373,258422
35.4333,132.8167,28154
24.8038,125.3022,34354
34.8135,135.6491,406331
33.3685,129.5525,31192
35.6731,139.4003,190435
35.0000,136.2500,21149
36.8561,136.9885,54510
34.8167,134.7000,530495
35.2500,136.2500,113647
33.3708,131.5302,28524
34.6667,135.5833,493940
35.7031,139.7044,16302
34.8833,136.9833,72458
35.0000,134.1500,25939
35.2765,139.5773,31665
34.3500,132.3333,114173
35.8331,139.7425,53062
34.3167,135.6167,61063
36.1667,139.5333,58686
35.8519,139.3181,80361
34.8833,136.9333,117884
31.7167,130.7333,39475
34.7000,137.7333,791707
34.8000,137.7833,86502
34.8833,132.0833,57142
36.8833,136.7833,24529
35.7694,139.3511,31765
34.5333,135.9500,18472
34.4000,131.4167,44626
26.3329,127.8740,34239
35.3711,139.2236,163787
35.6558,139.3239,579355
35.1286,136.0976,82233
36.1407,139.4601,86343
26.3594,127.8674,65251
35.0086,132.2257,24009
35.3186,138.9434,86614
35.6251,139.7284,15550
37.7333,139.1667,48458
34.4500,135.7333,26522
34.3500,135.7000,34342
36.6641,137.3167,24792
35.4167,136.6000,19361
33.8815,135.1696,23481
34.4333,132.4667,68713
26.2627,127.7615,100125
35.4229,136.7604,402557
34.8333,137.2333,80063
35.3108,139.8188,51650
36.2333,137.1833,22538
35.7013,139.9865,644668
34.4833,133.3667,468812
34.7500,137.9167,88395
34.2576,134.7154,18721
33.6000,130.4167,1612392
36.5575,136.8695,19535
33.7663,130.4746,43154
36.0644,136.2226,262328
32.6973,128.8456,26636
35.3000,135.1167,77306
36.1000,139.4500,28334
36.2000,139.2833,141268
35.6698,139.8146,25870
35.3493,139.4767,439728
36.2500,139.6500,18335
36.2462,139.0720,64539
35.2167,138.6167,132507
34.8667,138.2667,145032
35.1667,138.6833,245392
34.5735,133.2351,50746
35.7000,138.7333,25142
35.1667,136.2000,20893
35.5955,139.6653,18952
34.7138,135.6203,119367
35.6592,139.5484,242614
35.0000,137.0333,72193
35.9944,138.1543,56400
33.4963,130.5156,103311
35.3364,139.4043,242798
35.9903,139.0764,61159
26.3095,127.7702,28201
33.2794,131.4975,122643
37.5644,139.8218,15068
35.3000,135.2500,31846
36.2231,136.1924,27524
35.0883,139.0532,34233
33.7000,135.4167,15236
34.7281,135.3026,93922
36.3333,139.4500,144746
35.7169,139.7957,62092
35.7021,139.6375,19185
33.1833,129.9000,19010
37.0006,138.2259,27481
34.6833,137.5667,16975
35.7497,139.8541,27980
36.3301,138.8958,57013
34.9583,137.0805,188693
33.9167,134.6500,70285
37.2333,136.9000,17840
33.4180,130.6541,42312
34.7167,135.4167,459593
32.0167,130.2000,25089
34.7514,134.3873,52015
33.5000,133.9000,16370
35.6713,139.7344,17603
33.6919,130.7653,21398
34.8036,134.4681,28355
35.6000,139.3167,725493
35.9714,139.6138,226940
26.3358,127.8014,142752
31.4862,131.2421,22102
32.9833,129.0833,17503
33.9550,131.9500,51040
34.3833,131.2000,32519
35.9711,139.6491,61540
35.8727,139.5137,52323
35.8529,139.4121,160843
35.7367,139.3236,56786
35.5228,139.3194,39869
35.3728,139.3917,48348
35.3200,139.1582,17129
35.8047,139.6019,141083
35.7894,139.6233,83989
35.8150,139.6853,140899
35.3504,139.8703,83058
35.1400,139.6192,51483
34.2333,135.1667,356729
33.7514,132.7014,35133
33.2238,132.5600,70809
33.9167,133.1833,104791
33.5000,132.5500,40575
33.8392,132.7657,511192
33.7876,132.7112,30548
34.0165,133.5784,37641
34.0700,133.0002,170986
33.9766,132.7777,27992
32.9637,132.5661,19601
33.7704,132.7898,20480
39.1667,140.5000,44346
35.6500,140.1667,95266
38.4414,140.8764,28786
37.9100,140.1167,94486
39.3169,140.5503,85555
35.6500,140.4833,22075
35.7000,140.5500,32651
37.8500,140.6000,20807
38.4274,141.2149,32028
38.2333,140.3667,248772
39.4667,141.9500,15195
35.6500,140.3167,68769
38.4219,140.3083,17641
37.2000,140.3167,17287
38.0350,140.8511,33459
38.5446,141.1346,15763
35.9667,140.1333,84651
36.0833,140.1167,241656
35.9000,140.0833,104524
39.3167,141.5333,26110
36.3500,140.3000,37146
38.3931,140.8861,52433
35.5500,140.3667,66332
38.3536,140.3697,65393
38.0025,140.1911,23367
36.7167,140.7167,27699
38.3000,141.0000,62827
37.2833,140.3833,74992
38.2844,141.0617,18132
39.6941,140.9844,16263
35.7167,140.2667,20745
38.0033,140.6183,33330
35.8000,140.0667,62441
38.3167,141.0333,52662
38.7586,140.3008,41140
38.2667,140.8667,1096704
35.8833,140.5000,47199
35.7167,140.2333,173740
38.3725,140.2725,43544
35.9000,140.1833,85761
35.7167,140.3667,49735
39.4167,140.5500,18613
38.3309,140.9769,36014
36.8667,140.0333,72087
36.5500,140.4167,27588
35.8500,140.6167,25763
39.4500,140.4833,38805
36.2833,140.4167,34627
38.0500,140.7336,23618
35.2476,140.3929,20226
36.7500,140.1333,15215
39.0717,141.7167,35452
38.6033,140.4019,20821
36.3141,140.5839,15787
35.5167,140.3167,53239
37.5833,140.4333,53557
38.1667,140.8833,78718
35.6000,140.4167,25696
35.7833,140.3167,132906
37.4833,141.0000,21866
38.5686,140.8536,21943
36.0500,140.1667,53137
38.1036,140.0350,31026
38.1186,140.7243,38271
37.5139,140.4006,30236
35.9333,140.0000,68777
39.7000,141.1500,290700
36.4333,140.0167,78720
35.4258,140.2961,88330
39.1333,141.1333,61281
39.6469,141.9406,51150
36.3500,140.4500,270685
37.4333,140.4833,17471
38.3736,141.0610,16363
36.4667,140.1000,26045
35.6500,140.0500,28729
36.2667,140.1000,19293
36.9667,140.0500,61230
37.1525,140.1685,20808
37.4000,140.3833,327692
38.5333,141.0667,23994
38.5500,141.0500,19760
39.2833,141.1167,93045
36.7867,140.7490,41801
38.9011,141.5775,61147
35.0969,140.1003,32116
35.1462,140.3151,16927
36.3833,140.5333,155968
35.8977,140.4994,74469
36.3833,140.2667,73664
36.6500,140.1500,18488
39.2000,141.1167,15580
38.1539,140.2736,35593
39.2769,141.8680,43107
37.9745,140.7720,33221
36.3500,140.1000,39122
38.1047,140.8594,44068
37.0500,140.8833,357309
35.9333,140.5500,27604
36.4833,140.3833,18097
36.1833,140.2667,73061
38.4167,141.3000,140151
37.1500,140.4500,18817
36.4333,140.5167,53502
38.9167,141.1333,114476
35.5167,140.0833,283531
36.1500,140.5167,45953
37.8167,140.5500,24515
39.5500,141.1667,32147
36.6000,140.6500,174508
38.4389,140.4006,47682
35.7333,140.8333,39209
39.3833,141.1167,94691
38.5717,140.9556,76312
37.4472,140.5771,23524
36.4667,140.5667,35318
37.7500,140.4667,294237
35.8500,140.1500,15340
35.9167,140.1167,33148
35.9500,140.3167,20800
37.8167,140.5000,59625
36.7667,140.3500,15736
35.7333,140.8333,58431
35.6000,140.1167,979768
35.7167,140.6500,64690
36.0333,140.2000,48553
39.7167,140.1167,307672
35.8333,140.2333,20127
35.8667,140.0167,131771
43.8263,144.0964,22972
42.2539,140.2692,15826
45.4094,141.6739,33869
42.6369,141.6033,174806
43.2169,141.5169,16694
41.2894,141.2169,56244
43.5528,141.9064,45131
40.2227,140.3661,20542
43.4864,141.9056,20102
42.3339,142.3669,22436
42.5500,141.3500,17759
43.3500,142.3833,25872
44.1540,142.3731,19794
43.6590,145.1320,21744
42.8724,143.3376,25766
43.0667,141.3500,1973832
43.9344,141.6428,26454
42.9917,143.2003,44235
43.1894,141.0022,115333
40.2853,141.6287,15091
40.2718,140.5576,69237
42.9172,143.2044,166536
40.2084,140.0274,52283
42.4522,141.1791,46391
43.3236,145.5750,31223
44.3506,142.4578,27282
41.8944,140.6939,28514
40.7107,140.5905,20681
43.5485,144.9718,24014
42.3172,140.9881,96197
40.0967,140.0773,15254
44.3525,143.3525,22983
40.6868,141.3897,42805
43.2039,140.7703,18993
42.9072,143.0365,18048
45.3714,141.8211,26610
42.9011,140.7406,15816
42.9750,144.3747,167875
40.6458,140.5835,38615
40.1878,141.7689,34418
40.8161,140.3754,18907
43.8031,143.8908,119135
41.8201,140.6448,38098
43.2003,141.7597,85107
43.2397,141.3539,58755
40.6359,141.4448,24273
42.9758,141.5672,58918
40.5931,140.4725,168739
40.1836,140.7872,36925
41.7758,140.7367,275730
40.5000,141.5000,239046
43.3500,142.3833,21131
43.7081,142.0392,26152
44.0481,143.5455,19241
43.1081,141.5506,133953
42.4681,140.8681,34898
42.8194,141.6522,97950
43.3247,141.8586,29028
43.5097,142.1856,19108
43.7706,142.3649,333530
40.8167,140.7333,298394
44.0213,144.2697,35759
40.8044,140.4414,53576
32.9373,131.0801,27039
35.6578,139.7749,27113
36.5692,136.9116,47976
34.8045,136.5464,17948
34.7662,135.6276,238549
35.2080,137.0300,83144
36.3966,140.5348,156581
36.3160,139.9824,100753
36.1533,140.2464,40087
36.0905,140.2105,144399
35.9841,140.0093,49872
36.2545,140.3796,48870
36.5645,140.4027,39267
35.8969,140.6667,95454
36.0070,140.4962,32185
36.0700,139.8671,57128
36.5513,140.5282,48602
35.9563,140.3236,46994
32.0632,131.4869,16564
36.2882,137.8870,94222
36.5271,138.0894,59381
38.4697,140.4144,22516
35.3195,139.1096,40841
35.0275,135.9997,70312
35.4135,136.0161,46976
34.9802,136.1575,89619
34.4856,135.6970,37352
34.5347,135.7092,78113
34.4592,135.9536,28121
36.5127,136.8935,47976
36.6667,136.8500,28983
36.7683,137.1257,90742
36.9012,137.4495,41564
35.3812,139.3965,136516
35.6436,139.4684,148285
35.7424,139.4264,70829
35.7208,139.3800,113949
35.7630,139.4458,83901
35.8437,139.8835,142145
35.8209,139.5579,166017
36.6205,136.9432,48659
36.7576,136.7116,34889
36.3000,136.3333,67793
36.4097,136.4847,48523
33.3406,129.6950,23566
33.5357,130.4786,102085
33.5259,130.4611,111023
37.4914,139.9455,118159
37.6291,140.9787,59005
26.2590,127.7301,115690
26.3761,127.8591,125303
36.0355,139.9614,60834
36.4449,139.2845,50266
24.7902,125.3111,54908
35.9020,139.5249,113597
35.9166,139.3623,55294
36.0333,139.4167,91791
35.8180,139.3680,147166
36.0332,139.5377,66022
35.9600,139.4028,70117
35.7154,140.5531,35674
35.6276,140.4176,48444
37.7928,140.9294,34865
37.4305,140.6034,35169
34.2697,135.4104,60592
33.9039,136.1221,16232
35.1134,136.5720,44973
36.9768,140.0664,115794
36.4132,139.8662,60274
36.6523,140.1608,24875
36.3558,138.3609,30122
35.7166,137.9375,32202
35.8348,140.1636,105463
35.2300,140.4049,35544
35.7353,140.1244,199498
39.1393,141.1685,112937
39.0203,141.6542,18262
39.8998,141.1299,25076
40.2908,141.3133,25513
38.5887,140.9730,128763
38.4089,141.1790,39098
38.7500,141.0000,66565
35.0391,138.9514,48579
34.9716,138.9464,30678
34.7029,138.1198,48484
34.7005,137.5225,59770
35.1739,138.9069,51216
34.5988,138.2193,31103
39.2708,139.9395,23435
39.4412,140.4896,91143
39.8710,139.8493,25154
39.3895,140.0581,76077
39.8787,139.9977,31720
40.1996,140.3939,31504
40.8036,140.4030,30934
40.5873,140.5711,30938
40.6205,141.2107,60697
35.2470,136.8783,86385
35.1368,137.0524,91795
35.0380,136.9993,69295
35.0027,136.8642,84364
35.1635,136.7322,60829
35.4762,136.7721,27356
35.3290,136.6805,67909
35.2017,136.6351,34960
35.4044,137.0559,102143
35.4820,137.0217,56972
35.4838,136.6744,32928
35.7369,136.9585,41858
35.4472,137.3833,48777
26.1445,127.7670,44043
26.2500,127.7833,22157
26.1273,127.7432,30941
37.1483,138.2364,189430
37.0826,138.8741,55354
37.0253,138.2556,30383
38.0250,138.3593,51492
38.0646,139.4056,28509
37.2449,138.9623,34483
34.5676,135.5974,63688
34.5528,135.5910,109479
34.3333,135.2500,52350
34.4411,135.5828,101692
34.5168,135.5630,58435
34.3484,135.2684,60102
34.7333,135.6833,55177
41.8163,140.6347,46083
35.9081,139.6566,1324854
35.7546,139.4685,151815
35.4893,138.6883,26540
33.4574,132.4328,31987
31.7409,130.7629,123205
28.3769,129.4938,41390
35.0148,135.6775,50000
33.5128,130.5239,73164
32.4586,130.1931,83082
37.4086,139.8132,19014
35.7368,139.7071,19930
35.0295,135.7567,83000
33.6115,131.1300,26886
33.6992,130.9201,18825
40.5235,141.3061,16042
40.7479,141.2494,16428
35.7333,139.8500,453093
35.7526,139.7335,332140
35.5613,139.7160,748081
40.4009,141.2727,16809
35.9997,139.6249,44841
36.0992,139.6604,36544
35.9141,139.5805,17101
35.7405,139.6314,19760
35.7057,139.5438,15594
35.7653,139.5888,34557
35.7648,139.6022,21916
35.7574,139.6273,26127
35.7441,139.6607,25537
35.7214,139.5808,16504
35.7773,139.6438,32253
35.7835,139.6323,30203
35.7861,139.6612,49646
35.7830,139.6756,18388
35.7910,139.6978,24024
35.7613,139.7449,301599
35.7298,139.6886,18260
35.7348,139.7333,18637
35.6897,139.7164,74800
35.7245,139.6372,16593
35.6755,139.6666,16792
35.7226,139.6064,15773
35.7215,139.6220,18269
35.6755,139.6399,15709
35.6464,139.6595,19686
35.6253,139.6389,15817
35.6050,139.7101,15909
35.6130,139.7031,21232
35.5767,139.7052,30959
35.6220,139.5605,25662
35.5465,139.5172,39500
31.7551,131.1298,25591
34.7392,138.1430,43502
35.7045,139.6695,344880
33.4212,130.6136,29591
36.1994,139.4947,25522
36.4569,138.9951,21792
36.0817,139.3716,19732
36.0223,139.4664,18192
34.1385,134.5018,35246
34.2706,134.1307,26878
34.9219,135.4952,18279
34.4932,135.6389,15697
34.8797,135.3670,29680
34.0262,135.2528,25258
34.5442,135.7382,33810
34.5642,135.7063,22807
34.5827,135.7260,17018
34.5968,135.6928,23219
34.6300,135.6964,18009
34.7548,135.7968,36198
34.8753,135.7502,15250
36.0900,136.3599,18965
33.5211,130.4244,50112
33.1908,130.1380,22051
33.3615,130.4048,16323
33.3235,130.4422,25511
33.4238,130.4992,17250
33.5915,130.5042,28628
33.6094,130.5263,48190
34.6764,137.0052,16617
33.8466,130.6296,31007
33.8643,130.6871,18723
33.8466,130.7128,28114
33.8010,130.6842,15080
33.5294,130.7648,35473
35.3441,139.1175,18329
35.4403,138.7959,48782
38.8485,139.9031,20940
34.2063,129.2908,28502
35.1353,138.9028,43336
35.1143,138.8974,31710
35.1015,138.9540,36794
37.0421,140.0938,23956
26.4017,127.7450,41206
35.5928,139.7337,27201
35.6114,139.7174,16740
35.7202,139.7020,15583
35.7240,139.7287,19081
35.7272,139.6176,17284
35.7109,139.6372,24345
35.6786,139.6915,24125
35.6459,139.7155,15112
35.6931,139.5834,15853
35.6821,139.8664,26811
35.6914,139.8825,20927
35.7077,139.8425,40373
35.7458,139.8274,28463
35.8401,139.8986,17064
35.6892,139.8328,63254
35.7383,139.7805,216900
35.7480,139.7813,29272
35.7281,139.7602,20906
35.9190,139.8113,28787
35.8109,139.7712,15547
35.7667,139.7714,15733
35.7936,139.7956,18766
35.7743,139.8165,17422
35.7632,139.8076,695043
35.7703,139.7308,16109
35.8332,139.5444,38434
35.3761,139.6171,21318
35.6923,139.8731,697932
42.8936,141.5760,70331
32.7568,130.7904,32510
32.8701,130.7917,43337
35.6160,138.4634,71618
32.7786,130.7454,543730
32.9789,130.4457,53675
36.3366,138.5129,15562
33.3563,130.7497,27981
34.7580,136.1347,88895
35.0519,136.6696,140051
34.5789,136.5371,159145
35.8346,138.3961,46888
36.8467,136.9836,43995
39.8028,141.1347,55579
33.7943,132.8901,33903
35.1005,136.0178,50695
33.2279,130.6487,60608
34.6066,135.7703,83285
35.4728,139.4510,242065
35.6715,138.6983,33435
33.2771,130.1093,18295
34.7630,134.7923,87722
35.7091,139.4189,183581
32.0820,131.3996,29262
35.5671,139.2417,720780
33.3874,130.5487,59360
33.2803,130.1950,43952
35.1733,137.0567,60162
33.7957,130.5590,97095
34.2105,133.6746,65713
35.6833,139.4385,77130
34.7367,135.8399,77907
34.7933,135.6860,75033
32.4227,131.6409,60037
36.1473,136.1941,92210
34.4086,132.7368,196608
35.7520,139.5117,117020
35.7623,139.3195,54622
35.6745,139.4822,262790
33.2054,130.4918,48827
35.4352,139.4256,83913
34.0809,135.1190,26755
31.7743,130.5921,76348
35.1831,136.7997,86126
35.7260,139.4851,198739
38.0432,140.1128,30420
34.9242,135.0261,40645
34.1868,131.2162,23247
36.2448,137.1732,22538
35.7795,139.5301,76208
34.8440,135.8056,74607
35.1053,136.7338,43025
38.7088,141.1558,77897
35.7697,140.0024,109932
32.0477,130.8444,17638
32.0672,130.6118,24453
34.7867,134.2354,39117
34.2386,132.4797,24596
34.8318,134.5434,74316
33.7829,129.7209,30352
33.5048,133.4447,25732
35.5473,138.9096,31016
33.5694,133.6494,46664
34.6742,132.6819,32323
34.0921,134.2845,34713
35.6846,138.5098,75313
36.7207,139.9878,44712
34.4777,134.9307,42597
35.8219,139.6855,75614
35.0897,137.0900,61952
33.5423,130.1842,98877
33.1956,131.3783,32772
35.7285,139.2318,81912
33.9754,133.5489,82754
35.6818,140.0415,176197
35.0313,139.9265,35831
35.5118,140.3526,48129
35.4137,140.0214,64901
35.8857,136.1707,83078
33.1210,130.5001,35861
33.7171,130.6412,26298
37.1195,140.2621,59491
35.3943,136.6690,56388
44.1714,142.3952,17858
34.9263,134.8453,42700
34.2740,134.7751,45489
34.9811,134.5640,35639
35.1603,135.0391,62152
35.0227,136.9089,113787
34.2102,134.3365,28305
31.3469,130.4561,33080
31.3900,130.2834,32887
31.6464,130.9907,33310
32.8927,130.7757,61772
32.6222,130.6618,59928
34.8045,135.7668,73753
35.6062,135.0443,50860
35.1098,135.4916,31629
32.6842,128.8068,34391
32.6733,130.2675,42330
32.9839,129.6809,26275
32.7711,130.2484,41096
34.8099,134.0215,43742
35.1064,133.7201,42725
34.6592,134.1424,36048
34.9992,136.0967,54607
34.0549,134.1396,28055
34.0386,134.2921,38772
35.6330,139.4997,93151
35.7001,139.5111,126074
35.6342,139.5755,84772
34.0325,131.1603,60326
34.0805,131.8256,149632
35.5947,138.5027,31216
35.6353,138.6385,69463
35.7242,138.7711,31526
35.2431,132.8999,43269
33.5547,131.7280,26232
31.7293,130.2930,30551
34.5348,133.6030,32772
33.7830,130.4911,67033
33.4144,130.7188,50273
39.7093,140.7465,25857
35.6845,139.7506,66680
36.4740,140.5635,37891
36.2279,139.7345,24913
35.1422,136.8121,32399
34.9350,136.9130,28383
34.8080,136.8644,22496
34.8772,135.6651,30927
34.8940,135.6846,15953
34.5986,135.7021,24043
34.3034,135.5332,15967
34.1561,133.8515,17401
33.5499,132.6471,15322
35.6419,139.6472,940071
35.6912,139.7085,349385
35.6985,139.7725,77200
35.7075,139.7788,211444
35.6322,139.7017,288088
35.5331,139.4217,240069
35.6589,139.7066,230609
36.0223,139.7295,34147
33.5870,130.4868,46377
36.2013,140.2841,588354
35.7341,139.9065,496676
37.8361,139.2233,40696
36.0553,139.3150,17889
35.2505,136.9120,15613
35.3415,136.9111,24305
35.3578,136.9098,34133
34.8748,137.1709,42449
35.1746,136.8201,32399
33.2429,130.5521,19969
35.3883,136.7848,25881
34.3328,132.5697,22834
34.3879,132.5100,51155
34.7481,134.9128,30268
35.0732,135.2178,39611
35.1748,135.0310,61471
36.1823,139.8910,21026
39.6111,141.1474,28056
35.0947,136.6006,25784
35.8729,137.9750,15797
35.6279,138.5351,20909
35.6086,138.4647,69459
35.7742,139.4905,17695
35.6700,139.7754,169179
35.6581,139.7515,260486
-1.7808,37.6288,19725
0.6004,34.7712,42642
-3.3533,40.0209,27857
-0.6839,37.3570,51722
1.7471,40.0573,90116
-3.3960,38.5561,53353
-4.2929,39.5640,77686
-1.0333,37.0693,251407
-0.4342,36.9168,39293
-3.3988,37.6834,22018
-1.1466,36.9609,490120
-0.7568,34.5983,20688
-0.1734,35.8631,30471
3.9315,41.2229,35644
-1.2832,36.8473,29616
-0.5097,34.7307,19947
-0.8012,34.7258,20000
-0.4201,36.9476,80081
-0.5633,34.9358,24483
0.0381,36.3634,37650
-0.3302,35.9445,42173
-1.3527,36.6699,102323
-1.0808,35.8711,65430
0.0062,37.0740,72813
-0.3072,36.0722,570674
-0.7138,36.4326,198444
-1.2833,36.8167,4397073
-0.9361,38.0596,17025
-1.3525,37.4548,181896
-0.7210,37.1526,43314
0.3347,34.4880,45485
-0.1582,35.1964,15217
3.5266,39.0561,47850
-4.0547,39.6636,1208333
-0.2485,35.7319,48356
-1.0634,34.4731,71668
0.0463,37.6559,80191
0.0821,34.7214,60000
-3.9643,39.5498,16254
0.2332,37.9409,22121
-4.1680,39.5707,194252
-1.6941,40.1701,43642
2.3347,37.9909,36289
-3.8626,39.4746,31715
1.0967,36.6981,31350
3.9373,41.8569,114718
-3.2180,40.1169,119859
0.6351,34.2816,15581
1.2588,35.0957,28469
-1.8039,37.6240,20681
-2.2781,37.8187,15038
-1.5223,37.2652,63767
0.3934,34.3040,40894
3.1199,35.5964,82970
-1.1136,36.6420,159314
-1.3953,36.7640,172569
-2.2717,40.9020,25385
-1.3670,38.0106,29062
1.0157,35.0062,162174
-0.1022,34.7617,397957
-0.6817,34.7667,112417
-1.4275,36.6865,76903
-1.6558,37.3745,44086
-1.1935,34.6197,22194
0.8928,34.9247,16560
0.7877,34.7156,56050
-3.6305,39.8499,74270
-1.2463,36.6629,323881
-1.1714,36.8356,147870
0.1712,34.5947,113294
-0.4989,37.2803,30045
-0.3677,35.2831,53804
-1.1764,36.7564,194342
-0.7000,37.1833,194342
-0.4841,37.1266,23552
0.2039,35.1050,41997
1.2389,35.1119,56000
3.7136,34.8572,22984
0.2842,34.7523,1867579
-1.8524,36.7768,24678
0.4919,35.7430,24661
-3.9862,39.6082,163415
0.6703,35.5081,42000
0.3546,37.5822,78650
-1.2251,34.4639,23891
-0.5273,34.4571,44949
-1.4826,40.0334,20912
0.8718,35.1221,16355
1.0166,39.4912,49599
-1.0575,36.7762,63319
-0.5040,36.3184,60711
-0.2121,36.2725,60711
-0.4527,39.6460,163399
0.5339,38.5188,17443
-0.5399,37.4574,64979
-2.0803,37.4720,18325
2.8092,40.9288,60732
0.5204,35.2699,475716
0.0520,35.7273,21385
-0.3004,35.8094,28359
-0.3332,37.6459,22388
0.4601,34.1117,71886
0.5635,34.5605,68031
-0.0962,34.2732,22712
-0.9071,34.5290,16815
-1.4563,36.9783,81302
0.0607,34.2881,33153
3.3553,40.2228,21517
-0.2709,36.3792,47795
-1.4761,36.9614,154436
-1.1015,37.0132,156041
-1.3666,36.7332,172569
-1.3232,36.8802,52837
-1.3964,36.9403,136351
3.1511,41.1858,22882
-3.9394,39.7488,90677
-0.5000,34.4000,16815
-0.9886,36.5854,20823
0.0254,36.4087,30527
-0.9373,37.1228,44086
-1.3000,36.9905,63319
-0.9817,36.5864,20823
39.9365,69.5678,15019
39.8389,69.5276,34219
42.4602,76.1871,42875
42.8419,75.3015,71443
41.3461,72.2171,23594
42.5226,72.2417,40308
40.8982,72.9048,30534
42.3421,78.0064,15075
40.7699,73.3007,49410
40.5283,72.7985,322164
41.4283,75.9957,41178
41.0601,72.6329,19774
42.8845,74.6782,21118
40.2568,72.1279,32000
41.0371,72.4832,17177
40.7046,72.8667,26609
42.4905,78.3920,84351
41.6283,72.6703,26901
42.8142,73.8481,48278
42.8911,74.8508,22617
40.9450,72.9931,123239
42.8878,75.0850,17513
40.2667,72.1000,26200
40.2660,72.6183,18228
42.8700,74.5900,900000
42.8294,74.1083,23046
41.0376,72.7459,41011
40.0604,70.8193,27730
41.4105,71.4863,15426
41.8744,72.9419,20577
40.6322,73.5925,15616
11.5625,104.9160,1573544
11.4833,104.9500,52066
10.9908,104.7850,843931
11.0878,105.7994,23956
11.9118,105.6582,30000
13.5259,105.9683,25000
12.0724,106.4208,16473
13.5859,102.9737,23218
13.3618,103.8606,139458
11.4868,105.3253,33079
12.5388,103.9192,52476
11.2823,104.7380,44395
13.5497,103.6090,16177
11.6962,104.5806,25168
10.9808,104.7783,44270
12.9473,104.5691,21727
14.1817,103.5176,18694
12.3537,106.0356,64466
11.2916,104.8410,33827
11.0632,106.1356,43783
13.0834,103.2350,16479
12.0092,105.4341,16110
13.8073,104.9805,24380
13.6580,102.5636,98934
12.8490,102.6093,17850
11.8288,106.1821,17061
13.4915,106.9802,19205
11.6153,102.9838,33134
12.4881,106.0188,19975
11.7885,106.0933,22898
11.5088,104.8914,76421
10.6104,104.1814,22691
12.7111,104.8887,19951
11.4533,104.5208,33231
10.6093,103.5296,73036
12.2500,104.6667,75244
11.9934,105.4635,61750
13.7394,106.9873,17000
13.1027,103.1982,119251
14.2322,104.0811,56927
11.0129,104.6729,16026
11.5466,103.0357,29329
13.7736,102.7373,15351
11.6305,104.8854,22911
11.5727,104.8902,24937
1.3278,172.9770,40311
-12.1667,44.3994,26313
-11.7022,43.2551,74749
-12.2876,43.7434,17291
17.2955,-62.7250,12920
37.9089,126.1611,22665
39.1528,127.4436,329207
38.5656,125.4272,95597
38.5139,125.1897,107997
38.9539,127.8917,20575
39.7526,126.2580,237133
38.0882,125.2983,64258
38.9914,125.9778,39841
39.4317,125.9328,437000
39.2032,125.6931,36671
38.7635,125.6410,152425
38.3603,125.1372,44274
38.2353,125.7624,83161
39.4947,125.4736,19463
38.4167,126.2333,18669
38.3532,125.4842,141407
39.5981,125.6097,15693
38.5072,125.7558,310100
39.9475,127.8711,19025
38.3594,125.3259,86042
39.0339,125.7543,3222000
39.2464,125.8719,100000
38.1239,126.2047,79740
37.9931,126.3014,159825
37.9347,125.3619,64247
38.7375,125.4078,455000
38.9918,125.6587,321690
38.4461,125.0186,89895
39.9797,125.2529,30902
39.8672,126.0303,19522
39.4381,127.2431,21490
38.8558,127.4181,24822
38.9364,125.5811,102436
37.9075,125.5100,106827
39.1425,126.0961,28922
37.9708,126.5544,338155
39.7006,125.8933,319554
38.6703,125.7761,35641
39.8420,127.6321,346082
38.7986,125.7919,25437
38.7103,127.5983,21111
39.9183,127.5364,559056
38.0406,125.7147,222396
38.8639,125.8000,19346
39.6933,125.2103,29065
37.9703,125.9375,142607
38.2508,125.0961,39368
38.3992,125.6156,53330
38.7358,125.2308,125631
38.2472,125.7948,16104
39.6178,125.6647,50196
39.0425,127.5239,31845
38.5108,125.4942,19995
39.4033,125.5089,43614
39.4627,125.6059,125924
40.0247,128.1597,76427
41.9081,129.0111,37876
42.5188,130.3348,89244
40.1994,124.5317,50081
40.3770,125.8787,38051
42.3512,130.3831,27331
40.1006,124.3981,288112
40.0397,128.1943,152759
41.0789,126.3750,41842
41.8036,128.3189,31471
40.3894,125.0467,18001
42.0622,129.7046,48958
40.0183,127.4547,21882
41.4478,129.6556,87757
42.9572,129.9933,19806
41.7136,129.6844,34055
42.9539,129.8572,65956
42.9504,129.8557,22218
42.2556,130.2831,66224
40.3728,126.3083,38051
41.2556,129.4928,99557
41.0706,129.4292,65797
42.2261,129.2078,21739
41.1547,126.2894,116760
41.5878,129.6061,35604
40.6039,125.9467,31572
40.9642,129.3278,63652
41.0903,128.2933,20406
40.9695,126.5852,209530
40.3231,128.6553,26364
41.3953,128.1873,97794
41.4017,128.1778,192680
40.8381,129.4969,67677
40.0253,127.9558,70923
42.4411,129.7460,43831
41.7772,126.8736,41022
41.7956,129.7758,327000
40.6061,128.7819,207299
42.5218,130.3957,34248
41.1372,129.4947,99557
40.3617,126.6585,47460
42.3417,130.4108,27331
36.1095,129.3452,36080
36.0045,129.3185,34560
37.1845,128.4682,25413
36.8217,128.6308,84625
35.2781,126.5118,51688
36.1750,127.7764,43680
35.9675,128.9308,56006
37.2958,127.6339,111897
36.6776,126.8427,39409
36.6574,128.4551,54873
35.3420,129.0336,358074
37.4897,127.4906,83367
37.8331,127.0617,179923
38.1058,127.9894,24027
37.3514,127.9453,332849
33.4903,126.4753,54954
35.8451,127.1475,84009
35.9925,128.3979,29691
35.5372,129.3167,1095014
37.7415,127.0474,479141
36.8944,126.6297,32778
35.3189,126.9839,44800
36.9714,126.4542,23149
36.3491,127.3849,1470336
35.8703,128.5911,2365523
36.3493,126.5977,94191
37.1759,128.9889,48962
37.2911,127.0089,1191063
34.9505,127.4878,276375
37.5660,126.9784,10349312
36.7817,126.4522,74208
36.2408,128.2975,20673
36.9156,127.1314,29239
38.2070,128.5918,81164
37.4518,126.9108,128142
36.4153,128.1606,101267
37.4406,129.1708,42145
36.9947,127.0889,364694
36.2747,126.9091,59823
35.1017,129.0300,3343903
37.4989,126.7831,850731
35.7281,126.7319,22267
34.8490,127.3405,19842
36.0292,129.3648,492041
37.1522,127.0706,238788
36.7836,127.0042,97749
36.3012,127.5680,56634
38.3788,128.4676,62446
36.2039,127.0847,43845
35.4100,127.3858,81257
35.9333,127.0500,23587
35.0292,126.7175,42459
37.8594,126.7850,43208
36.5946,128.1995,77304
34.9901,126.4790,92009
34.8128,126.3918,268402
35.4933,128.7489,53103
35.1272,126.8315,434371
35.8233,128.7378,266951
35.8428,129.2117,245365
34.9753,127.5892,89281
37.4100,127.2572,81780
35.1547,126.9156,1398538
35.2094,127.4644,30000
37.5986,127.1394,195236
36.2347,128.5728,34293
35.9786,126.7114,264656
37.3675,126.9469,286485
36.1031,127.4889,25243
36.1136,128.3360,404691
37.6564,126.8350,1061752
34.9763,128.3236,26704
36.4556,127.1247,72435
34.8503,128.5886,72124
36.8108,127.7947,44461
35.4333,126.7000,72996
35.8017,126.8889,44894
35.2342,128.8811,531966
36.1218,128.1198,150000
35.2442,129.2139,176388
37.8310,127.5106,55415
37.7527,128.8724,208161
37.7472,126.4856,25535
35.9439,126.9544,307000
37.4565,126.7052,3039450
35.6131,127.2794,25693
37.2792,127.4425,196230
35.0613,126.9875,59914
37.2068,126.8169,640890
38.1071,127.7063,22965
36.6009,126.6650,89174
37.6918,127.8857,75251
35.9133,128.8200,27236
34.5711,126.5989,23928
36.7847,127.5819,37207
34.8496,128.4278,70641
36.9767,127.9287,209483
37.8747,127.7342,286124
37.8914,128.8258,20600
38.2092,127.2175,40646
35.8219,127.1489,629618
36.4335,129.0570,31313
36.6372,127.4897,853938
36.8065,127.1522,658831
35.1928,128.0847,307242
36.8567,127.4433,60964
35.7917,127.4253,31273
33.5097,126.5219,488844
35.2281,128.6811,1025702
35.6484,127.5152,26463
35.2978,126.7844,42129
34.6816,126.9069,34544
33.4689,126.5275,40448
37.3925,126.9269,595644
37.0108,127.2703,69255
37.3236,126.8219,623256
36.5664,128.7227,153348
33.4644,126.3183,23717
34.8825,128.6267,82560
34.7606,127.6621,268823
34.9414,127.6957,154266
36.1294,127.1000,25015
37.5439,129.1069,101128
37.2917,127.5078,63026
37.4386,127.1378,914832
37.5400,127.2056,254415
37.6525,127.3075,106358
37.6367,127.2142,90798
35.4061,129.1686,83360
37.5897,127.2203,96775
35.2497,128.5200,80987
35.8017,128.5008,64718
37.4772,126.8664,357545
33.4844,126.4925,42569
33.4978,126.5272,48579
33.4819,126.5064,16037
34.8262,126.1086,53150
37.3653,126.9478,63040
33.2533,126.5618,178552
35.5414,128.4951,74668
34.8138,128.7056,232921
36.5924,127.2922,394630
34.7715,127.0800,37164
35.6000,126.9170,139876
34.8006,126.6967,51573
35.0680,127.7515,40909
29.2692,47.9781,18496
29.3328,48.0286,164212
29.3032,48.0488,30635
29.3339,48.0761,147649
29.3117,48.0742,58135
29.1458,48.0947,52068
29.0961,48.1328,39025
29.1450,48.1303,18178
29.3670,47.9743,60064
29.3375,47.6581,24281
29.0825,48.1303,68290
29.1739,48.1211,23071
29.2775,47.9586,86525
29.0769,48.0839,637411
29.3650,48.0014,17585
29.2958,48.0786,40945
29.2950,47.9331,36447
29.2572,48.0572,139163
19.3820,-81.3928,15335
19.2866,-81.3744,29370
43.3412,52.8619,103598
47.8315,59.6193,27399
48.0333,48.9000,27072
51.2460,51.4256,330000
49.4692,57.4186,28196
43.6909,51.3224,31368
46.9531,54.0198,51216
50.2516,58.4357,23715
49.8019,73.1021,497777
48.8298,58.1504,18760
47.0667,51.8667,19260
47.1048,51.8843,290700
50.2797,57.2072,500757
43.6611,51.1739,147443
51.1681,52.9978,34799
49.7363,84.2542,44929
45.4878,64.0781,20065
47.7941,67.7063,104357
52.1902,61.1989,43104
43.5627,69.7321,33492
45.8481,62.1525,35883
42.8980,71.3733,358153
47.4666,84.8714,17600
43.9065,67.2464,21339
42.5334,70.3496,18421
45.2526,77.9828,20492
43.2946,68.2569,227098
50.0520,72.9550,170600
44.8678,78.7281,26678
44.7702,65.5546,16455
43.3023,77.2381,42194
45.0156,78.3739,116558
42.3099,69.6004,1200000
43.6051,73.7622,39785
50.6290,81.9109,20087
52.9359,70.1890,47290
49.7071,72.5932,41602
50.4206,80.2502,292780
41.4604,69.1679,25139
45.4132,79.9171,76919
49.8025,72.8319,42552
52.9724,63.1106,124000
44.8528,65.5092,354800
53.2144,63.6246,210000
43.1796,70.4592,37881
43.8668,77.0630,42167
54.8734,69.1506,200920
52.2760,76.9688,329002
44.1662,80.0074,34422
49.9714,82.6059,319067
47.9041,67.5411,69782
43.0093,71.5101,15132
42.8718,73.1965,15934
46.7817,82.0226,18754
52.6329,70.4191,17711
52.5449,62.4989,40000
45.6167,63.3167,70000
50.3452,83.5156,52664
42.1815,69.8858,21238
53.2841,69.3936,150649
43.5167,68.5046,57408
43.3552,77.4524,32995
49.3301,81.5727,22047
52.0402,76.9275,44808
43.4184,77.0219,18864
51.7237,75.3229,121470
40.7763,68.3277,36494
44.1706,66.7338,29832
41.2583,67.9699,25356
43.3557,76.8548,20996
42.4219,69.8271,26115
46.8455,74.9821,81364
47.9645,80.4344,33479
51.8085,68.3582,34797
42.4301,68.8087,36285
50.2503,66.9038,42000
46.8017,61.6631,33017
51.1801,71.4460,345604
43.2525,76.9115,1977011
53.2962,69.6000,16773
49.6354,72.8652,35454
41.3468,68.9504,24047
52.3506,71.8816,46736
17.9667,102.6000,196731
20.4164,104.0450,46800
16.5703,104.7622,125760
15.1202,105.7990,88332
16.6808,106.2390,35600
20.6923,101.9837,25000
18.9235,102.4478,25000
21.1921,101.1479,23500
19.4494,103.1917,37507
18.3942,103.6611,21967
17.4103,104.8307,85000
19.8933,102.1525,47378
18.5629,103.7267,18354
16.6759,104.9880,25135
18.3053,105.0718,63268
20.6267,102.4526,27814
15.4655,106.1668,21304
20.2467,100.4540,15500
15.3458,106.7237,35000
20.3501,100.0902,65348
33.8468,35.9020,78145
34.4335,35.8441,229398
33.2733,35.1939,135204
33.5575,35.3715,163554
33.9000,35.4833,1251739
33.9808,35.6178,96315
34.1211,35.6481,20784
33.4073,35.4817,98433
34.2508,36.0106,20000
33.8933,35.5016,1916100
34.0058,36.2181,30916
33.1181,35.1397,24910
33.3789,35.4839,120000
34.3942,36.3847,22250
33.5175,35.3689,50000
33.8053,35.6000,130000
14.0667,-60.9500,25210
13.9957,-61.0061,20000
47.1415,9.5215,5197
7.0281,79.9014,41306
5.9750,80.4297,22179
6.9892,79.8917,30725
8.7514,80.4971,60176
9.8167,80.1667,78205
8.1333,81.4333,21000
8.5778,81.2289,108420
6.6858,80.4036,47832
8.0362,79.8283,45661
6.8762,81.8267,45727
9.8167,80.2333,89810
6.8905,79.9015,118179
6.9685,79.8836,28784
6.7132,79.9026,33735
6.9708,80.7829,27500
7.2083,79.8358,137223
6.9330,79.9297,33540
9.2680,80.8150,28973
6.8402,79.8712,219827
6.7730,79.8816,168280
5.9485,80.5353,76254
7.4698,80.6217,36462
8.9894,79.8784,35817
6.8480,79.9265,195355
7.4839,80.3683,28571
6.8830,79.9071,115826
6.9269,79.9095,64565
6.9329,79.8848,64887
6.9553,79.9220,28846
7.2523,80.3436,17962
7.1699,79.8884,84643
6.4134,81.3346,20935
7.2906,80.6336,111701
7.0480,79.8937,33424
6.5831,79.9593,37081
7.4090,81.8347,100171
9.6684,80.0074,169102
7.0744,79.8919,32175
6.8440,80.0024,34664
6.9909,79.8830,56978
6.8916,80.5955,15073
6.9012,80.0852,22918
6.1241,81.1185,19999
7.1643,80.5696,24283
6.0461,80.2103,93118
7.7782,81.6038,22982
5.9283,80.5888,45000
7.8600,80.6517,66716
6.9355,79.8487,648034
7.5758,79.7953,24712
6.4788,79.9828,34250
6.4260,79.9958,37000
6.0496,80.7325,58675
7.7102,81.6924,86742
6.8964,79.9181,75633
6.9802,81.0577,47587
8.3122,80.4131,60943
7.2975,81.6820,43720
6.1196,81.0214,80506
6.2355,80.0538,56783
6.0685,-8.1356,38269
7.5794,-8.5378,24695
8.4219,-9.7478,23051
6.8706,-10.8211,22005
7.3621,-8.7133,17895
6.9625,-8.8406,20818
4.5895,-7.6722,35423
6.3005,-10.7969,1542549
6.5310,-10.3537,52247
4.3782,-7.7108,35503
6.2468,-10.3564,38208
5.0113,-9.0388,20184
6.9954,-9.4712,86031
7.2350,-8.9844,63523
8.3603,-10.2064,31052
5.8769,-10.0496,75854
-29.1472,27.7490,27272
-30.4000,27.7003,33910
-30.1154,28.6894,25573
-30.1514,27.4769,46593
-29.3167,27.4833,359753
-28.8866,27.8991,61916
-29.8230,27.2374,45287
-28.8718,28.0450,43967
-28.7666,28.2494,40599
-29.5220,28.6084,16765
-29.2786,27.5242,38047
55.5968,26.4398,18024
54.6892,25.2798,542366
55.4978,25.6046,25397
55.2500,24.7500,20154
55.9814,22.2472,21294
55.2522,22.2897,21203
55.9333,23.3167,99462
55.8167,23.5333,16344
55.9114,21.8442,18904
55.7319,24.3598,85885
55.9175,21.0686,18207
54.7333,25.2417,37000
54.6951,25.4197,36800
56.3167,22.3333,32470
54.5579,23.3500,34975
55.8888,21.2445,17249
55.7068,21.1391,172292
55.2878,23.9728,22677
54.9016,23.9091,289380
55.0801,24.2754,26423
55.7095,21.3944,16433
54.7078,25.3171,40000
54.3957,24.0389,49195
54.8804,23.9084,24270
54.9153,23.9683,70000
54.6643,25.2842,33500
54.6903,25.2190,31200
54.9291,23.8860,40600
54.9313,23.9324,40453
54.7343,25.2191,33056
54.6998,25.1839,20320
54.7166,25.2174,31000
54.7097,25.2505,36000
54.6681,25.2068,31097
54.6697,25.2477,21346
54.6795,25.2686,28157
49.6098,6.1327,76684
49.4958,5.9806,36625
49.4806,6.0875,18013
57.5411,25.4275,22812
57.3948,21.5612,32723
56.9676,23.1555,16182
56.8601,24.3654,17826
56.9460,24.1059,742572
56.5103,27.3400,26429
56.8162,24.6140,22767
56.5047,21.0109,67421
56.9680,23.7704,52001
56.6500,23.7128,54834
56.4990,25.8574,21014
55.8833,26.5333,78126
57.3119,25.2746,15020
56.9054,24.0511,19096
56.9456,24.1746,17599
32.0896,23.9538,141499
31.6682,20.2521,19918
32.7670,22.6367,102581
32.1149,20.0686,757490
30.9522,20.1202,21015
24.2049,23.2857,46050
32.7568,22.2411,24631
32.4926,20.8291,85315
24.1989,23.2909,42079
32.7627,21.7551,129439
32.1900,20.5965,32563
30.7554,20.2263,131773
32.9312,12.0820,33887
32.4674,14.5687,203790
32.0633,12.5286,22680
32.4350,13.6332,52420
32.8874,13.1873,1302947
32.8817,13.3506,100000
31.2089,16.5887,106705
32.7567,12.5716,77114
32.7933,12.4885,83398
27.0377,14.4283,149329
32.8872,11.9873,31607
32.6968,13.8463,16708
32.6833,13.1833,100069
32.7451,13.7147,49610
31.8685,10.9812,28431
25.9155,13.9184,30491
31.4493,12.9853,16735
32.3753,15.0925,355657
30.4062,19.5739,31300
32.8187,13.0173,154389
29.1268,15.9477,24431
32.7522,12.7278,186123
32.1722,13.0203,36110
27.5496,14.2714,16200
30.8042,18.0772,15509
31.7455,13.9835,45734
31.9316,12.2529,33000
32.7571,12.7276,200000
32.6789,12.8733,25684
26.5903,12.7751,33569
32.7167,13.0667,57069
32.0268,12.3564,15031
32.6328,12.8736,20687
32.7572,12.3763,130546
32.1842,13.0604,15134
32.6486,14.2619,201943
32.8529,12.0612,102000
27.0500,14.4000,126386
32.7647,12.6739,81119
26.5216,13.0107,23449
32.5319,13.0175,52404
32.0333,12.8667,27713
32.8043,21.8661,29206
32.7101,13.9671,17122
32.7457,12.8423,17350
26.0950,13.5574,16746
32.5834,14.0363,73907
26.7384,-11.6719,42056
31.2251,-7.6775,22283
32.6444,-5.9183,27723
34.9428,-2.7329,39099
30.3324,-5.8384,43752
32.2463,-8.5294,73848
29.6974,-9.7316,81569
33.5581,-7.4865,35797
35.2362,-3.9545,55827
31.5147,-5.5328,45911
33.8947,-6.3065,94684
35.5784,-5.3684,415810
33.9287,-6.9066,342345
34.2100,-4.0100,162110
29.7441,-7.9730,20322
30.4703,-8.8770,87520
34.4073,-2.8973,112908
34.5366,-4.6401,41075
28.4380,-11.1032,79942
35.7673,-5.7998,1035141
31.8190,-7.5145,18060
34.0496,-4.4216,30279
30.9032,-6.9158,33929
34.6866,-6.0027,44059
32.2973,-6.7030,65601
34.4916,-5.5085,31318
34.3049,-6.3040,41472
34.2648,-5.9260,101541
33.4774,-7.9364,22525
34.2215,-5.7077,82632
29.3798,-10.1730,23606
34.1185,-6.7389,27577
32.6524,-8.4277,60948
34.0077,-6.5308,17325
35.7021,-5.8904,25771
33.0010,-7.6166,155333
35.0731,-2.9423,23553
35.1556,-3.0024,37154
33.8319,-4.8280,87234
32.1078,-9.0837,20248
34.0531,-6.7985,972299
32.2994,-9.2372,336883
31.2832,-4.2656,20469
32.2564,-4.5015,28382
33.9740,-5.0961,22345
34.0132,-6.8326,1655753
33.3450,-3.7039,17895
33.4258,-6.0014,19014
30.3947,-9.2090,97608
33.9463,-4.9951,15491
30.6404,-8.4688,26521
32.2000,-6.8000,26008
34.6814,-1.9086,539711
32.8627,-6.5736,104029
34.7958,-5.5785,65088
30.9189,-6.8934,77603
33.3798,-7.6193,25991
35.1681,-2.9335,176600
35.0109,-3.0094,51976
33.6861,-7.3830,227799
33.0489,-3.9895,27937
32.6852,-4.7451,60390
34.9402,-3.5331,16402
33.8935,-5.5473,568295
34.2560,-6.6734,31269
33.4516,-7.5199,24506
34.5737,-5.9558,34393
35.6831,-5.3287,61398
35.6166,-5.2752,70274
31.6342,-7.9999,995871
35.1932,-6.1557,136505
34.8461,-6.0664,17217
35.0004,-5.9038,138262
32.8811,-6.9063,214241
32.9349,-5.6617,128318
34.2610,-6.5802,470949
32.5977,-6.2684,51697
34.3709,-5.2138,20487
34.3100,-2.1600,47507
33.1643,-5.5672,46660
30.3554,-9.5364,142320
33.7287,-5.0109,20884
31.1721,-8.8473,22753
33.5267,-5.1102,73782
34.2257,-3.3536,99238
28.9870,-10.0574,129200
31.6923,-4.9526,17929
35.8491,-5.3575,84558
32.5021,-6.6877,111402
34.0547,-5.0072,22451
34.0701,-4.9547,156000
34.0331,-5.0003,1191905
31.5125,-9.7700,85137
31.4353,-4.2326,31971
32.5729,-6.0195,21840
32.0512,-7.4108,103982
31.2457,-6.1326,18515
33.2568,-8.5088,212863
33.9448,-6.9311,16773
33.6879,-5.3710,38527
33.2773,-7.2324,22773
32.5047,-7.1924,21004
34.5832,-2.5061,45679
35.1464,-3.8506,40000
34.9770,-3.3790,16096
33.8848,-5.5966,20831
33.3749,-7.5356,52108
31.7344,-7.0050,32217
33.5153,-7.8168,165295
31.5435,-8.7628,30432
32.0810,-8.6246,26538
35.1688,-5.2636,46721
33.5883,-7.6114,3665954
33.7894,-7.1597,40663
33.4498,-7.6524,112501
32.7236,-5.1025,17091
29.1771,-9.7118,15536
32.5338,-1.9621,31499
33.3736,-7.9946,26355
34.9200,-2.3200,119284
35.0443,-3.4542,15568
33.6160,-7.1215,62352
30.2622,-9.5038,53026
32.3372,-6.3498,210397
35.2600,-2.9300,61786
32.2409,-7.9540,96777
33.0663,-7.2416,36149
33.2655,-7.5875,149201
33.4344,-5.2213,59348
31.9616,-6.5711,42062
33.2895,-8.3425,44683
28.6099,-9.4299,15910
31.2465,-7.9789,18674
35.4652,-6.0342,34011
30.4924,-9.6355,38617
30.6731,-8.1809,19010
31.2167,-8.2318,15685
33.7464,-7.3019,21679
33.6841,-7.3392,19622
33.8240,-6.0663,143640
35.2516,-3.9372,395644
30.5019,-8.7992,15570
31.5652,-7.6616,42705
33.9357,-5.2133,30889
33.6374,-7.4497,68161
34.0097,-2.0324,17787
33.8033,-6.7946,54397
34.9537,-2.1003,21435
33.1614,-5.8463,15480
33.6300,-5.5800,18182
30.4202,-9.5982,698310
33.8527,-7.0317,65272
33.8152,-4.4072,18278
32.9005,-6.7746,17504
31.9314,-4.4266,100870
33.8181,-6.9166,30705
31.7550,-8.1100,27383
30.4114,-9.5534,55618
30.3734,-9.5476,109564
30.3416,-9.5036,187652
30.2094,-9.3792,41421
30.2976,-9.4660,90890
30.3653,-9.4104,30526
30.3773,-9.4734,55631
34.1870,-6.6818,51050
33.9972,-6.7405,200000
35.1051,-3.8403,19951
33.9033,-5.3687,28693
32.7713,-6.3923,51206
31.2824,-4.2654,24251
33.9141,-5.4897,95995
33.4197,-7.8524,40146
33.5414,-7.5285,70783
31.6008,-7.9865,18410
31.8353,-7.3143,33103
34.9082,-2.3506,32979
33.8626,-6.9296,17352
33.8876,-6.9681,27384
34.6847,-6.0034,75635
43.7398,7.4273,16012
43.7372,7.4215,32965
48.1732,27.3008,22872
47.2102,27.8001,34422
46.8428,29.6284,157000
47.1422,28.6077,19225
47.6558,28.0473,15479
48.1566,28.2849,27423
46.7293,29.7045,15356
47.7682,29.0100,55455
47.3850,28.8254,24918
46.8309,28.5900,16900
46.9765,28.8190,15934
46.6374,29.4109,21690
47.8917,28.2934,16759
47.0216,28.7630,26308
47.2656,29.1667,23254
48.0369,27.8124,16080
46.2949,28.6571,22911
47.0090,28.8594,635994
46.0617,28.8308,22700
45.9046,28.1952,34492
46.8316,29.4767,110175
47.7629,27.9285,125000
42.4412,19.2631,236852
43.3567,19.3584,19489
42.7731,18.9445,58212
42.4531,18.5375,19536
42.3906,18.9142,15137
42.2872,18.8392,18000
43.0383,19.7476,15400
42.0937,19.0984,17727
18.0682,-63.0830,5700
-18.1492,49.4023,345107
-22.8167,47.2833,19949
-22.3500,47.8333,15622
-23.5500,47.5000,27000
-17.3500,49.0333,25311
-17.4667,49.2000,37861
-19.3302,48.9779,16771
-23.3500,47.6000,40813
-18.7697,46.0465,47087
-25.3000,45.4833,29825
-16.7971,47.6516,26446
-23.3500,43.6667,178725
-25.0325,46.9833,71258
-19.1667,46.7333,42410
-19.9000,47.2333,21000
-16.9167,49.5833,39271
-16.1000,45.3167,15174
-16.6667,46.1000,21000
-14.2667,50.1667,89003
-22.9000,44.5333,21826
-20.6000,48.3333,28000
-18.6333,47.7000,17000
-15.5500,47.6667,23906
-20.5833,48.5333,37152
-20.2887,44.3178,56671
-21.7450,43.3606,23961
-18.9495,48.2301,60456
-19.5291,45.4556,21627
-19.4333,46.7500,27000
-16.1106,46.6438,41611
-14.2167,48.0833,33596
-20.0500,48.1167,26160
-15.4353,49.7379,45041
-18.9167,47.8000,23498
-21.2303,48.3417,26712
-16.1686,49.7662,37224
-22.1486,48.0106,46850
-16.0920,47.6470,30282
-18.0635,44.0295,23609
-19.9000,48.8000,40033
-15.7167,46.3167,260556
-16.9500,46.8333,27459
-24.9167,45.5167,22000
-22.4833,46.8833,22290
-18.8000,47.4833,52376
-24.6833,43.9500,32000
-18.9833,47.3167,74085
-17.4333,48.5833,15095
-21.8833,47.4333,38851
-21.1500,46.5833,15601
-22.4029,46.1258,41892
-13.3500,50.0000,23349
-21.3000,47.6333,16607
-21.4527,47.0857,203105
-18.4333,46.5667,19605
-17.3809,49.4083,44199
-19.4000,46.9500,37563
-22.8222,47.8261,36724
-20.2333,47.3833,30958
-18.1167,48.5333,33039
-23.2667,46.0833,18350
-23.7206,44.3807,27125
-19.8333,46.8500,36364
-21.6667,45.1667,18632
-19.6979,44.5459,23900
-25.1667,45.0500,23021
-24.2167,45.3167,20915
-15.2567,48.5425,18596
-14.5433,48.7498,32764
-19.0167,47.1833,29997
-13.0833,48.8500,32080
-14.8796,47.9875,40512
-12.3173,49.2919,136959
-19.8659,47.0333,260907
-18.6667,44.6167,58280
-19.6500,47.3167,70626
-18.9137,47.5361,1349501
-14.9003,50.2788,71898
-18.7000,47.7833,16000
-18.3167,47.1167,28430
-22.2833,44.5167,25961
-18.4000,47.8667,25541
-13.3972,48.2666,53219
-17.0101,48.5731,39428
-14.6500,49.6500,36660
-18.8167,49.0667,21000
-17.5876,48.2239,35266
-24.6937,44.7458,40244
-14.7500,50.2167,25000
-25.1784,46.0872,69265
-20.5303,47.2434,43504
-18.7000,47.6833,17000
-18.8180,47.4338,25163
-17.2667,49.1667,33000
-16.9833,49.8500,28406
-25.0333,46.3833,48705
-22.0000,47.8500,17000
-13.2000,49.0500,66029
-17.8333,48.4167,50463
-19.3833,47.4167,34198
-20.5528,46.8036,39618
-16.4667,46.7167,35432
-13.5000,48.8667,16114
-13.6690,48.4530,63884
-21.8333,46.9333,45784
-18.9667,47.7333,16000
7.0897,171.3803,25400
41.9803,21.0642,25422
41.8812,22.5107,18218
41.7172,21.7720,57873
42.0099,20.9714,63176
42.0759,21.0518,23096
41.9221,21.5348,18219
41.4376,22.6429,33825
41.1779,20.6789,37387
41.7458,22.1958,48279
41.9965,21.4314,474889
42.0000,21.3278,25379
41.0900,21.0088,16539
41.6383,22.4647,24984
41.3456,21.5537,73814
41.1170,20.8017,42033
41.8779,20.8839,17518
41.4846,22.0906,19515
42.1570,21.5856,28102
42.1328,21.7158,75051
42.2020,22.3339,20820
41.9164,22.4128,34258
41.5127,20.9587,31123
41.4334,22.0122,38799
41.9457,20.9289,15376
41.7963,20.9080,50974
41.1429,22.5011,20664
42.0078,21.3531,41000
41.9672,22.7694,17415
41.5229,20.5220,18074
41.9671,20.9809,16267
41.9224,20.9153,15166
41.0323,21.3355,69287
42.0400,21.4250,20800
42.0308,21.4467,36154
42.0153,21.4411,64773
41.9930,21.5808,16406
41.9489,21.5028,58216
41.4785,20.5594,45412
10.4880,-5.6494,31593
12.3581,-4.7769,17447
11.1833,-8.1500,24399
13.4637,-7.3828,22059
16.7735,-3.0074,84208
14.0432,-6.1067,24301
12.5644,-7.9155,22499
11.3176,-5.6665,349324
12.3755,-8.3349,26633
13.4403,-6.2595,205787
13.2970,-4.8963,103227
12.2000,-10.7000,15830
15.2307,-9.5936,51933
14.2505,-5.9868,52584
15.1693,-7.2899,23599
14.4843,-4.1830,186187
13.6843,-6.0735,53738
12.6867,-7.8638,24085
14.1508,-5.5209,32899
13.9044,-10.0986,26754
12.3872,-5.4651,218031
12.1840,-4.8028,22991
12.8627,-7.5598,64128
14.0640,-3.0754,24694
13.5728,-8.0339,48774
13.0389,-9.4882,75598
18.4434,1.4092,40030
13.9641,-5.3579,15750
14.4478,-11.4439,194716
12.7441,-8.0726,130254
11.9333,-8.4167,17232
12.5733,-8.0291,148247
10.5500,-5.7667,38149
12.5255,-8.0393,24241
16.4145,-3.6707,19400
16.2717,-0.0447,133110
13.4274,-6.2220,50552
11.2682,-5.5105,24229
12.7787,-6.9564,56809
15.0061,-2.9517,37002
13.8205,-6.1206,26399
13.9061,-4.5533,40489
16.2570,-3.4013,31348
13.6872,-5.8320,26559
12.4873,-6.8031,23535
14.5400,-9.1921,30592
16.9550,-0.3486,42371
11.4177,-7.4832,90234
12.9501,-5.7602,33779
14.0775,-3.5159,30159
14.3500,-3.6104,26460
13.5477,-7.4481,30591
10.3833,-7.1500,28524
12.6091,-7.9752,4227569
13.8065,-10.8321,26823
12.7035,-7.9646,70619
15.5461,-0.4606,22100
10.3064,-6.1097,41317
12.7058,-7.9027,42314
18.3356,95.6215,15233
17.4794,95.5592,21947
16.8967,96.0917,30704
22.7672,95.4276,20458
21.6324,95.2462,23329
20.4650,94.8712,110553
19.1563,96.3459,24420
15.2464,97.8551,34430
20.6597,96.9338,188083
17.0446,95.6396,40092
20.4319,96.1388,59867
21.0942,96.0280,32558
17.4770,96.6783,23143
22.1792,99.1667,15936
16.6033,95.1828,42705
16.7084,95.9336,46516
18.9429,96.4341,106945
16.7600,96.5250,52496
16.9574,96.1554,42350
19.3208,95.1827,98185
16.9187,97.3700,123727
17.6540,95.7881,54386
16.7819,96.2468,78667
15.9689,97.7275,57208
17.2914,96.5752,38059
14.0823,98.1915,136783
18.8561,94.2408,26854
20.7892,97.0378,160115
20.0065,95.5453,70094
24.6790,95.0742,41683
22.4944,98.3928,33603
24.2166,94.3122,43737
17.0084,96.1497,22667
17.3144,95.9629,88000
20.4475,99.8808,51553
16.7689,96.2450,69448
20.1462,92.8983,177743
16.8966,96.0680,28711
17.9212,96.8768,24579
24.2267,96.7909,58696
22.5693,95.6982,88914
21.8787,95.9797,78739
16.8053,96.1561,4477638
18.4813,96.4374,40386
19.7381,96.2074,97409
18.8200,95.2156,135308
20.5919,96.0520,32214
16.2854,95.6788,47082
19.8677,97.0067,15323
17.3352,96.4814,244376
16.7957,96.1749,40690
18.4917,95.5059,36971
16.6175,97.4585,29434
24.1005,98.3126,27115
21.3349,95.0844,126938
16.8895,97.6348,50000
21.2006,94.9083,48528
17.9536,96.7225,89626
20.8918,97.7167,23792
23.8334,97.6798,33382
20.5900,93.1906,36139
25.3833,97.3964,90894
21.4600,95.3884,141713
16.6891,98.5089,45000
16.5987,94.9211,58205
18.2865,95.3201,42252
23.9974,97.9011,165022
16.2562,97.7246,89123
16.3772,95.2649,34107
16.4905,97.6282,438861
22.1086,95.1358,182011
21.8478,99.6765,117108
24.7782,96.3686,33290
22.9177,96.5098,89855
25.3054,96.9354,25012
16.9241,96.0977,136000
20.1806,94.8760,57342
12.4395,98.6003,173298
20.8778,95.8584,177442
22.0350,96.4568,117303
23.6425,94.4048,44540
16.7315,95.6544,42439
16.5283,97.6157,48629
21.9747,96.0836,1208099
18.8548,93.7291,50680
20.1496,94.9325,96954
22.2115,96.1039,24234
19.6780,97.2097,17293
19.6361,96.1100,30208
17.7866,95.7508,38936
21.2481,96.8673,29533
22.9359,97.7498,131000
24.6605,97.1892,85423
16.1495,94.7590,29645
17.3013,95.1983,23966
18.0061,94.4900,23581
20.8447,92.9753,19492
24.2782,95.8949,42778
16.6374,96.3251,132765
17.4947,96.9776,31656
21.6056,96.1351,50480
19.4279,93.5513,180000
20.8416,95.1267,42817
22.5392,97.0343,39930
17.3086,97.0112,48658
16.4450,95.7237,52425
16.0769,97.5639,48100
16.4426,96.0194,28352
23.4579,97.9380,24963
21.6309,99.9268,171620
16.8085,96.1242,111514
16.9080,96.5604,40322
9.9824,98.5503,57949
16.5554,98.2371,48468
24.1754,96.3414,26732
16.7073,96.0017,58146
23.2033,95.5169,25022
23.1901,94.0640,348573
20.6346,96.5645,93032
16.8887,96.1026,247675
17.8119,95.2704,19876
25.6138,96.3148,60123
24.9915,96.5268,23352
16.6356,97.6153,25960
17.0957,96.2206,38757
17.6494,95.4570,134947
20.7232,96.8228,93041
22.6445,93.6108,20000
17.5937,94.5800,66015
16.5163,95.6029,75325
17.7951,96.6698,38477
20.8992,94.8178,90870
20.8754,92.5300,55545
16.7718,96.1733,36645
16.2941,95.3974,68938
24.2526,97.2336,54721
16.7792,94.7321,237089
20.6606,96.6349,30982
19.7954,94.0479,119714
21.9071,96.0489,237618
19.3684,95.2151,57395
16.7890,96.1265,41200
16.9496,96.1023,24948
16.9224,96.0634,23214
16.8603,96.0901,15934
16.8530,96.0656,42201
16.8346,96.0880,43828
17.0953,96.0992,99619
16.9727,96.0882,17812
16.9884,96.1622,39989
16.9084,96.0978,23992
16.9132,96.0974,22861
16.8102,96.1140,15111
16.8144,96.1139,111514
16.8062,96.1351,18614
21.1792,100.3576,39102
21.6711,100.0127,43000
19.7450,96.1297,925000
16.8500,96.0667,687867
26.3593,96.7200,31998
23.3758,93.6539,20000
15.3177,98.3884,27311
23.6961,98.7621,23435
16.9457,96.1457,29829
16.9232,96.1164,23588
16.9719,96.1274,26250
16.8805,96.0970,15390
16.8737,96.0970,18491
16.8858,96.1146,16270
16.8864,96.1282,20811
16.8982,96.1102,19350
16.8993,96.1032,16376
16.9215,96.0971,18555
16.9334,96.0931,22688
16.8061,96.1335,89618
16.7886,96.1723,132494
47.7417,96.8444,16265
49.9811,92.0667,30092
48.9683,89.9625,28400
48.0056,91.6419,29800
46.3722,96.2583,17617
47.9077,106.8832,844818
47.4750,101.4542,21620
50.2314,106.2078,22741
47.3194,110.6556,22741
47.7667,107.2833,39579
49.6342,100.1625,39404
44.6702,102.1749,27924
49.0333,104.0833,97814
47.7069,106.9528,16953
48.8523,106.4579,18830
49.4867,105.9228,83883
43.5708,104.4250,24863
48.0726,114.5326,44835
44.8824,110.1163,19891
48.8125,103.5347,17348
46.1944,100.7181,30931
46.6806,113.2792,18190
46.2639,102.7750,29420
47.7069,106.9528,16953
22.1558,113.5569,112051
22.2006,113.5461,649335
22.1197,113.5511,22125
22.1181,113.5519,36384
22.1614,113.5564,24000
22.1909,113.5473,52200
15.2123,145.7545,48220
14.6710,-61.0391,16974
14.7835,-60.9923,20380
14.6775,-60.9423,23814
14.6134,-60.9996,40581
14.6151,-60.9031,19682
14.7381,-60.9632,15040
14.6037,-61.0742,89995
14.5753,-60.9745,17394
22.7354,-12.4713,55183
16.2414,-8.1732,17465
16.6017,-15.3487,22041
15.1585,-12.1843,32653
16.5138,-15.8050,15870
16.6471,-12.6711,15480
18.0858,-15.9785,1184530
20.9419,-17.0384,146048
16.6170,-7.2565,60000
17.5060,-13.0927,15446
16.6207,-11.4021,62051
16.1507,-13.5058,56283
15.5579,-11.1800,22896
17.5458,-14.6978,27170
15.8670,-7.3692,40341
16.5915,-14.2631,20291
16.6614,-9.6149,28174
20.5188,-13.0464,31133
17.0531,-13.9131,19183
19.7416,-14.3853,15851
18.0995,-15.9574,57758
16.3946,-10.1737,15684
18.0989,-15.9885,48093
18.1081,-15.9267,61089
17.0775,-12.0387,27590
15.8561,-5.7907,58985
35.8769,14.5359,15648
35.8997,14.5148,6794
35.9125,14.5017,22591
35.9506,14.4156,32042
35.8760,14.4720,16801
35.9094,14.4257,23482
35.8971,14.4611,24356
-20.2981,57.4783,115289
-20.0576,57.5502,24361
-20.2215,57.5343,16704
-20.2638,57.4791,77308
-20.1619,57.4989,155226
-20.4081,57.7000,17042
-20.0384,57.6506,21063
-20.3163,57.5259,78618
-20.1897,57.7144,17710
-20.2578,57.7498,18036
-20.2333,57.4661,111355
-20.2567,57.4061,17818
-20.1194,57.4914,15301
-20.1386,57.5301,15662
4.1752,73.5092,103693
-9.9333,33.9333,69486
-9.7024,33.2697,20011
-15.3860,35.3188,118440
-13.7804,34.4587,41492
-11.0186,33.8575,25216
-14.8203,34.6359,23956
-16.9200,35.2620,30276
-12.9274,34.2961,31974
-11.6066,34.2907,16099
-11.4656,34.0207,249564
-11.9000,33.6000,29432
-15.6026,34.5248,20345
-16.0316,35.5000,16672
-13.5310,33.7393,27681
-14.0824,34.9165,16867
-13.7984,32.8802,31592
-14.4781,35.2645,60338
-15.0666,35.2254,41077
-13.9669,33.7873,1115815
-13.0333,33.4833,66152
-14.3779,34.3332,34882
-15.7850,35.0085,902588
-14.9793,34.9558,40950
24.8471,-98.1488,29171
21.9963,-99.0109,124644
19.7967,-99.0995,280455
17.6544,-99.5272,24719
19.7710,-97.5551,16752
20.6500,-98.6563,23125
19.9355,-97.9613,33736
18.6541,-99.1898,21586
18.8833,-98.8650,16811
18.8819,-99.0671,105780
17.1729,-92.3339,16622
18.6841,-99.2458,21074
19.4051,-99.5281,20680
18.7808,-99.2305,19164
19.2547,-99.1036,442178
20.2761,-97.9611,39803
19.4218,-97.0082,18652
19.2703,-98.9509,384327
19.2129,-98.3821,16125
19.3587,-99.2033,726664
17.9862,-92.9393,353577
19.4939,-99.1107,1185772
16.2338,-93.2701,37237
19.1809,-96.1429,428323
16.3385,-92.5632,15496
25.6732,-97.8127,48918
20.6881,-88.1994,48973
20.8815,-89.7480,39611
16.7536,-93.1158,604147
20.9578,-97.4081,84750
20.2117,-87.4633,18233
19.6466,-99.1679,28017
19.6850,-99.1281,65338
20.0835,-98.3629,102406
20.0516,-99.3440,28577
18.7003,-99.1836,16691
19.2026,-99.1419,34603
19.2879,-99.6532,489333
19.0287,-98.2770,54517
18.6343,-99.1632,18334
17.5453,-98.5760,46975
19.9627,-97.2114,35338
19.2951,-99.1621,574577
19.5401,-99.1954,653410
19.2869,-99.0051,305076
21.1430,-88.1519,46971
19.8372,-98.9761,43250
17.5673,-99.3980,22826
20.3987,-89.5349,32796
19.8173,-97.3599,103583
19.5119,-98.8829,105165
19.9094,-99.1447,22676
20.5225,-99.8917,29799
19.6439,-99.2160,555163
19.7212,-99.2239,38119
19.9048,-99.3438,80612
19.7884,-98.5527,15244
18.9669,-97.8998,27449
19.0807,-97.9734,16085
16.5414,-92.4729,16240
19.7442,-99.1811,51255
17.4729,-91.4236,32579
19.1045,-99.5898,21765
18.8525,-99.2254,97788
18.3666,-99.8718,23549
20.2052,-89.2852,25751
18.4642,-97.3974,248716
18.8835,-97.7334,28679
17.5560,-92.9479,26548
18.5546,-99.6059,50399
14.9054,-92.2589,353706
21.3506,-98.2257,30587
22.0055,-98.7797,16318
22.2852,-97.8778,309003
21.2599,-98.7893,24562
16.6247,-93.0989,16637
16.3246,-95.2410,67739
18.4658,-95.3006,15459
19.4420,-98.1033,15161
16.3401,-98.0530,29604
20.0362,-98.3556,16078
19.2481,-98.4049,27137
19.4215,-98.9504,70519
17.1016,-96.7769,21788
17.2687,-97.6803,17543
17.0296,-96.7352,67086
19.7129,-98.9690,15244
19.3066,-98.1877,48030
18.3352,-97.2462,15592
19.1333,-97.6417,17263
19.5517,-98.9187,17124
19.2096,-98.7564,20873
19.6666,-99.0948,156191
19.3564,-99.6572,35141
19.2843,-99.7339,54220
19.4500,-98.8727,22619
19.2220,-99.2024,29781
19.2676,-99.5321,67890
19.2843,-98.4389,155738
19.2433,-98.1908,16240
19.8121,-99.1453,19600
19.2319,-98.9987,24120
20.3890,-99.9964,138878
18.0883,-96.1253,159452
19.2828,-99.5929,26281
19.2947,-99.7677,16509
19.3456,-98.8603,27960
19.0992,-98.2542,27936
16.7301,-92.6382,215874
18.4487,-95.2133,61769
16.1754,-95.1942,84438
21.9311,-99.9949,53128
25.9851,-98.0896,95647
18.8304,-97.1560,40611
26.0800,-98.2846,589466
17.8590,-93.1538,26257
15.8628,-97.0683,29903
18.6147,-99.3181,21098
19.0478,-98.2072,1692181
20.2493,-99.1899,17486
21.2822,-89.6629,37369
20.5331,-97.4595,185242
19.4333,-99.1992,50000
20.6274,-87.0799,149923
15.6862,-93.2094,50079
20.1261,-88.9230,19821
19.5623,-97.2424,37516
18.4012,-93.2141,86632
20.4465,-97.3249,53546
22.0538,-98.1819,40754
18.9014,-97.6383,17213
17.5091,-91.9813,42947
20.1170,-98.7333,256584
19.0369,-98.7952,16700
19.1865,-99.0736,15507
20.3073,-89.4181,23096
18.8519,-97.0996,123182
16.6901,-98.4080,24120
16.7612,-93.3743,39180
19.2713,-99.4579,26015
16.7918,-96.6750,15016
16.9063,-92.0935,41878
17.0602,-96.7254,255029
27.4763,-99.5164,416055
18.8278,-97.1631,22085
19.6418,-99.3068,281799
19.4785,-99.2396,834434
21.3509,-97.6866,20073
18.0712,-94.4076,25289
21.0957,-89.2833,23240
15.3661,-92.2467,23755
25.1891,-99.8286,67428
19.0736,-98.2669,17622
20.2303,-99.2140,25510
19.9299,-96.8519,26827
22.3609,-97.9000,118614
18.0001,-94.5569,112046
19.1925,-99.0232,18274
16.3290,-96.5961,23940
19.2593,-99.6017,28205
20.9670,-89.6232,1201000
16.8774,-95.0382,18944
25.8797,-97.5042,510739
20.0708,-97.0608,60074
15.4336,-92.9004,17931
19.3321,-99.2112,238431
17.7605,-92.5954,32225
19.7755,-98.9808,21910
19.3636,-98.9771,85359
18.9492,-97.8038,16683
24.8580,-99.5677,70378
19.4657,-97.6874,15536
19.2888,-99.5116,22713
18.6294,-95.5197,18715
16.3655,-92.3706,18817
16.3128,-91.9822,20786
17.9118,-94.0965,42693
19.3691,-98.9493,26429
18.6000,-96.1500,24558
17.0292,-96.7009,20198
20.9349,-89.5582,77240
19.1006,-98.8788,16021
16.4337,-95.0218,88280
19.3681,-96.3695,19092
18.6147,-99.1803,18867
18.8814,-99.1778,215357
17.9654,-94.7140,32778
18.1768,-93.0638,15695
19.1831,-99.4184,15043
19.5312,-96.9159,424755
18.6016,-98.4615,42936
20.9332,-89.0189,16195
16.5605,-95.1038,25381
18.8437,-99.6767,17640
19.3156,-98.8828,322271
19.3553,-99.0622,1835486
18.8536,-97.0623,26187
19.3953,-99.0978,384326
20.4784,-99.2170,34814
20.0552,-97.0521,15297
18.3454,-99.5413,118468
21.0164,-89.8772,24910
15.1392,-92.4634,32033
18.3033,-99.3338,17475
17.8350,-93.3890,27344
21.1400,-98.4194,40015
19.1589,-98.4082,25684
20.1738,-98.0549,56206
19.1488,-96.9676,31305
17.8079,-97.7796,53043
15.6600,-92.1411,18704
18.5433,-92.6453,22795
18.9081,-97.0000,21370
19.5775,-88.0453,25744
18.6089,-90.7454,29477
18.8407,-99.1846,49193
17.7406,-91.7664,20030
22.7428,-98.9717,84787
19.6049,-99.0606,1645352
22.2181,-98.3771,24296
18.0656,-93.1730,19824
18.9261,-99.2308,338650
19.0900,-98.2732,25104
18.8106,-98.9352,157336
19.6705,-99.1799,178847
20.0356,-98.3101,18835
19.3692,-99.2909,160491
20.5004,-86.9427,77236
19.7772,-99.2130,35677
19.3467,-99.1617,614447
17.9991,-94.6359,22454
19.0727,-97.0469,15252
18.3676,-95.7986,30577
18.8842,-96.9256,204721
19.3293,-98.1664,27610
16.2400,-92.1367,166178
18.2650,-93.2243,41458
20.4870,-97.4682,34036
18.1490,-94.4447,310698
19.4523,-96.9615,53621
19.6292,-99.1069,277959
23.7406,-99.1436,332100
18.9886,-97.4464,23824
19.7756,-98.5747,28609
19.4006,-99.0148,1077208
26.3982,-99.0286,19997
18.8065,-97.1787,35641
22.2475,-97.8367,197216
21.9404,-100.0115,32006
19.4285,-99.1277,12294193
18.6459,-91.8299,191238
16.6839,-93.7181,42467
19.0641,-98.3035,292881
17.5523,-99.5012,187251
17.5992,-99.1739,31157
19.8387,-98.0317,19608
19.5594,-98.8988,21738
19.4169,-98.9020,172919
20.6667,-88.5667,18000
16.7075,-93.0122,45077
18.5196,-88.3040,169028
19.3474,-90.7204,30881
19.2617,-98.8978,168720
21.1920,-97.7409,22268
18.4213,-95.1140,27615
18.3748,-95.7544,17989
22.0014,-99.6425,15469
18.0013,-93.3756,91558
19.1935,-99.4659,20757
21.1743,-86.8466,888797
19.8407,-90.5168,220389
19.5887,-98.5697,33263
25.5890,-100.0016,68111
25.5833,-99.9833,67994
14.9920,-92.1642,16572
16.7994,-93.2722,28128
19.5889,-96.9373,19649
19.4870,-99.1859,414711
16.9638,-99.0962,15370
18.5025,-98.7536,17508
18.9081,-98.4361,86690
19.7992,-99.8750,22774
19.5579,-99.2567,489160
19.4133,-98.1436,49506
19.7113,-98.4509,26642
19.0461,-98.0450,95322
19.1238,-98.7665,31687
18.7714,-95.7618,23128
19.7661,-97.2451,19722
18.3703,-97.2997,18217
22.3931,-97.9386,59536
18.1540,-94.3942,23620
20.9115,-97.6755,25159
18.3791,-97.2587,28031
18.1391,-94.1453,36079
20.2696,-98.9438,32276
19.3300,-99.3272,23037
17.9498,-94.9139,50934
18.9820,-97.7836,25811
18.2025,-98.0486,19341
16.8494,-99.9089,658609
19.1115,-97.9523,20923
19.2740,-99.7717,16442
19.1635,-96.2165,25700
19.2271,-99.6708,15853
18.4477,-96.3591,47824
17.8529,-92.9324,21893
17.7747,-92.9022,26500
19.3145,-97.9252,51996
19.2829,-98.1961,16834
19.2158,-98.2397,42150
19.3178,-98.2385,84670
19.1686,-98.2039,22969
19.1212,-98.1657,60001
16.0901,-93.7546,35322
16.2356,-93.8997,24447
19.2291,-98.9250,15389
19.2762,-98.8317,23501
19.5316,-98.8746,15584
19.5928,-98.9108,16933
19.6139,-98.9364,102667
19.7636,-98.9591,17784
19.0514,-98.2953,39964
20.9536,-97.4419,15011
18.1077,-95.8805,40934
18.0278,-95.5295,26287
19.3589,-99.6215,18005
19.3327,-99.6034,22656
19.3111,-99.5720,21076
19.3065,-99.5928,18779
19.2675,-99.6192,24900
19.3984,-99.1577,355017
19.4436,-99.1050,430978
19.4341,-99.2002,372889
19.4451,-99.1461,531831
19.3599,-99.3502,124846
19.7019,-99.1449,38599
19.6806,-99.2564,17399
19.6598,-99.1249,53684
19.6803,-99.0100,386290
19.6083,-99.1694,216776
28.8403,-111.4775,30869
25.6616,-108.6366,27536
19.2366,-104.5651,40139
30.5266,-115.9314,16294
32.6307,-115.5704,29311
32.2892,-115.1053,17119
19.8601,-100.8273,15875
17.6434,-101.5521,67408
20.6227,-103.0681,32376
19.6275,-103.4175,22833
20.7211,-103.3874,1476491
19.9840,-102.2863,186102
20.2263,-103.5698,18172
22.7684,-102.5814,129011
19.8152,-101.7920,50112
20.2108,-101.1321,25216
20.3395,-102.2822,23843
21.6762,-102.5880,15182
20.5145,-100.9975,27079
26.9281,-101.4521,69462
20.5401,-100.4409,71254
25.8120,-100.5987,93641
19.2672,-103.7378,117600
20.3914,-101.1922,68058
19.1950,-100.1313,25554
19.4168,-102.0584,299523
20.1409,-101.1825,51382
19.2029,-100.5668,15302
21.9422,-105.2987,21709
19.5556,-103.3759,27523
25.5439,-103.4190,735340
20.6226,-103.2417,408759
20.6412,-103.2934,650123
20.4742,-103.4465,30273
32.5027,-117.0037,1922523
20.7973,-103.4771,62397
20.8820,-103.8360,29203
21.5073,-104.8933,332863
20.8169,-102.7635,91959
19.1872,-102.8470,15221
21.4343,-102.5743,23726
18.9047,-100.1527,25631
17.2198,-100.6303,15119
18.9161,-103.8771,85689
32.5660,-116.6319,64764
19.8868,-102.2072,15068
19.6801,-103.2514,18787
20.6527,-103.7015,35396
19.2361,-101.4580,25665
23.6314,-103.6413,21702
22.1891,-100.9379,332072
20.9436,-101.4270,74242
19.8837,-103.6007,26789
25.0439,-105.4192,26121
21.8130,-105.2084,18241
25.4253,-100.1521,36840
20.7421,-100.4478,18508
25.6732,-100.4581,304052
20.5500,-103.4435,20320
20.5328,-103.4294,28138
25.7560,-102.9839,48746
25.4333,-103.2167,41165
25.7417,-100.3022,412199
21.0305,-102.4023,23982
20.9153,-100.7439,174615
32.4555,-114.7704,176685
22.1523,-100.9714,722772
21.2977,-100.5174,49914
22.8909,-109.9124,202694
21.2489,-102.3304,48684
21.0015,-100.3842,23471
20.5117,-103.2369,39246
23.0541,-109.7037,136285
21.0184,-101.8551,71139
22.0775,-102.2714,16124
31.0253,-114.8417,16702
21.4783,-101.2157,28452
21.7813,-103.3044,16396
27.0619,-101.5489,20480
20.5477,-103.4671,30424
20.2132,-100.8802,37203
25.4260,-100.9796,709671
22.6279,-101.7142,16821
20.5720,-101.1915,160682
20.0570,-102.7164,64431
26.5036,-100.1819,33068
27.8559,-101.1174,54905
32.3604,-117.0464,100660
22.9903,-105.8542,16001
20.8713,-101.5168,21176
23.8273,-103.0341,32944
22.2282,-102.3222,27988
32.4436,-117.0037,26860
25.5393,-100.9474,66554
20.5881,-100.3881,1594212
20.0888,-101.5156,30571
21.0315,-101.8783,43512
19.9103,-102.0069,23713
20.6170,-105.2302,224166
31.3172,-113.5380,62689
28.7001,-100.5235,150178
17.5377,-101.2680,21659
19.5203,-102.4153,15434
20.4311,-101.7226,40070
19.5132,-101.6099,55298
25.4418,-102.1781,33817
19.6476,-102.0477,37464
27.8924,-101.4235,16970
22.1464,-102.2769,28633
29.5669,-104.5449,28040
20.3512,-102.7683,83769
20.7565,-103.4430,28135
30.4155,-107.9117,55553
27.9371,-101.2175,38158
19.0247,-102.0931,32467
21.3636,-102.8475,16562
24.7668,-107.6977,29153
27.0706,-109.4434,113836
28.4207,-100.7656,22192
20.1257,-101.1921,43200
19.7008,-101.1844,743275
25.6843,-100.3172,1135512
26.9069,-101.4206,215271
20.7307,-105.2826,20092
32.6278,-115.4545,1032686
28.2685,-105.4805,22574
27.8793,-101.5161,35060
21.1497,-101.6225,16166
23.2216,-106.4189,381583
23.6482,-100.6433,77328
25.5270,-103.2285,52233
20.9916,-101.2843,29375
19.8919,-100.4419,34381
19.1169,-104.3421,159853
31.7229,-116.5720,22957
30.6268,-110.9615,26605
20.9069,-103.9769,16214
29.1927,-108.1433,15447
19.5885,-102.4733,39209
25.7910,-108.9982,256613
22.2719,-101.9860,24260
21.1291,-101.6737,1579803
20.5757,-103.3244,22838
20.3411,-102.0225,83323
24.1423,-110.3132,250141
17.9958,-102.2269,20126
21.3588,-101.9331,98206
23.9213,-106.8925,15657
20.2899,-102.5420,35219
20.6434,-100.9929,42264
25.6472,-100.0958,308285
24.2907,-103.3934,15431
20.2857,-103.4291,18852
19.9917,-102.7184,24233
21.9611,-102.3433,43012
22.6497,-102.9898,43064
20.3724,-101.0625,20457
20.2948,-102.7094,17204
21.1681,-102.4610,24423
21.4510,-104.8983,35702
19.9563,-102.3056,53860
21.0391,-104.3712,23303
20.7160,-105.2051,29036
20.6767,-101.3563,380941
18.6260,-100.9000,21864
26.8265,-109.6421,30475
26.9299,-105.6662,104836
19.4366,-100.3564,84307
31.3086,-110.9422,264782
30.7183,-112.1584,59922
29.0887,-110.9668,812229
27.9199,-110.8989,117253
25.5679,-108.4695,71196
21.0186,-101.2591,72237
25.4587,-108.0773,72500
24.4468,-104.1234,16506
25.6768,-100.2565,673616
22.7468,-102.5188,170029
20.6774,-103.3475,1385629
25.5687,-103.4996,257352
23.7327,-103.9825,15982
25.7571,-108.8242,23553
25.7970,-100.3179,454967
25.6604,-100.4065,132128
23.1749,-102.8679,143281
25.7730,-103.2713,26632
22.8347,-105.7777,30790
31.8715,-116.6007,443807
21.5263,-102.2402,25010
27.9617,-110.8141,42516
23.7785,-105.3604,24241
23.3836,-105.3708,19363
20.5185,-103.1816,21644
20.3333,-104.5000,22550
20.5417,-103.2842,17669
19.8067,-104.2163,20924
32.5665,-115.3539,15168
27.5805,-109.9312,38969
24.0203,-104.6576,518709
24.8021,-107.3942,808416
28.4063,-106.8667,168482
20.6614,-103.2285,29674
24.5907,-107.3899,24874
20.4836,-100.9624,61658
21.2378,-104.9001,17573
20.7228,-100.7595,23683
19.2447,-103.7127,146965
20.3652,-103.8221,29267
18.7775,-103.1600,18156
27.4864,-109.9408,329404
25.5361,-103.5249,79669
31.7202,-106.4608,1512450
27.1308,-104.9239,34281
19.6896,-100.5550,60542
19.7041,-103.4638,111975
28.1901,-105.4701,148045
25.0321,-111.6626,40935
27.6789,-105.1716,40221
27.2446,-100.1323,16628
18.3582,-100.6697,25168
29.3232,-100.9522,216099
25.9547,-100.1669,15162
28.6353,-106.0889,925762
20.2925,-103.1896,21596
20.5235,-100.8157,340387
26.7893,-101.4321,23649
30.9835,-110.2976,31560
21.8458,-102.7185,19742
22.9489,-102.7022,32721
20.7563,-105.3344,16161
19.7719,-104.3664,45382
17.2067,-100.4331,21407
20.5508,-102.5082,26874
18.9378,-103.9642,15923
19.2083,-101.7090,16595
18.3185,-100.2815,18685
20.7055,-102.3451,52175
25.7819,-100.1884,467157
19.0886,-102.3570,102362
20.5450,-100.6846,26121
20.4580,-100.6208,27991
20.5478,-104.0461,36156
28.3412,-100.8511,20694
25.2767,-100.0144,26065
28.8378,-105.9123,18642
20.7014,-103.9746,15512
21.8826,-102.2843,722250
31.3224,-109.5425,77254
22.4940,-105.3637,19140
20.0309,-100.7219,57972
20.4500,-101.5307,27389
25.9720,-100.4503,16524
21.1561,-100.9325,67101
18.0191,-102.2101,37980
17.9626,-102.1989,196003
20.7638,-105.2281,22541
19.3727,-99.1564,385439
19.3861,-99.1620,250000
19.4916,-99.1248,100000
19.3812,-99.1368,60000
32.4089,-116.9436,15486
20.5181,-103.3806,86935
19.6325,-99.1386,74087
19.2603,-99.5908,61367
25.6294,-100.1878,53742
19.3025,-98.8631,44761
19.8450,-99.2333,36845
19.2931,-98.8417,36778
19.6867,-98.9728,35390
25.9042,-100.1597,34636
32.4425,-117.0342,34234
19.3397,-98.9506,33737
21.1350,-101.7497,32159
19.3447,-99.5919,31299
20.5644,-103.3022,26500
19.3436,-98.9747,25309
19.2178,-98.9881,24397
24.6567,-107.5450,24185
19.6897,-98.8608,23325
19.3750,-99.2944,23150
19.2542,-99.6278,23107
29.5644,-104.4164,22744
32.4875,-116.8267,20421
21.1519,-101.7331,19703
20.4925,-103.4175,19413
25.7886,-100.4478,18312
25.7758,-100.4258,18246
32.4239,-116.9717,18226
18.8686,-99.2083,17966
19.8744,-98.9347,17736
19.0422,-98.1189,17262
20.0642,-98.7172,16747
19.6164,-99.1472,16250
18.1506,-94.5525,16074
19.2917,-98.4681,15998
19.7131,-98.9683,15911
20.5508,-100.3981,15538
19.6619,-99.0689,15235
15.7689,-96.1350,15130
20.5526,-100.4151,18406
22.9127,-109.9266,48032
18.2391,-96.1357,17299
6.3265,99.8432,30212
3.9360,102.3626,33606
3.5860,102.7730,111056
3.7899,101.8570,40024
3.5316,101.9038,40373
3.6810,101.5198,66103
3.5638,101.6581,194387
1.9760,102.8835,82399
1.8548,102.9325,156236
1.8681,103.1124,17441
1.8250,103.3107,59033
1.5100,103.5141,23292
1.5059,103.3816,40613
1.4726,103.8780,145639
1.4620,103.9053,534659
1.5024,103.7440,500000
1.7114,103.5276,22535
1.7381,103.8999,52743
1.6006,103.6419,73176
1.6561,103.6032,63762
1.5374,103.6578,159733
1.5489,103.6965,62011
1.5243,103.8240,583640
1.4907,103.8788,141730
1.4655,103.7578,858118
1.4484,103.5873,64375
1.3651,104.1118,15494
2.0305,103.3169,323762
2.0136,103.0659,27138
2.4312,103.8405,22007
2.5148,102.8158,69816
2.2673,102.5453,35109
2.2097,102.7095,33217
2.1495,102.7704,95202
2.0442,102.5689,314776
2.0441,102.6527,30280
2.3850,103.0210,21906
3.3500,101.2500,55887
3.3833,101.4167,20001
3.3167,101.4667,22579
3.1333,101.3833,269627
3.0851,101.5328,740750
3.0367,101.4433,240016
3.9851,101.1237,25618
4.0000,101.3167,32700
4.2500,103.4167,82425
4.1842,102.0468,15448
5.2520,100.4905,88600
5.7333,115.9333,19278
5.5714,115.5984,24200
5.9749,116.0724,500421
5.9070,116.1015,78086
5.9258,116.0609,78340
5.8231,116.0466,15716
5.7167,116.4000,29294
5.9538,116.6641,19294
4.4818,118.6112,62641
5.2803,115.2475,95120
5.0790,115.5496,39300
5.3473,115.7455,15855
5.0230,118.3290,105622
5.8402,118.1179,439050
5.3378,116.1602,77650
5.0393,116.4274,31807
4.2448,117.8911,372615
4.7750,103.4162,34767
4.6374,103.4368,21044
4.5141,103.4483,24401
5.4167,101.1333,30868
5.4306,100.5301,18236
5.3650,100.5618,170889
5.2236,100.6926,34800
5.1343,100.4955,44412
5.0108,100.5410,20476
5.5131,100.5536,50757
5.7274,100.5088,47585
5.6364,100.8452,18844
5.6549,100.8954,19093
5.7000,101.8333,17734
1.3667,110.4000,27286
1.0266,110.3633,25232
1.4167,110.1500,52643
4.9500,100.6333,58004
4.8833,100.7333,36243
4.9667,100.8000,22307
4.8500,100.7333,217647
4.7667,100.8500,38294
4.7667,100.9333,39331
4.7211,101.1189,30461
4.5841,101.0829,759952
4.5388,101.0365,30694
4.8844,101.9686,19731
5.3302,103.1408,426500
5.2056,103.2059,21410
2.4615,101.8595,16672
2.4701,102.2302,28238
2.3804,102.2089,20163
2.3125,102.2805,42185
2.2654,102.2801,37716
2.2690,102.1427,26044
2.1960,102.2405,579000
2.1449,102.4251,18632
2.9080,101.4688,49155
2.9996,101.3929,20000
2.8136,101.5019,48240
2.8724,101.4948,24857
2.9000,101.7833,45042
2.9516,101.8430,92491
2.7297,101.9381,372917
2.5246,101.7965,119300
2.6931,101.7498,212050
2.6910,101.9890,64497
2.8079,102.4049,31273
2.7389,102.2487,19510
2.5897,102.0913,29595
2.5825,102.7110,21923
2.7083,102.5047,41931
2.5832,102.6117,29777
3.4836,103.3996,31826
3.4854,102.3484,42171
3.4506,102.4176,59916
5.4833,100.3833,19371
5.4709,100.2453,20000
5.3991,100.3638,107591
5.3833,100.3833,65301
5.3630,100.4667,212329
5.1659,100.4779,40072
5.1267,100.4932,27313
5.0182,100.4282,31065
5.4803,100.4985,135786
5.3492,100.2394,23559
5.2999,100.2605,130455
5.4112,100.3354,158336
3.4537,101.6413,20334
3.3646,101.6041,71202
3.3213,101.5767,199095
3.2100,101.5610,222858
3.1073,101.6067,807879
3.1412,101.6865,1453975
3.2070,101.7270,353268
3.2380,101.6820,254083
3.1500,101.7667,126285
3.1137,101.8142,55251
3.8766,100.9328,28357
3.6746,100.9867,26939
3.8077,103.3260,548014
4.3945,101.1947,49000
4.4692,101.0411,46183
4.3000,101.1500,19056
4.1667,101.2000,27863
4.1167,101.2833,30016
2.8944,112.0914,33478
2.8833,112.8500,31920
4.4833,100.9167,60988
4.2323,100.6298,39595
4.2168,100.6996,156234
4.0222,101.0208,232800
5.8172,100.4738,15964
5.7989,100.3726,67653
5.6470,100.4877,544851
5.5171,100.4265,17131
5.8333,102.4000,137400
5.8000,102.1500,29116
5.5313,102.1993,105007
1.5500,110.3333,402738
1.3833,110.7500,23011
1.2472,111.4528,47313
2.1167,111.5167,44039
2.0833,111.6167,20299
2.0167,111.9167,15333
2.3000,111.8167,198239
1.8833,111.6833,15462
6.4414,100.1986,63869
6.4342,100.4313,18872
6.2681,100.4217,63489
6.1000,100.3000,19231
6.1210,100.3601,417800
6.0287,100.4069,30000
6.1706,100.5189,19677
6.1167,102.2000,17033
6.0493,102.1399,230424
6.1236,102.2433,568900
6.8873,116.8236,32393
1.7333,111.3333,19009
2.5169,111.4300,19477
1.1386,111.6667,15031
1.4000,111.5167,36303
2.6667,112.0833,21147
2.1000,112.1500,24700
1.6744,109.8517,26372
1.9955,112.9325,33014
3.8620,113.7152,48875
2.7000,113.7833,22502
3.1667,113.0333,151617
3.1167,113.2667,29606
4.8604,115.4090,26002
4.7548,115.0101,38093
4.1833,114.3167,90100
3.9833,114.1000,28695
4.3993,113.9916,300543
1.6000,103.8167,75350
3.1800,101.7730,28222
2.6579,101.5629,22340
5.6998,100.5145,34947
5.4427,100.4297,28100
3.0333,101.7167,130252
1.1667,110.5667,58059
3.1167,101.6833,18605
3.1833,101.6833,100000
5.3310,100.2830,18755
3.0000,101.6167,375181
5.4634,100.3814,27191
6.0333,102.2833,23288
3.2856,101.5190,23307
4.4557,100.6288,16317
6.3833,100.3000,16235
2.5703,101.8330,16450
5.4037,100.4574,27194
3.2594,101.5541,21185
5.6000,100.6500,19209
3.2140,101.6402,85960
2.2186,102.1995,38643
1.5320,103.7549,412373
2.2666,102.2004,23074
3.4242,101.1849,16393
3.4161,101.1730,84031
5.3697,100.3135,145600
5.3270,100.2735,140849
1.8278,103.3000,17528
5.5333,100.5667,60983
2.3500,102.8760,20000
5.9952,100.4788,94033
5.9167,102.2167,39904
1.7954,102.8971,19374
2.3500,102.1167,29185
2.3829,102.3311,16000
2.2958,102.2537,31936
6.0000,102.2500,19233
3.3167,101.4000,100899
3.2167,101.3167,58674
2.2635,102.2179,19158
2.2152,102.2851,55656
3.1500,101.5333,833571
2.8033,101.7972,38612
3.0500,101.7667,232100
3.0294,101.7471,69302
2.2139,102.3278,15497
6.1840,100.3775,16525
5.3900,100.3188,63507
5.2153,100.4921,36601
3.1080,101.7260,135823
5.3460,100.4392,54416
5.2718,100.4601,22900
2.2594,102.1838,17391
2.2110,102.6546,40000
2.2898,102.1928,17119
3.5223,101.9087,49213
1.7760,103.8736,21898
2.2487,102.2460,25028
5.4016,100.2781,16974
5.2890,100.2470,21481
2.9353,101.6911,50000
6.3520,99.7879,18898
5.8333,100.7500,32565
6.0884,100.3917,38193
6.4294,100.2817,20000
5.3722,100.3071,18662
5.7168,100.6582,17972
5.5882,100.3709,544984
2.9228,101.6572,79200
5.2832,115.2537,54752
4.6411,101.1393,150000
4.6192,101.0685,86266
3.8682,102.5862,44964
1.8700,103.6158,15278
1.5392,103.8092,66000
1.5110,103.8198,45000
1.7541,103.2798,32226
1.7497,103.2770,32226
1.7439,103.3207,32226
2.9029,102.8877,23247
3.0688,101.6897,50000
4.1987,100.6700,100000
3.2549,101.6668,542409
2.6831,101.9700,31016
2.2618,102.2317,19158
2.4280,102.6801,32000
1.5331,103.6155,30000
1.4714,103.5675,24765
3.0438,101.5806,708296
1.3932,103.6232,575977
2.9936,101.5726,60000
2.9942,101.7887,236240
3.1466,101.7102,120529
3.0693,101.6074,200000
3.2389,101.4279,25000
3.1545,101.5802,500000
3.1989,101.5918,85000
5.3729,103.0205,93485
3.1903,101.6106,48556
2.5248,112.3254,19844
3.1992,101.6498,423062
3.1852,101.5246,45000
3.1603,101.5150,35000
3.1416,101.5909,20000
3.2321,101.7048,41699
3.2212,101.7232,50000
3.1190,101.5866,60000
3.1861,101.6287,16500
3.2418,101.5330,38870
3.1687,101.6508,30643
3.0729,101.6763,25989
3.1451,101.6262,37500
3.1294,101.6700,40000
2.6898,101.9077,62000
1.4800,103.6596,60000
3.2006,101.7397,215600
2.9476,101.8470,19724
3.0847,101.6909,50000
5.2977,100.2115,17379
3.2108,101.7482,99304
1.4806,103.6838,101263
1.5333,103.6667,505661
3.0542,101.7984,100000
5.3728,100.2797,226712
3.0547,101.7594,40000
3.4156,101.5571,20023
2.2403,111.9714,35000
5.9116,116.0499,35844
3.1016,101.4557,150000
3.1868,101.6509,40000
3.0493,101.6415,93822
3.0874,101.4334,146534
3.0108,101.4208,53916
2.6738,101.8721,26127
3.3275,101.5311,39000
3.0603,101.7408,35000
3.1204,101.6225,25500
5.1978,100.4924,19586
3.2066,101.4773,72000
3.2173,101.5608,607000
1.5463,103.7183,60279
3.2853,101.4741,150000
3.0838,101.7090,20000
3.1063,101.6676,35000
3.1782,101.7031,122096
1.4577,103.6455,18800
1.6496,103.6266,19793
1.5122,103.9166,30000
1.5043,103.8752,220000
3.3746,102.9434,18493
2.8123,101.7356,21534
3.1482,101.6141,200000
3.0491,101.6804,200000
3.1059,101.6868,25000
-25.0519,33.6442,154356
-18.6756,34.0728,21792
-22.0000,35.3167,43183
-16.1153,33.7294,45213
-19.2692,34.2128,30087
-17.8203,35.3442,21179
-16.8375,36.9856,196001
-19.6094,34.7431,82260
-18.5811,36.4586,17558
-11.3517,40.3516,45313
-25.0269,33.0989,32286
-17.3120,37.5078,17900
-14.7228,34.3608,15820
-16.1564,33.5867,357000
-15.5958,32.7647,31101
-25.4428,31.9953,110000
-17.8786,36.8883,349842
-12.9740,40.5177,232932
-17.2642,38.1350,17167
-15.1165,39.2666,770379
-14.9206,39.9836,37226
-15.7203,39.3425,52457
-17.4919,37.0289,22647
-14.5626,40.6854,239808
-15.4569,38.6772,19504
-11.6628,39.5506,27274
-14.9678,40.6639,24079
-17.3269,35.5842,24076
-13.1256,38.9997,88442
-14.9169,40.3022,50134
-11.3167,40.3500,27909
-15.0347,40.7345,55829
-16.0986,35.7700,35146
-16.7333,39.2333,29686
-23.8597,35.3472,126408
-25.9622,32.4589,1198988
-23.3292,35.3814,24312
-18.2908,35.9453,45777
-25.9655,32.5832,1254837
-18.9344,32.8756,41961
-25.4022,32.8072,65240
-14.3525,35.6506,118922
-12.2467,40.1208,23228
-13.3128,35.2406,281341
-23.8650,35.3833,95388
-15.4669,36.9778,168971
-19.0883,33.6486,39351
-14.8031,36.5372,91780
-24.5333,32.9833,63695
-13.3825,39.7817,37871
-19.1164,33.4833,422046
-24.6867,33.5306,73393
-18.0575,33.1736,25869
-26.0424,32.3303,27325
-19.8436,34.8389,687764
-16.2325,39.9086,104540
-15.6356,37.6883,49019
-14.8706,37.0044,32921
-15.0250,38.0425,20146
-18.9860,32.7355,15962
-13.7130,39.8315,26383
-19.8644,34.4674,16369
-14.9475,37.4159,23553
-18.9916,33.0823,15907
-14.9447,38.3236,30241
-24.6894,33.2584,23742
-18.0389,20.7006,20633
-17.5047,24.2757,33615
-22.5594,17.0832,386219
-19.2484,17.7135,22845
-22.6784,14.5266,53009
-17.9180,19.7731,75180
-23.3170,17.0900,34185
-20.4637,16.6477,33481
-17.7883,15.7044,43309
-17.7720,15.7656,24012
-17.9082,15.9804,27049
-21.9814,16.9029,26832
-26.6481,15.1538,15137
-26.5765,18.1336,23049
-22.5231,17.0603,21243
-19.5733,18.1003,24099
-22.4534,18.9716,22639
-22.9575,14.5053,73598
-17.3932,15.8911,22963
-22.2741,166.4488,93060
-22.2626,166.5662,24680
-22.1576,166.4572,19346
13.0817,2.9110,19529
13.7960,5.2503,85494
13.8072,8.9881,318874
13.3342,2.2475,31598
13.1191,1.7987,15988
14.2071,1.4542,30822
13.5627,7.0485,34529
13.7574,7.9874,58750
14.0078,0.7531,39410
15.8969,5.7985,20704
14.9709,8.8879,27527
14.8888,5.2692,159468
13.1007,2.3689,18333
13.5137,2.1098,1323691
14.2495,13.1092,32035
13.7073,9.1501,38446
14.3939,1.1338,40593
13.9553,7.6712,22183
13.4231,8.4748,37374
13.5000,7.1017,361702
13.2114,12.0241,17778
12.9983,8.9099,35091
13.3087,7.1560,16538
14.0730,5.9600,37858
13.3043,2.3390,19957
14.4605,5.2437,30439
13.6576,6.6957,23718
13.9835,10.2704,24752
13.5258,7.9140,19860
11.8843,3.4492,61533
14.3521,3.3168,16544
13.0490,3.1937,79406
13.6403,4.0265,50037
13.3154,12.6113,54082
14.5106,6.7650,39645
13.7838,2.9523,21740
14.7308,0.9174,26290
18.7369,7.3853,106448
17.0187,8.0168,88561
13.5060,7.7786,23545
16.9733,7.9911,149549
15.4509,6.2793,29561
11.4352,5.2349,24338
9.8073,6.1524,24447
11.1113,7.7227,980000
9.2084,12.4815,460000
4.9268,6.2676,365000
7.8714,9.7779,92933
11.8094,8.8442,23066
5.5174,5.7501,910000
8.9415,8.6031,27137
5.0513,7.9335,436606
6.7000,6.3333,108608
5.5249,7.4946,370000
5.4896,6.0041,79986
5.8087,8.0810,200276
5.9358,7.0793,64179
6.6558,6.3849,21782
10.0706,6.1906,24037
12.4059,4.6460,20932
12.5684,6.0622,39045
7.2667,9.9833,24822
6.5015,3.3581,191920
9.1806,7.1794,162135
13.0627,5.2432,1040000
10.9813,8.0575,15715
6.5389,3.3742,154390
8.6676,3.3939,178677
6.8485,3.6463,214558
5.8941,5.6767,305000
11.1039,5.2556,16613
11.5568,8.5807,17972
11.7139,11.0811,86002
4.7774,7.0134,2120000
9.9843,10.9523,106322
8.7285,5.7556,28285
9.3254,9.4352,31516
5.9575,6.8530,73812
7.8537,3.9324,736072
8.0500,4.7667,73622
7.1962,5.5868,276574
5.4836,7.0332,545000
7.1017,7.6594,21686
7.9478,4.7884,37783
7.7710,4.5570,645000
6.5550,3.3436,170870
7.5563,3.4411,71027
6.1498,6.7857,1553000
7.0932,4.8353,375000
7.6004,4.1926,95002
9.2187,3.2012,26589
4.7421,7.0837,133271
5.8292,7.3506,115499
7.5512,6.2359,479178
7.8167,4.9167,79563
7.9500,4.9833,35000
5.6146,7.8119,73355
6.1781,6.5246,26137
5.7104,6.8094,21639
6.6584,8.7992,37466
8.1337,4.2401,433030
7.5938,6.2180,84373
8.1491,4.7207,113830
7.7899,5.7117,75463
6.6682,9.1645,19668
4.7113,6.7908,68584
9.4637,12.0306,77617
6.8578,7.3958,111017
6.0196,6.9173,193987
5.7592,7.1038,62973
6.1504,6.8304,103733
12.8770,10.4554,111014
8.5389,7.7082,30949
11.0960,11.3326,22920
6.5280,3.3541,199000
10.2686,13.2670,225705
12.8741,6.4875,28735
12.6706,13.6122,20297
9.2948,5.0541,21128
7.3830,4.2603,119529
9.6152,6.5478,425000
12.3653,13.8293,15707
11.7894,7.6206,70709
7.7337,8.5214,390000
6.4961,3.3878,85840
11.8469,13.1571,1110000
12.1145,12.8262,19363
7.7969,6.7405,60579
10.3858,8.5729,93290
6.4122,4.0947,401272
9.0444,6.5709,16442
7.4679,4.0659,81130
6.4541,3.3947,15388000
8.8530,5.4164,102779
8.4939,8.5153,127236
5.7077,6.4340,20226
10.0481,11.2105,35712
13.1550,10.6347,16557
12.9247,13.5662,16077
8.8795,7.2276,97367
10.4032,5.4708,98754
11.7844,9.6069,17704
9.0830,3.8520,155510
8.8465,7.8735,85911
12.5937,6.5865,69725
7.1694,9.2846,36722
12.9908,7.6018,670000
11.2471,10.5610,18812
12.0001,8.5167,4910000
11.8517,3.6548,25568
9.6053,3.9410,21897
9.6078,8.3904,77008
9.5813,8.2926,79522
10.5264,7.4388,1850000
9.8734,7.9541,30893
7.8272,6.0750,49869
9.9285,8.8921,1040000
9.2795,12.4582,248148
12.2234,4.3797,73495
9.1197,4.8236,21488
8.8937,11.3596,117757
7.6353,4.1816,250443
5.2013,7.9837,36358
6.3819,8.0374,89990
7.9702,3.5963,365300
7.4648,5.4233,190063
8.2734,5.8353,15087
6.4169,3.1406,139494
7.8738,5.0769,82113
6.9100,3.6656,15935
7.8486,4.3298,164161
8.4966,4.5421,1080000
7.8388,4.4867,118089
13.7306,5.2978,17461
7.6279,4.7416,325000
6.8890,3.0142,46999
8.0171,4.9042,179192
5.1819,7.7148,254806
5.9667,8.7063,79103
7.9128,4.6674,134240
7.3698,4.1863,222160
7.4975,5.2304,103054
6.5965,3.3420,313196
7.5259,5.7534,465000
7.8151,5.0672,167632
6.8194,3.9173,360000
7.6829,4.8177,51730
6.9720,3.9994,109261
5.8548,6.8594,83265
7.6685,5.1263,87282
6.0180,7.0203,75224
7.4512,8.6081,17666
7.4338,3.2879,92719
8.8378,3.7563,136764
8.7492,4.1311,24690
7.5025,5.0626,74121
7.6807,3.1841,36447
6.8149,3.1952,88272
7.4824,4.5603,560000
7.1127,5.1159,86468
7.1135,6.7387,68703
8.1812,9.7443,22757
10.4854,5.1450,15565
7.3776,3.9059,3649000
12.4535,10.0412,110753
11.0831,13.6959,15176
11.9160,7.9337,16303
11.2773,9.8839,15806
13.3582,5.2381,17486
12.1702,6.6641,226857
12.1448,5.1178,38744
12.6269,9.3881,42742
10.1676,12.7368,19616
10.2897,11.1673,560000
6.7256,11.2565,19881
12.8944,11.9265,41367
7.4773,4.3535,139485
7.3228,9.0011,365000
11.8606,9.0027,20959
12.8740,11.0406,125817
10.1751,11.1646,21141
8.4350,12.0511,15178
12.3730,14.2069,84672
11.5235,7.3117,136811
7.7139,3.9167,71461
6.4409,8.0843,67414
4.8029,8.2534,112033
7.5391,3.4245,34802
6.5841,3.9834,84711
6.1715,7.0053,68785
6.9827,7.4553,18989
6.4413,7.4988,950000
7.4364,5.4592,90645
5.1009,6.8141,20620
6.7430,6.1403,59618
4.6423,7.9244,25569
7.9030,4.3136,138357
6.6592,7.7596,70779
8.2190,5.5076,17612
7.6565,4.9223,279319
6.6311,8.0581,86945
7.7363,4.4354,159866
6.6009,3.4882,535619
10.8501,8.1990,22062
11.7562,9.3390,17129
10.8238,10.7722,16961
8.3931,8.3554,15097
12.0361,13.9182,29026
10.2119,11.3871,17671
13.0330,8.3235,25289
11.5541,11.4060,78277
10.9992,10.4106,18415
11.1553,12.7564,21571
11.7470,11.9608,46000
4.9589,8.3270,540000
5.3533,5.5083,16410
9.7940,8.8640,15540
4.7361,6.8624,135404
4.4516,7.1707,16868
8.9390,4.7823,16619
10.6128,12.1946,95005
11.4521,9.4786,26565
12.4539,4.1975,108164
11.0154,6.7804,22380
9.8671,11.2259,15976
9.0804,6.0099,400000
6.3381,5.6258,1782000
5.5587,7.6336,79618
7.8587,10.9719,17467
10.3103,9.8439,693700
8.6157,6.4185,26821
11.5213,13.6895,118121
6.4150,2.8813,26383
10.4295,3.8150,17617
11.6748,10.1907,105687
6.2127,7.0720,167738
6.0728,7.4774,23175
7.0676,6.2636,62907
6.0128,6.7477,230000
6.1982,6.7319,73374
12.7448,4.5251,45584
7.7048,5.0405,74491
7.3516,4.1833,71656
10.9625,8.3923,15538
5.7892,7.8383,127300
6.4500,3.3333,228000
8.9108,8.4065,15985
7.2526,5.1931,730000
6.7090,7.3183,73742
7.5623,6.6550,15144
6.1005,7.0610,79021
6.2538,6.1942,67610
5.8926,7.9353,71866
6.5955,2.9418,15442
7.6233,5.2209,435000
9.0579,7.4951,2690000
7.1557,3.3451,735000
6.3248,8.1137,134102
5.1066,7.3667,1160000
6.4469,3.4153,342000
6.4520,3.3312,550000
6.6066,3.3024,308290
6.6101,3.3097,308900
4.7614,6.7496,19223
11.5596,9.6641,200000
12.1973,-86.0971,50000
13.4841,-86.5823,20316
13.0439,-86.9051,15385
13.7332,-84.7772,16056
11.8485,-86.4384,29836
11.9095,-86.2035,23347
11.4398,-85.8275,30000
12.9344,-85.2235,17018
12.1596,-84.2195,20456
14.0351,-83.3888,33635
13.6322,-86.4740,33928
11.6876,-84.4562,52929
11.7570,-86.0529,20810
12.2659,-86.5647,26270
12.2351,-86.4281,61234
12.9279,-85.9191,109089
11.9732,-86.0959,130113
11.9145,-86.1446,21452
12.1328,-86.2504,973087
12.4353,-86.8786,144538
12.3400,-86.6753,23481
12.1059,-85.3655,50000
11.8483,-86.1992,29507
13.0910,-86.0023,55000
13.9222,-86.1235,24037
11.9306,-85.9537,89409
13.0929,-86.3559,96422
12.6635,-87.1666,53504
11.9901,-86.3095,16469
11.8581,-86.2392,35008
12.4825,-87.1730,19183
12.6295,-87.1313,126387
12.5704,-87.0280,33137
12.3838,-85.5128,16653
12.4726,-85.6596,29046
12.0129,-83.7645,44373
12.1589,-86.3442,50000
52.5125,6.0944,129840
51.8175,4.6333,45696
52.1383,6.2014,36188
52.0575,4.4931,115845
51.9300,6.0708,26063
52.0900,5.2333,60949
52.3300,5.5417,19022
52.3713,4.5331,16868
51.8100,5.2444,26383
52.4531,4.8136,140085
52.4385,4.8264,71708
52.0850,4.8833,48431
51.9265,6.4170,19496
51.9725,6.7194,29623
53.1442,7.0347,18506
51.9742,5.3417,17465
51.8092,5.7250,32693
52.3592,6.5931,25342
52.3075,5.0417,17802
51.2517,5.7069,48662
52.1458,4.4028,25353
51.9700,5.6667,35433
52.0450,4.6514,25338
51.6825,5.0708,45610
51.6533,5.2875,25043
52.1275,4.4486,22468
52.0742,4.3597,38000
52.4950,5.0708,22000
51.4425,3.5736,45273
51.9125,4.3417,73798
51.9925,5.0917,19931
51.5250,5.9750,39047
51.3700,6.1681,101988
52.4600,4.6500,67758
51.9950,5.9736,17669
51.6167,5.5486,25352
52.0286,5.5589,61271
53.1067,6.8792,28155
51.3508,5.4597,31071
52.0908,5.1222,376435
52.6625,5.6014,22173
52.2375,4.8264,26846
51.6608,5.6194,34601
52.4075,6.7847,20334
51.4489,5.5198,19680
51.5555,5.0913,221947
51.8867,5.4292,40702
51.3358,3.8278,27930
51.3442,6.1361,20190
52.7875,6.1208,17138
51.5842,4.3194,23582
52.6450,6.2111,15765
52.9895,6.9504,20000
51.8450,4.3292,74988
52.1733,5.2917,45021
53.0330,5.6589,32811
51.8208,4.7764,23854
50.9983,5.8694,48400
51.5675,5.4597,16931
51.6992,5.3042,160783
52.0017,4.1653,19190
52.0767,4.2986,474292
51.6225,5.4319,23239
51.9192,4.3889,75438
51.9584,4.4712,16305
52.1046,4.2756,23000
52.7875,4.7986,19890
52.2250,4.5222,15510
51.9225,4.4792,868135
51.5308,4.4653,77725
51.1942,5.9875,44975
52.0363,4.3250,47299
52.3067,6.5181,27740
51.5908,4.9194,16230
51.8725,4.6028,45189
51.8575,4.4222,18250
51.9592,5.5681,18061
52.3858,6.2750,20015
52.2592,5.6069,23168
52.5050,4.9597,80117
52.0195,4.4295,18695
51.8317,4.6875,31621
51.8242,4.4125,23569
51.7650,5.5181,76430
51.6450,4.8597,53107
51.9595,4.5453,25150
52.3133,6.9292,31410
51.5792,5.1889,25980
52.1800,4.4694,21149
52.3792,5.7861,19496
51.4700,5.5528,23223
52.0450,4.3958,19020
52.2340,4.4447,24363
52.3600,6.4681,25000
51.8425,5.8528,177359
52.2200,5.4861,38335
52.2642,4.6306,31415
52.0292,5.0806,61489
52.2958,5.1625,17115
51.9942,4.2097,17753
52.2067,4.8625,15230
51.7575,4.1653,17554
51.5000,3.6139,46485
52.1765,4.5088,16500
52.6958,6.1944,30697
52.7717,5.1056,41500
50.8483,5.6889,122378
51.9233,4.2500,32780
52.1392,5.0417,39675
52.2608,7.0042,22431
51.6275,5.0750,23000
52.2600,4.5569,22321
51.8327,5.7934,16121
51.9867,6.5667,19590
52.1325,5.4319,29215
52.5083,5.4750,79811
52.1583,4.5292,25966
52.1583,4.4931,119713
53.2027,5.8097,124481
51.8933,5.0917,20758
53.1625,6.3764,19651
51.9167,4.6028,29017
53.2323,6.5680,16710
50.8658,6.0625,49777
52.2033,4.3986,20010
52.5550,5.9111,48980
52.8900,4.7403,15135
52.0200,5.0431,33886
52.4603,4.6105,31925
52.2992,5.2417,41273
51.9383,5.9333,19725
52.6425,5.0597,68852
51.8633,4.3625,34950
53.1617,6.7611,21480
52.7225,6.4764,38754
52.3025,4.6889,132734
51.6079,4.7915,16000
50.9239,5.9253,25000
52.2233,5.1764,83640
52.2908,4.5833,18419
52.2658,6.7931,82311
51.8442,4.6389,21027
51.4817,5.6611,74740
51.8333,4.1333,21927
52.6025,4.6882,24144
50.8837,5.9815,93084
52.6714,4.8486,47580
52.9593,5.9185,43094
52.3499,4.6230,25562
52.5111,4.6716,39191
53.1748,5.4224,16119
52.3417,5.6208,40516
52.5758,6.6194,57909
52.3808,4.6368,162543
52.1567,6.7389,24137
51.8826,4.5494,28120
53.2192,6.5667,244807
51.7767,5.9361,18741
52.0167,4.7083,71952
51.8365,4.9724,34736
51.5208,5.0667,22646
51.5042,3.8889,36931
51.6983,5.9736,16642
51.5558,5.6903,15995
50.9742,5.8292,32790
51.4217,5.5597,27900
51.8808,5.2889,25734
51.7017,4.8569,20941
52.3475,5.9833,33385
52.2183,6.8958,153655
52.7033,5.2917,17365
52.7792,6.9069,57010
52.7108,5.7486,46409
51.9192,5.8417,20488
52.4475,5.8431,21844
51.4408,5.4778,235691
52.1000,6.6486,16493
51.3575,5.3181,18185
52.0333,5.6583,67670
51.9467,6.0139,25469
52.5250,5.7181,28073
52.0533,5.2806,18553
53.1125,6.0989,45186
51.8100,4.6736,119260
51.6267,4.9389,25464
51.9650,6.2889,49906
52.3396,4.9626,24361
51.9408,6.1319,17812
52.2550,6.1639,97331
52.9599,4.7593,59569
52.0817,5.0361,22116
53.3300,6.9181,28649
52.0067,4.3556,95060
52.5117,6.2569,26575
51.9550,5.2278,26826
51.3042,5.5889,19966
52.5483,4.6694,35256
51.9292,4.5778,65255
52.2733,5.1611,31334
50.9467,5.9708,29254
52.0900,6.1556,21344
51.5866,4.7760,184126
51.5908,5.3292,29511
52.0750,4.6556,15222
51.4233,3.7347,22285
52.3014,6.7482,23877
52.0825,4.7500,19395
51.3717,6.1486,15820
52.1300,5.2014,23248
52.4833,4.6569,37585
51.8608,5.7667,25557
51.5075,5.3903,29074
51.9900,4.4986,16579
51.3192,5.3583,18181
51.4950,4.2917,66256
52.6692,4.7042,29715
52.0775,4.5444,18959
51.9983,5.6764,15160
52.1400,5.5847,35095
51.8567,4.5347,38672
52.2117,5.2875,24584
52.4683,4.7431,24230
52.9967,6.5625,68836
51.9800,5.9111,162424
52.2100,5.9694,136670
52.3740,4.8897,741636
52.3008,4.8639,79639
52.1550,5.3875,139914
52.1292,4.6555,70251
52.3702,5.2141,176432
52.3567,6.6625,72725
52.6317,4.7486,94853
51.8658,4.6611,18348
51.9250,6.5806,19141
52.2592,4.7597,22991
52.3075,4.9722,84811
51.9931,4.4787,20189
52.0410,4.3698,30000
52.4328,4.6616,15420
51.7261,5.3019,16150
69.9689,23.2717,15094
63.4305,10.3951,216518
69.6489,18.9551,41915
69.6500,19.0167,18291
59.2675,10.4076,55387
58.7333,5.7000,19781
63.4681,10.9262,15693
58.9701,5.7333,148682
59.2096,9.6090,50595
59.2839,11.1096,59038
58.8524,5.7352,85386
59.1312,10.2166,64345
59.1405,9.6561,34377
59.9127,10.7461,1082575
60.3182,5.3532,35638
59.4340,10.6577,49668
62.7375,7.1591,22410
66.3128,14.1428,18866
59.9560,11.0492,89684
61.1151,10.4663,29011
63.7464,11.2996,20171
59.0533,10.0352,23113
63.1105,7.7279,24013
58.1467,7.9956,117237
59.6686,9.6502,17667
59.4172,10.4834,27178
59.4138,5.2680,40321
68.7983,16.5417,20953
60.7945,11.0680,29479
59.1248,11.3875,21970
58.3405,8.5934,24017
60.7957,10.6915,17596
59.2181,10.9298,83761
59.7439,10.2045,105042
67.2827,14.3751,34073
60.3930,5.3242,294029
59.8333,10.4372,61906
58.4615,8.7725,30916
62.4723,6.1549,52626
60.3050,5.2824,24044
27.9837,83.7592,21867
28.1333,82.2980,39058
28.5282,81.1183,44758
27.8666,83.5459,23693
26.6542,86.2079,24657
26.5397,86.7480,69803
28.2669,83.9685,600051
27.6766,85.3142,299283
27.5845,85.5149,27602
26.8562,85.5603,20284
28.9640,80.1771,88381
26.7202,86.4826,102955
27.6785,85.2757,44632
27.3765,87.2077,22903
27.7017,85.3206,1442271
26.7288,85.9263,195438
26.6487,85.8000,23573
26.6637,87.2740,47984
26.9094,87.9282,17491
27.4284,85.0322,195951
28.2058,81.3453,53107
26.7637,85.2766,27325
27.6221,85.5428,16263
26.8144,87.2797,173096
26.9833,87.3333,22084
28.7016,80.5899,204788
29.8300,80.5500,18317
28.8443,81.7101,20908
29.2992,80.5833,19014
27.7763,85.7127,51347
27.6682,86.0519,40000
27.7005,83.4484,195054
27.0174,84.8805,268273
26.4550,87.2701,244750
27.6803,84.4365,369377
27.5000,83.4500,63367
26.5440,88.0944,19523
27.6327,85.5220,67629
28.2673,83.5996,23296
28.5967,81.6166,154886
29.2608,80.9400,33968
28.0500,81.6167,166258
27.5847,85.5212,46595
26.6068,87.1478,70093
26.7919,86.6990,71405
27.6806,85.3875,119955
-41.2866,174.7756,381900
-39.9333,175.0500,48900
-41.2667,174.9500,20250
-44.3967,171.2536,29400
-38.6833,176.0833,26600
-41.3167,173.2333,19850
-43.5833,172.3833,33200
-41.3333,173.1833,19700
-37.2000,174.9500,21438
-41.1333,174.8500,61800
-40.9167,175.0167,29900
-40.3564,175.6111,91300
-36.8000,174.7500,258697
-39.0667,174.0833,90300
-41.2708,173.2840,54400
-39.4926,176.9123,66800
-36.9928,174.8799,362000
-36.9681,174.7988,23790
-41.2167,174.9167,113400
-41.2837,174.7414,15380
-46.4000,168.3500,57600
-39.6381,176.8492,89200
-37.7833,175.2833,189700
-45.8742,170.5036,131800
-43.5333,172.6333,412000
-36.8833,174.7000,26930
-36.8485,174.7635,1530500
-40.6333,175.2750,19789
-38.6533,178.0042,38300
-40.9597,175.6575,28700
-37.6861,176.1667,155200
-37.0646,174.9421,35580
-37.9586,176.9854,18602
-43.8983,171.7301,21300
-43.3044,172.5836,19150
-35.7317,174.3239,50900
-37.0393,174.9281,17060
-36.9659,174.8239,28540
-36.9682,174.8402,54780
-36.9382,174.8402,17780
-37.0182,174.8802,40480
-36.9482,174.8702,24420
-36.9069,174.6870,23910
-36.8875,174.7706,20200
-36.8816,174.7620,15650
-36.9375,174.6558,15490
-36.8804,174.7982,27600
-36.8282,174.6202,22210
-36.8410,174.6522,15200
-36.8647,174.6477,17240
-36.8582,174.6202,17240
-36.8801,174.6198,18770
-36.8382,174.6102,22210
-37.8782,175.4402,15192
-38.1387,176.2452,65901
-41.5160,173.9528,30300
-41.1383,175.0502,47500
-37.7882,175.2902,15300
22.5667,59.5289,71152
24.3474,56.7094,108274
23.3167,58.0167,47718
24.7426,56.4670,48009
23.2984,57.9531,80538
17.0150,54.0924,163140
24.1722,56.8886,140000
23.2630,58.9201,63133
22.9333,57.5333,72076
23.5841,58.4078,797000
26.1799,56.2477,17904
22.9333,57.7667,36203
23.2257,56.5157,163473
22.6906,58.5334,25265
23.4079,58.1283,21188
23.5777,58.3998,383257
23.6787,57.8860,81647
22.9789,57.3047,54338
22.4500,58.8000,18479
23.8494,57.4386,107143
23.6703,58.1891,470878
23.3908,57.4244,120000
24.5308,56.5630,26372
23.9714,57.0931,50223
24.2509,55.7931,73670
22.3793,57.5272,17283
23.5864,56.5397,16599
8.8932,-79.6234,17144
9.0894,-79.3831,50844
8.1000,-80.9833,45355
9.0503,-79.4707,321501
9.3452,-79.8054,15577
9.0240,-79.4936,26607
8.5189,-80.3573,16250
9.0661,-79.4258,51641
8.3770,-82.4295,17427
9.0227,-79.4786,36997
8.9936,-79.5197,408168
9.0921,-79.5389,69102
8.5167,-82.6239,17698
8.8776,-79.7801,61232
9.1180,-79.5332,17975
9.0406,-79.4408,100636
8.9496,-79.5472,18302
8.4273,-82.4309,81957
8.9709,-79.5461,16361
9.3603,-79.9002,76643
9.1540,-79.6202,33536
9.4300,-82.5200,17997
9.3622,-79.8323,29607
8.9398,-79.6404,76815
8.9602,-79.5514,20706
9.1227,-79.5567,20285
9.0893,-79.3918,24056
-5.9018,-76.1223,41827
-8.4155,-78.7520,20774
-8.4592,-76.4633,17742
-3.5559,-80.4426,96946
-8.1160,-79.0300,919899
-8.1877,-76.5205,29029
-9.2953,-75.9957,53177
-4.9269,-80.3447,30033
-4.5772,-81.2719,99074
-4.9039,-80.6853,160789
-5.5569,-80.8222,23020
-7.9589,-79.2392,21982
-7.4289,-79.5042,16250
-3.7761,-73.2814,78153
-6.9189,-79.5820,39200
-6.0568,-77.1665,25057
-4.8378,-80.6456,25396
-8.3791,-74.5539,326040
-5.1819,-80.6572,484475
-6.8367,-79.9342,15552
-6.7178,-79.7697,43610
-6.7332,-79.6359,15270
-5.0892,-81.1144,56151
-7.7329,-79.3015,21128
-7.4006,-79.5714,29165
-6.0344,-76.9742,50073
-6.8743,-79.8687,25707
-8.1711,-79.0092,22581
-4.8778,-80.7053,25645
-5.4023,-80.7422,34834
-8.0897,-78.9602,24691
-5.6111,-78.4350,27045
-6.7011,-79.9061,43710
-7.1770,-76.7277,37715
-5.7073,-78.8079,52493
-3.7481,-73.2529,377609
-9.5261,-77.5287,118836
-9.9288,-76.2399,196627
-7.8000,-78.0667,21768
-7.2500,-79.4833,25376
-6.6389,-79.7889,34357
-9.0231,-78.6156,15083
-5.0925,-80.1625,68835
-6.6406,-79.3892,16061
-7.7914,-79.2217,32370
-9.0751,-78.5937,316966
-6.7701,-79.8550,552508
-7.2244,-79.4248,41992
-6.2317,-77.8690,32026
-5.2667,-80.6833,57304
-7.1638,-78.5003,201329
-7.0561,-76.5911,15231
-5.7561,-78.4411,20382
-9.0378,-75.5091,18318
-4.2569,-80.8860,17693
-3.5031,-80.2731,16907
-3.7602,-73.2497,57824
-16.2500,-69.0833,16140
-14.7908,-71.4099,23867
-10.2411,-76.6456,23175
-11.4190,-75.6899,51350
-12.6719,-69.3555,38966
-18.0146,-70.2536,286240
-12.1359,-77.0074,251648
-14.2694,-71.2261,33575
-11.2522,-74.6386,15532
-13.0756,-76.3853,25517
-12.8667,-72.7167,25145
-12.0966,-77.0426,68309
-13.6667,-76.1500,15815
-15.8400,-70.0220,128637
-12.5895,-69.1995,85024
-13.7103,-76.2054,61869
-10.6667,-77.8333,27631
-13.0754,-76.3172,32344
-14.8310,-74.9390,23556
-17.1975,-70.9359,69882
-17.0231,-72.0147,28953
-12.1133,-77.0327,187401
-15.2119,-75.1103,15478
-12.6581,-76.6308,17260
-12.0432,-77.0282,7737002
-11.5189,-75.8993,33345
-11.1590,-75.9930,15320
-15.5000,-70.1333,245675
-12.2131,-76.9052,61000
-11.7758,-75.4966,21057
-13.0593,-76.3527,32344
-17.6319,-71.3411,53476
-16.0833,-69.6667,16033
-14.0754,-75.7342,282407
-11.0700,-77.5994,20723
-10.0681,-78.1522,16172
-11.4950,-77.2078,62174
-12.9333,-74.2500,18627
-12.0687,-75.2103,456250
-12.7869,-74.9730,49570
-11.0964,-77.6139,26658
-11.1172,-77.6058,54545
-13.5319,-71.9670,428450
-11.9431,-76.7094,88606
-13.4099,-76.1324,153076
-10.4070,-76.4617,28666
-11.5714,-77.2672,26958
-10.6658,-76.2531,58899
-16.6238,-72.7105,16434
-12.0516,-77.1345,1300000
-12.1430,-77.0186,37525
-10.7500,-77.7667,46290
-14.8864,-70.5889,19310
-13.1638,-74.2234,140033
-16.3990,-71.5375,1008290
-13.6556,-73.3872,17444
-13.6343,-72.8838,72277
-16.4408,-71.5533,46092
-11.4285,-74.4883,16262
-14.6313,-69.4464,29678
-12.0505,-76.9733,184614
-5.1859,-80.6693,130000
-12.0891,-76.9988,105076
-16.4308,-71.5292,76410
-12.0863,-75.2083,73371
-8.3982,-74.5377,67844
-12.0698,-77.0450,66171
-13.5249,-71.9653,59134
-9.5166,-77.5305,47581
-16.3237,-71.5815,47347
-12.0535,-77.0980,41863
-6.4927,-76.3422,24932
-10.6659,-76.2553,24105
-16.3631,-72.1921,20063
-10.9191,-74.8850,18057
-17.2172,-70.9259,15633
-16.3706,-71.5272,72696
-13.5273,-71.9843,64075
-12.0561,-77.0529,81909
-17.6333,-149.6000,25750
-17.5347,-149.5684,26357
-17.5593,-149.6035,29851
-3.5496,143.6323,18230
-9.4772,147.1509,283733
-8.7654,148.2325,28198
-5.8575,144.2306,33623
-6.1475,143.6563,26252
-5.2215,145.7869,27419
-6.7233,146.9961,76255
-4.3432,152.2687,26273
-5.5508,150.1377,18847
-6.0850,145.3867,18503
-9.0779,143.2089,15214
-7.2036,146.6401,16042
-6.2298,155.5660,40266
11.6388,124.8417,16279
15.4490,120.7963,53090
6.9103,122.0739,1018849
7.6833,124.6667,17845
13.5848,124.2374,75135
14.1737,122.9066,45173
15.9017,120.5883,65086
17.5747,120.3869,48545
10.9015,123.0705,86510
14.2277,121.3292,24456
13.1772,121.2781,52215
8.0731,125.9558,18114
14.7000,120.9667,725173
7.9064,125.0942,223620
15.9761,120.5711,145935
10.5740,123.3933,60548
6.3344,124.9528,78599
14.3792,121.0525,61374
17.6158,121.7228,167297
8.0555,123.7904,50395
8.0458,126.0636,15916
10.3773,123.6386,206692
13.4585,123.6805,16826
10.2150,123.0353,62146
14.2897,120.7168,20049
14.5612,121.2195,34716
15.1185,120.6077,25935
14.5588,121.1329,231460
14.0259,121.5929,115318
15.4802,120.5979,401892
14.6753,120.9389,105510
9.5162,123.1580,84593
8.0618,123.7477,29721
9.0783,126.1986,29011
14.4968,121.2846,59950
14.0863,121.1497,68456
11.1094,125.0156,16567
10.5746,122.8954,20409
7.0333,124.7000,19750
14.0925,121.0219,24969
10.7375,122.9666,109204
10.2447,123.8494,133148
14.6857,121.0269,39244
15.5883,120.9192,64610
8.4561,125.7842,15581
7.4475,125.8046,233254
14.5243,121.0792,1308085
16.9355,120.4442,35791
8.5395,124.7541,30390
8.4519,126.1714,41157
9.6556,123.8522,86411
14.0953,120.9335,87811
13.1667,123.7167,15292
6.6925,124.6764,116945
11.2433,125.0047,259353
17.4738,121.4680,122771
13.3586,123.7336,57860
13.8799,120.9231,39745
9.7890,125.4950,87832
6.3753,124.7452,91412
10.6014,122.9192,18752
6.8000,124.6367,39182
7.2289,124.2578,124965
14.8787,120.2319,67664
10.0533,122.8423,19672
12.9739,123.9933,187670
16.5192,121.1812,36222
17.6528,121.6910,71475
4.6612,119.3965,17200
9.7519,122.4042,73847
7.7061,122.1353,51239
14.2157,120.9714,119475
9.3584,123.2850,28079
10.0168,123.6171,54610
14.9438,120.6229,21124
6.2248,124.7104,21767
13.9624,121.5265,44977
15.2921,120.6550,16116
14.1079,121.1414,57438
15.1622,120.5675,298976
16.6881,121.5487,108414
14.3122,121.1114,216650
16.9518,120.4445,28002
6.5536,125.4708,16758
14.6000,120.9833,126735
15.7654,119.9092,66647
14.9127,120.5666,15408
14.2814,121.4161,108145
9.3337,122.8637,26457
16.0009,120.4023,15445
15.0955,120.7670,47158
14.9996,120.7808,29049
14.3595,121.0473,348968
13.8104,121.0220,39395
14.0683,121.3256,300166
18.1725,120.5953,34237
15.0143,120.0803,32180
15.4440,120.5992,18582
15.1423,120.9757,65661
16.8821,121.5869,16233
14.6982,121.1236,134327
7.5000,126.0000,18668
14.9742,120.1573,18721
15.0401,120.7883,33467
15.3630,120.9639,69180
14.6000,121.0333,134312
14.8139,121.0453,357828
13.3500,123.5500,35768
12.3528,121.0676,143495
10.1800,125.5683,26735
15.0809,120.9410,65669
15.3557,120.8400,19570
13.3476,122.5195,16178
8.5356,125.9500,79718
16.6159,120.3166,83003
15.0343,120.6844,251248
10.1624,123.7076,23706
18.5616,121.2319,26292
15.3062,120.8560,26247
14.9466,120.0867,38617
14.5402,121.3602,20157
14.7678,120.5431,40843
7.0744,125.7083,43526
10.9447,123.4242,72153
12.8346,120.7690,91406
17.1189,121.6201,16618
11.5853,122.7511,185236
10.3215,119.3451,15242
13.6323,121.2207,128352
15.8944,120.6328,67510
12.5751,122.2708,15316
15.7118,121.1061,26201
6.9519,121.9636,42788
15.6653,120.6406,15066
16.7842,121.5350,36307
14.6000,120.9833,32236
14.6488,121.0509,3084270
15.5512,120.8147,18451
7.7303,125.0989,114521
10.5178,122.8026,27363
14.2732,121.0764,126844
14.9017,120.8492,111384
9.7392,118.7353,222673
8.5800,125.8964,90162
14.5894,120.9670,72605
15.0711,120.5423,21660
6.2217,125.0640,63987
13.2923,123.4855,89176
14.8872,120.8572,120939
15.0474,120.5189,24345
10.2708,123.5839,23068
13.0460,121.4621,43521
14.4854,121.3062,30408
14.6600,120.5653,17831
14.2325,121.3648,34383
15.3512,121.0039,27465
14.1167,120.9667,52883
14.5391,121.0726,63840
11.1078,122.6419,42794
14.5375,121.0014,416522
7.3704,124.2697,44930
14.4816,121.0175,703245
10.8849,123.3627,30494
15.3202,120.8357,38640
14.8311,120.7892,58453
14.9681,120.9547,39285
15.6689,120.5806,106190
14.4033,121.4651,25318
14.8650,120.9572,162725
15.1719,120.6546,28603
11.2511,125.0064,189090
7.3081,125.6842,211242
11.1575,124.9908,17534
15.5415,121.0848,23742
13.9669,121.6984,82132
7.1417,124.3806,31052
7.8257,123.4370,206483
14.3647,121.4829,26855
10.4500,122.8167,19839
14.5880,120.9930,79839
8.1481,123.8405,93082
8.4859,123.8048,71373
11.0064,124.6075,238545
14.6206,120.5817,63044
14.8006,120.5371,44877
14.8292,120.2828,221178
14.7098,120.9362,59929
13.2593,123.4963,64890
7.8236,123.9650,18827
14.4292,120.8799,46172
14.7226,121.0462,16096
14.9109,121.0493,140697
6.5225,124.6592,48499
7.5866,125.8237,20574
14.6667,120.9500,249463
14.0669,120.6318,62857
9.2688,118.4043,28342
14.3181,120.7661,55195
14.1364,121.4165,24560
13.6192,123.1814,174931
10.2090,123.7580,138727
7.6078,125.9664,16671
13.4075,123.3724,25687
7.8275,123.4782,132094
10.6052,123.0417,17448
15.7161,120.9031,85061
14.6789,120.2661,16117
14.5185,121.2378,49589
14.7601,121.1999,134432
7.8153,126.0544,96405
8.0844,123.4910,21088
10.2450,123.7964,62058
7.1908,124.5303,117365
14.7369,120.9608,228023
15.0646,120.7198,43694
14.1093,123.0109,53702
14.1286,120.9058,36518
14.1910,121.7309,70135
6.9551,126.2165,105908
15.5363,119.9502,56579
12.3717,123.6249,47490
14.8960,120.7092,41278
14.4338,120.4857,156200
14.7578,120.9483,83276
14.6481,121.1133,471323
8.8333,125.1167,70516
8.0034,124.2840,259993
7.7633,125.0053,109864
14.2733,120.7377,41977
8.1667,124.2167,265032
10.6311,122.9789,454150
12.5204,121.4385,23044
8.3697,124.8644,118075
14.6042,120.9822,1600000
15.0962,120.5644,24618
16.0700,120.4025,88818
10.3236,123.9222,331320
14.5832,121.0409,465902
16.8632,120.7829,15886
7.2150,126.5397,20336
10.9580,123.1230,34312
16.0438,120.4861,59115
13.2233,120.5960,23892
14.2349,121.1590,40271
14.0447,121.1586,29880
6.5430,121.8753,31374
6.2792,125.2817,52248
14.8443,120.8104,269809
6.4150,125.6117,118438
13.3188,123.7385,41066
8.1575,125.1278,61524
5.9692,125.2894,82577
14.7169,120.9581,19060
14.7069,121.1306,21901
14.6733,120.9397,365525
13.9452,121.4306,19471
14.5503,121.0327,510383
14.1463,121.4729,28504
8.1183,123.4455,17144
6.7667,125.1833,57936
13.6604,123.1869,15205
6.8647,124.4417,17394
15.2151,120.6596,68988
7.3619,125.8553,87680
15.2230,120.5712,188050
10.1327,124.8408,18313
10.4896,122.9907,25837
6.8981,126.0096,68717
14.2973,121.4598,30269
13.9314,121.6172,228758
14.1136,121.5557,30992
14.9405,120.6011,55645
14.1702,121.2418,117030
13.8840,122.2604,25752
14.7887,120.9989,21990
9.6383,124.0348,16312
13.9411,121.1631,212287
16.0218,120.2319,56580
14.5619,120.5983,81960
10.3991,123.9992,49198
14.1313,121.4362,15246
13.2997,123.4386,68846
8.9442,125.5019,250353
13.1412,123.7407,179481
15.5865,121.1834,19206
16.4550,120.5875,142925
14.4506,120.9828,615549
10.3103,123.9494,497813
15.4413,120.7286,71978
12.5698,125.0141,16725
18.1978,120.5957,112117
6.5194,125.0444,81288
6.6721,124.5249,17764
16.8000,121.1192,19124
10.3239,123.0215,24407
10.4242,122.9212,67740
14.1532,122.8303,18105
6.5031,124.8469,201844
7.0083,125.0894,79652
14.4443,120.9016,73210
11.7061,122.3644,89127
6.5519,124.0511,52257
9.9839,122.8142,210893
7.1067,124.8292,31769
14.2906,122.6917,21236
6.0522,121.0022,101002
10.1472,124.1539,33485
8.6542,124.7556,16435
14.3530,121.3225,34901
9.6531,124.3697,32566
15.3275,120.9192,39700
16.3639,120.6769,59736
6.6294,124.6050,101455
10.2048,122.9888,15897
6.7041,121.9712,67336
12.7001,124.0322,20716
13.4324,123.4115,115306
7.7844,122.5861,19195
10.4997,124.7405,21389
14.1953,120.8769,70092
10.0307,124.0671,48534
14.4297,120.9367,481949
8.3097,125.0019,55901
10.6969,122.5644,473728
8.2500,124.4000,312323
8.2289,124.2434,342618
17.1485,121.8892,164020
15.3276,119.9780,26935
10.2706,122.8507,39636
8.3722,126.3342,44475
10.0989,122.8706,117286
14.8314,120.5081,33714
14.8341,120.7327,123531
14.8361,120.9784,155391
13.9210,122.1002,22496
16.0667,120.6833,21994
15.6605,120.7683,32306
10.1195,123.2729,22931
14.8333,120.8833,118173
12.9206,124.1231,61095
13.6978,123.4892,20936
5.8242,125.2033,24256
8.8278,125.0997,138895
15.6065,120.5978,40914
14.3869,120.8817,96022
15.3507,121.0477,32875
6.1128,125.1717,722059
15.6025,121.0515,18393
14.1842,120.7958,24264
15.3072,120.9464,129610
11.4551,123.1520,54882
11.7365,124.0420,17534
10.8403,123.4992,97050
10.8788,122.9771,64290
11.1858,119.3956,51367
16.2838,121.0896,21224
16.3079,121.1062,33295
9.3065,123.3077,113541
7.6800,125.0050,73592
16.0029,120.2115,15108
7.8408,125.0444,15128
8.5670,123.3347,93549
14.8783,120.4522,66670
7.1699,124.2084,116768
6.7497,125.3572,116122
16.7262,121.3589,15567
14.0866,121.3118,17871
15.0360,120.6993,37329
7.0731,125.6128,1848947
14.3294,120.9367,441876
8.6561,123.4227,87699
10.5208,124.0272,70270
9.5542,123.7565,20245
16.0431,120.3333,171271
14.1122,122.9553,78142
11.2468,124.0146,95080
11.8904,120.0222,23213
13.9020,121.0521,21558
7.2236,124.2464,383383
10.2439,123.9422,29289
10.3766,123.9573,48638
15.3255,120.6572,178549
13.9231,121.4610,25628
10.4550,124.0106,18727
7.6731,126.0889,42563
10.3167,123.8907,965332
14.4837,120.8988,115932
11.7753,124.8861,107896
12.4989,124.6377,97738
13.5926,122.3215,26804
14.9336,120.1979,27301
14.3132,121.0576,112140
10.5931,124.0178,60230
11.2981,124.6790,17495
14.4865,121.2275,51493
10.1061,123.6402,40739
15.3312,120.5898,162724
10.3870,123.2227,44851
13.9311,121.4233,137933
15.0956,120.8267,47326
15.6866,120.4128,39655
14.9164,120.7658,122187
14.6228,121.0897,15602
14.6495,120.9679,1712945
12.0668,124.5962,67921
14.1499,121.3152,89670
13.9575,122.2880,68999
13.8322,120.6322,16110
16.0111,120.3600,100686
13.4117,121.1803,66008
14.2117,121.1653,575046
13.9324,120.8133,37443
13.7068,123.2087,88918
14.5786,121.1222,283172
6.9747,118.5144,29218
8.4822,124.6472,741617
10.9465,123.2880,129053
14.2726,121.1262,308745
15.2488,120.8548,49980
7.4072,125.7331,16539
15.4859,120.9665,343672
17.4278,121.7695,25304
9.1226,125.5355,31114
8.9492,125.5436,309709
14.9581,120.9178,80565
8.1828,124.1770,15490
15.7289,120.5722,28178
10.9756,124.8928,54635
8.1672,125.9908,50999
6.7203,124.8019,60931
15.0826,120.6629,131818
12.6714,123.8750,28529
14.7928,120.8789,83101
13.4322,123.5170,30126
8.5083,124.7594,45787
8.9769,125.4089,70691
7.2042,124.4397,1273715
8.7720,117.8371,76715
15.2896,120.0245,22994
11.6081,125.4319,71431
17.0873,120.9768,23466
5.0292,119.7731,26518
15.6321,121.1448,69376
11.0517,124.0055,23562
14.7983,120.9261,98649
8.2153,126.3164,99872
10.7719,122.9817,83980
14.6030,120.9740,20491
16.0323,120.2690,44026
14.4646,121.1929,219204
14.3427,121.0807,300000
10.1948,122.8581,38587
13.8644,121.4879,22401
14.4996,121.0507,47397
14.5594,121.0258,36007
8.7561,125.7675,110313
16.4812,121.1497,48199
10.6785,124.8006,17668
9.3649,122.8040,126744
15.8127,120.4557,129506
14.1837,121.2855,33547
16.5308,120.3331,77670
13.7917,121.0085,33560
13.3528,123.3677,16939
13.7567,121.0584,237370
18.0554,120.5649,56781
14.5169,121.2658,20250
11.1683,123.7223,87394
17.5847,120.3892,37088
6.7861,125.2133,21391
17.6083,120.6381,48331
6.4239,124.7783,58855
16.3865,121.1066,60146
15.2739,120.5668,78260
14.9547,120.8969,135679
13.9371,120.7322,50115
14.6761,120.5361,72954
10.5039,123.7156,22283
14.8167,120.8667,59826
9.5911,123.1228,88050
8.6072,125.9144,28643
16.4164,120.5931,272714
14.6664,120.9932,77490
10.5333,122.8333,192993
16.5059,121.1901,24967
14.4590,120.9385,356974
10.6667,122.9500,454898
14.5319,120.9942,33850
15.0833,120.5167,15066
13.4549,123.3653,19612
14.0027,121.9208,29356
9.5506,122.5164,23546
16.3940,120.3545,29825
15.1505,120.7697,87987
18.3566,121.6406,68368
14.9533,120.7700,121057
14.6258,121.1225,913712
14.5266,121.1536,134975
15.1500,120.5833,483452
14.9285,121.0300,67862
14.1706,120.9236,44190
16.7794,121.6973,74699
15.5000,120.8430,34020
14.0639,121.2465,31427
6.1018,125.2905,90120
16.0833,120.1000,28972
16.4889,121.6450,30714
10.7470,125.0107,15632
14.7335,120.5336,35508
14.6627,121.0328,29389
7.1608,124.4750,1121974
8.8772,117.5041,59040
14.6969,121.0801,215034
14.7060,121.1080,106886
14.5869,121.0614,853050
17.4084,121.2785,122771
11.7448,122.1003,37325
14.4060,121.0222,25115
14.4338,121.0223,92752
10.3408,123.9026,22566
6.8263,124.7217,31263
14.7783,121.0449,261729
6.4862,122.1755,23736
14.5784,121.0352,425000
33.4341,73.3628,55027
24.3944,67.9930,18721
33.8578,73.7604,50000
27.5918,68.6185,35537
27.5295,68.7592,191044
31.3408,69.4493,50537
34.0595,72.4669,26787
28.8128,70.5234,34121
32.3446,74.8999,23078
29.1212,71.7446,24580
32.4432,74.1200,102444
27.7273,64.8097,41107
31.5451,73.8289,24295
27.4480,67.7965,18724
30.0445,72.3556,112840
34.1878,71.7627,34257
25.8072,66.6219,16483
28.1772,68.0437,43983
25.3633,69.7418,144558
28.1643,69.7311,23462
26.0012,63.0485,75694
33.9905,72.2863,150000
34.0703,72.6215,74867
30.9713,72.4827,123102
28.2403,68.7755,34472
24.7475,67.9235,44302
26.9423,68.1176,17698
30.7036,70.6505,44869
32.2171,70.3832,38488
34.3009,71.6524,29444
25.1238,68.5368,114406
25.4281,68.5292,31612
25.4605,68.7174,421923
25.7682,68.6620,125598
31.0336,73.1327,38285
24.8845,68.8144,21154
30.5269,72.2408,28151
32.9277,72.4159,44960
35.4784,72.2438,29331
34.1202,72.4698,97363
32.7182,74.4477,20000
27.7032,68.8589,563851
31.8654,73.5088,32836
32.4621,74.1821,15977
35.2979,75.6337,260000
27.0333,67.8500,27587
26.0301,68.8087,15970
31.8254,72.5406,27023
29.5430,67.8773,64069
32.4927,74.5313,911817
29.8809,71.2934,65952
31.9102,70.8776,67439
27.9556,68.6382,204938
31.7129,73.9856,591424
31.4612,74.1009,31855
32.2636,75.1601,64304
29.5752,71.0221,16166
26.1541,68.6501,21446
31.5709,73.4853,200000
25.9254,68.6228,67249
27.8473,67.9068,120687
34.2160,71.5548,66541
26.4249,67.8613,41150
32.0859,72.6742,975886
30.5948,71.9699,15632
32.8258,70.7811,19694
32.9049,73.7552,44120
31.7167,73.3833,57002
26.0469,68.9492,62033
32.4783,74.3534,62874
26.1384,68.2744,31630
31.9739,72.3311,37186
30.6659,73.1019,538344
28.3091,70.1265,189876
27.6920,68.8950,50649
30.8788,73.5986,37111
33.5973,73.0479,3357612
27.8023,68.2890,47819
27.2872,68.5062,22495
29.1041,70.3297,50682
31.2208,74.2548,24407
31.2490,74.2153,31592
28.4199,70.3034,517000
27.1985,67.9535,16786
31.7551,72.9140,70000
30.1841,67.0014,1565546
27.8744,67.7089,99308
27.5875,68.0007,77481
30.2918,71.6716,20407
30.1778,73.0651,52495
30.5818,66.9941,24239
30.7666,72.4346,35343
33.2409,72.2648,34301
31.8984,73.2734,35088
32.5866,73.0446,22001
32.4310,73.5790,24789
34.0080,71.5785,4758762
31.0202,73.8533,70436
32.2629,74.6633,53364
25.2630,63.4692,33110
27.8562,69.1111,72881
33.7153,73.6837,23243
30.3431,73.3894,126706
32.1050,70.9706,17294
26.7746,68.3009,20919
34.0097,71.7944,52701
30.8103,73.4515,533693
29.5522,66.0229,27680
28.8270,62.7504,30621
33.1478,73.7519,124352
26.2394,68.4037,363138
26.8401,68.1226,17631
31.9626,73.9712,40853
27.6668,68.3609,33455
27.3814,67.9164,27809
32.1020,74.8730,130692
31.9038,74.5159,34778
24.8582,69.4015,22081
31.4501,73.7065,56366
30.0726,71.1938,235541
34.3700,73.4708,725000
30.8922,73.4989,45795
33.9084,73.3903,25247
31.8026,74.2577,164246
30.1968,71.4782,2169915
26.6632,68.0002,76765
31.4810,74.3256,100000
24.7370,69.7971,23431
32.2454,72.1061,26390
28.0214,69.5491,49311
25.5276,69.0126,267833
34.7795,72.3627,279914
30.1636,73.5686,67164
32.5776,71.5285,129500
28.1534,68.6418,25000
30.4407,72.3568,76226
28.1077,68.0255,35263
27.1803,67.8205,30429
25.0429,68.6559,50398
25.5971,68.4467,18929
29.7997,66.8455,29082
34.1979,72.0496,300424
34.3302,73.1968,66486
25.9083,68.2368,140766
31.8931,72.3817,16264
32.5870,73.4912,129733
31.5880,73.6893,28432
30.8304,72.7994,31914
24.9434,67.2059,300000
32.5545,73.2127,34589
29.8012,72.1740,64545
29.8637,67.3302,16930
30.3705,68.5979,37787
29.5339,71.6324,144512
30.9613,70.9390,151274
27.5590,68.2120,364033
31.8246,72.8012,31355
32.7014,73.9575,65197
32.6072,70.9123,36391
31.5580,74.3507,13004135
32.1569,74.1156,39757
33.3829,71.3373,18537
33.3844,73.2637,22000
25.1787,69.5657,26773
32.5298,73.9749,28103
32.4577,71.4789,35406
31.9306,70.4596,22376
28.5521,70.4684,22953
25.3657,68.3083,72672
31.1707,74.1013,45938
32.1884,73.0299,38355
30.2038,66.9872,69359
32.5889,74.4947,21463
33.5184,73.9022,46907
32.3331,74.5469,20897
27.3416,68.7082,25616
30.4691,70.9670,104217
33.5820,71.4493,151427
27.8119,66.6110,141227
32.2967,72.3525,102793
31.4994,73.2676,35292
32.6491,73.0106,32620
32.8161,73.8870,81435
28.5846,65.4150,30841
28.6474,70.6569,142426
27.8409,69.4130,22273
29.9145,71.1607,19698
31.8329,73.6221,30314
34.0600,72.8896,39148
27.0906,67.7349,30286
29.5814,72.2380,30967
28.0644,69.7036,40083
28.0572,67.9790,193297
31.1187,74.4502,510875
28.4326,69.5836,33732
31.2246,70.9515,25634
24.8608,67.0104,11624219
30.7647,74.1229,21788
27.0592,68.2102,26807
28.2457,69.1797,88468
33.7470,73.5123,43779
31.9753,74.2230,199531
30.4292,73.0452,24053
32.8432,71.3619,15867
30.7271,72.6461,112426
32.1551,71.2663,25574
32.7800,72.6979,15800
31.9760,73.6000,16361
29.0266,66.5936,26701
32.9616,71.5464,15976
33.5918,73.3874,22551
29.6243,71.9144,69743
31.3671,74.3690,45888
30.4047,71.8627,60782
26.6923,67.6143,16311
25.0485,61.7457,16322
31.5681,73.1832,37214
25.9553,68.8887,16067
32.9345,73.7310,190425
32.3619,72.6227,27893
31.2698,72.3169,341210
32.2902,72.2818,46545
29.5183,70.8447,47144
31.3332,73.4187,119785
33.4330,72.0188,18170
29.6424,70.5952,63791
29.5051,71.2220,37393
32.6412,74.2056,93883
31.8054,72.2774,29095
30.0393,71.8167,50270
33.9642,72.2210,57011
35.6884,74.6241,27000
28.2819,68.4376,219315
33.7215,73.0433,601600
25.3969,68.3772,1921275
30.7417,73.8233,61546
27.2109,68.4160,22263
33.9099,72.4918,26309
34.0535,73.1599,40481
30.4510,73.6937,65289
29.6922,72.5457,88031
30.4239,72.6974,45665
29.6121,73.1380,72432
32.2787,71.5543,15669
33.9978,72.9349,56977
33.5320,71.0595,36150
25.8146,68.4220,47915
33.7739,73.8944,28953
32.0710,73.6880,318621
32.6404,74.5690,49663
25.1216,62.3254,70852
32.5742,74.0754,574240
32.1557,74.1870,2511118
33.2541,73.3043,69374
31.1493,72.6832,139726
35.9187,74.3124,216760
28.0044,69.3157,119879
28.1388,69.0824,29767
24.7418,67.5853,19524
30.8338,71.9049,29153
27.3517,68.5215,34005
29.1934,72.8552,40626
32.1763,75.0658,28213
31.1777,71.2048,18126
33.5649,72.6428,81321
31.8864,72.4136,21747
29.4680,73.0349,25186
31.4155,73.0897,3800193
32.0424,74.2600,22679
35.0003,72.4522,31732
29.8027,71.7434,34044
29.7497,73.2429,25893
31.8344,71.4364,48682
35.2074,71.8768,29869
30.6698,73.6531,74640
32.6410,73.7204,39784
31.2173,72.9962,27469
25.1566,69.1110,31842
25.5048,69.5709,19907
29.5799,71.7521,18729
31.8313,70.9017,763195
30.0459,70.6403,494464
29.0362,69.1585,18120
26.4553,68.3183,17577
32.8753,71.5712,26395
32.3242,74.3504,126924
31.7845,71.1020,15048
29.5577,70.3761,17630
26.7303,67.7769,201017
29.4749,67.6517,15090
30.9662,73.9791,57312
31.7500,73.8000,69321
25.5126,69.7844,16301
32.7196,72.9862,15344
29.7971,72.8577,122199
31.7209,72.9784,318165
30.5301,72.6916,82762
32.3443,74.7051,23599
34.1482,71.7406,120170
30.9177,66.4526,88568
32.9329,72.8539,101200
30.7520,73.0283,38216
30.1667,72.6500,183915
36.2733,72.2593,50000
32.4297,74.3635,17341
25.8056,68.4914,19325
32.9746,74.0785,27636
32.4821,72.9086,31781
31.5688,72.6492,16218
26.5583,67.7214,16961
32.2658,72.8981,74744
31.6269,71.0647,131658
31.2024,73.9486,114530
26.2272,66.3118,20119
34.6178,71.9725,46079
34.6772,73.0233,700000
30.5776,73.8391,41617
32.9853,70.6040,1357890
29.3978,71.6752,903795
29.9983,73.2527,241873
33.9811,73.7761,33548
24.6560,68.8370,117455
31.9904,74.6641,18435
33.7667,72.3598,85479
30.2906,73.0657,87360
34.0058,71.9297,42123
33.6489,73.1779,17566
29.3824,70.9111,33601
34.0034,72.1256,29750
29.1427,71.2577,116579
34.1463,73.2117,275890
30.5508,73.3908,126700
33.9983,71.9983,96766
24.8742,67.0642,19500
30.6779,71.7434,24889
27.3417,68.0319,38855
34.0337,72.4818,18000
33.8459,73.8272,19119
33.1897,73.8383,16651
27.2127,68.4688,32651
32.5970,74.1465,20000
34.0605,71.9928,36074
32.5549,73.2122,35000
24.9628,67.1194,41000
33.3122,73.7035,19290
34.0392,73.5769,36270
28.9469,61.5866,18510
34.0191,71.9745,88003
26.3248,66.2959,157063
33.2641,73.7853,21123
30.8770,74.0552,80084
33.7709,72.7512,400733
52.0488,20.4460,41179
52.2690,20.9864,50934
52.3038,21.1602,17518
50.7231,23.2520,66034
52.9855,22.2432,22857
52.2927,21.1054,23473
52.5928,21.4584,26500
52.3401,21.2421,36592
52.2348,20.9600,140958
52.1794,20.9461,36276
49.9874,20.0647,18677
52.2545,21.2241,20000
52.1966,21.1775,77205
52.2298,21.0118,1702139
52.1952,20.8842,47285
51.5313,20.0085,67197
50.4477,23.4162,20261
50.0138,20.9870,117799
50.5730,21.6794,50459
52.2918,21.0484,124279
53.5626,20.9875,26044
51.2190,22.6962,40050
54.1118,22.9309,69222
52.2522,21.2690,18414
50.5631,21.1659,16137
51.0374,21.0713,53739
50.5829,22.0533,66495
52.2290,21.0164,99950
52.4068,22.2531,18241
53.4072,23.5023,19079
52.2294,20.2384,38267
51.9549,20.1584,49042
51.1131,20.8716,49410
52.4272,22.8623,15421
52.1677,22.2901,77185
49.5557,22.2056,39684
50.6827,21.7490,25087
50.0413,21.9990,198317
50.0523,21.6089,15279
52.2606,21.1636,21893
51.7644,20.2549,17770
51.7833,22.6167,16071
51.4025,21.1471,226794
52.7025,21.0828,19039
51.4166,21.9694,49759
50.0591,22.4941,15805
49.7850,22.7673,67013
53.0191,20.8803,16718
52.1707,20.8121,55371
52.6235,20.3755,22217
53.6274,21.8125,19232
51.4760,21.4500,19966
52.1844,20.8395,23290
52.0814,21.0240,36278
52.1058,21.2613,43388
52.8025,21.8951,22653
50.9294,21.3852,73989
53.0862,21.5757,53740
51.3757,20.2783,22592
53.7838,20.4927,169793
54.0337,22.5070,15923
52.2210,20.9853,82774
49.4778,20.0323,33763
49.6218,20.6971,84376
52.4302,20.7165,27633
50.5199,22.1397,15573
53.8644,21.3051,21965
52.1934,21.0349,217683
53.1128,20.3841,29398
52.1793,21.5725,37027
52.1188,20.6715,15784
50.2871,21.4239,59509
51.9864,22.7825,17158
52.3207,21.1047,23177
51.9290,22.3796,30465
51.2506,22.5701,336339
51.4603,22.6095,22839
53.1781,22.0593,62019
52.3341,20.8860,15315
54.1259,20.5795,16540
52.4015,20.9266,50786
51.3012,22.8814,21719
52.9911,22.8842,16434
50.0687,22.2291,18266
49.6887,21.7706,47784
50.9846,23.1742,19532
50.9236,22.2271,35834
51.5829,21.5478,17075
52.0938,21.1176,16548
51.1917,20.4061,20756
52.3395,21.1959,17659
50.8703,20.6275,192468
54.0768,21.3753,27478
52.1301,21.0815,30000
52.1371,21.2359,17910
50.6394,20.3045,16792
49.7451,21.4725,37851
50.0162,22.6778,35475
50.8050,23.8925,18605
52.7433,23.5812,22157
52.1039,20.6337,26684
53.6473,22.4554,22803
49.6556,21.1604,28609
54.0381,21.7644,29972
54.0813,21.4955,28351
51.8975,21.6147,15912
53.8282,22.3647,55769
53.2396,20.1700,21127
51.5591,21.8483,17775
50.0515,21.4114,47366
52.8814,20.6200,46438
51.1431,23.4716,60231
50.4708,20.7188,17095
49.9691,20.6061,16866
49.9691,20.4303,29184
50.5411,22.7220,26987
50.0881,20.0279,42633
52.7651,23.1865,26493
52.2924,20.9353,131910
53.1333,23.1643,295683
52.3213,20.9720,129106
52.0324,23.1165,57541
52.2546,20.9084,123932
54.2535,20.8082,23482
53.8432,22.9798,29752
49.6853,19.1924,32132
50.0452,18.7006,63174
53.3635,17.0408,18395
51.1264,15.9198,15564
51.9355,15.5064,118433
51.1494,15.0084,33247
51.8556,19.4062,58036
51.5992,18.9397,44515
50.4877,19.4168,53159
51.6420,15.1373,38779
49.2990,19.9489,27266
51.6176,15.3149,25731
50.3249,18.7858,192177
50.5897,16.8124,15004
54.3765,18.6075,65000
52.3251,17.5652,28703
51.1029,17.0301,672545
50.0038,18.4720,49521
52.6482,19.0678,120339
51.2210,18.5696,21624
54.6057,18.2356,46820
53.2779,16.4712,25971
50.7714,16.2843,127431
52.8084,17.1996,25648
49.8834,19.4929,19238
49.7215,18.8020,15637
54.5805,16.8619,16250
50.1372,18.9664,130000
52.0155,18.5006,29533
50.1593,19.4697,18828
53.0406,16.4563,16914
53.0138,18.5981,196935
54.0924,18.7779,60133
50.4455,18.8615,60938
53.7079,16.6994,38496
53.4289,14.5530,395513
52.6120,16.5779,18588
53.9105,14.2471,40919
50.2964,18.9173,55600
52.2475,15.5335,21757
53.4095,18.4474,25843
50.8597,16.3197,23228
53.7746,15.7767,15725
50.8438,16.4886,60351
52.4129,17.0850,29010
52.0836,15.6251,18055
50.5107,18.3006,20241
50.9626,16.3501,16106
53.9640,18.5264,47272
53.3367,15.0499,71224
52.2284,17.2762,21757
52.0887,17.0151,30404
50.2868,19.1039,227295
54.4418,18.5600,35049
53.0837,18.2257,15125
54.4641,17.0287,98608
52.3509,14.5607,17567
49.9752,19.8287,23647
52.8568,19.6691,18866
51.5958,18.7302,44436
50.3274,19.0290,73121
53.0660,19.4094,16589
50.0586,18.4170,21887
50.0971,18.5418,142510
54.5709,18.3880,44791
50.2584,18.8563,146189
54.6053,18.3472,18116
51.6095,16.8585,21380
50.4003,18.9023,17167
51.0671,19.4448,44700
50.0502,18.4763,17479
50.0919,18.2193,58464
50.4000,18.6333,19018
49.9804,18.9538,25288
54.2622,18.6363,23618
50.3212,17.5746,23343
52.4069,16.9299,536151
51.5039,16.0726,21565
53.5521,14.5718,34350
52.5468,19.7064,127474
51.8964,17.7855,17640
51.4055,19.7032,80128
53.1514,16.7378,75532
50.3802,18.9265,59757
51.6645,19.3547,70542
51.9634,19.2914,20608
50.0344,19.2104,34170
51.6550,17.8069,72898
53.6967,19.9649,33524
54.4311,18.4673,16021
50.1559,18.7792,18438
50.6712,17.9260,127676
50.2813,19.5650,37744
51.2134,17.3899,36956
50.9466,17.2926,33029
52.6474,16.8141,17915
50.4738,17.3344,47283
52.3195,16.1284,15179
53.6744,15.1163,16703
51.8033,15.7170,40354
50.5801,16.5016,24753
51.0759,17.7228,16376
53.1421,17.6018,19565
50.5752,19.3246,33273
50.2075,19.1667,72124
49.8338,19.9383,17686
50.1710,18.9041,38821
52.4446,15.5780,18669
54.0359,19.0266,36709
52.3471,16.8927,26431
50.6690,18.6844,23784
51.4009,16.2015,77532
51.1201,15.2877,22245
52.1071,19.9453,29809
51.7706,19.4739,645693
50.1040,19.3157,17834
51.8403,16.5749,63565
51.2101,16.1619,106033
50.1426,19.1315,16305
52.0596,19.1997,15528
54.5392,17.7501,35161
50.1495,18.8422,21983
51.5906,19.1328,18577
53.7249,18.9311,37601
52.2306,19.3641,48323
51.6987,17.4374,29231
50.4751,17.9654,18275
50.0614,19.9366,804237
54.1944,16.1722,107450
52.5871,14.6495,17778
54.1223,17.9812,23327
52.0883,16.6487,24096
51.7478,19.3256,18335
52.2234,18.2512,81258
54.1756,15.5834,44377
52.2002,18.6386,23493
50.2197,18.6507,39744
50.9728,18.2182,25978
50.4349,16.6614,25717
49.8821,19.2233,19249
50.3498,18.2261,65636
50.2597,19.0217,286960
54.3342,18.1974,15002
50.7831,16.0304,21743
51.7611,18.0910,108759
50.8997,15.7290,77366
51.0210,17.3209,15308
50.2053,19.2750,96541
51.0513,16.1935,23865
49.9554,18.5748,95813
51.9727,17.5026,25582
52.7989,18.2639,77597
53.5960,19.5685,32557
51.9496,14.7284,16629
50.0642,19.9676,28960
53.2524,14.4883,21270
53.9165,15.2003,16720
53.4841,18.7537,92552
52.4294,19.4619,18976
51.8825,17.0123,20771
52.7337,15.2250,114567
53.5639,14.8285,22505
52.5348,17.5826,70269
50.3150,17.3835,15120
51.9646,19.7157,15103
51.6636,16.0845,65400
50.2976,18.6766,198835
54.5189,18.5319,257000
54.3523,18.6491,487371
53.1482,18.1704,70000
54.1522,19.4088,127558
50.7282,16.6514,34168
50.3339,19.2048,116971
50.7965,19.1241,248125
50.1501,18.6776,28740
50.3154,19.0782,34308
49.9134,19.0048,34703
49.7513,18.6321,35586
50.1355,19.4020,39973
53.1690,15.4205,15733
50.3058,18.9742,113430
53.6955,17.5570,38789
52.9950,16.9198,19776
53.1846,18.6047,15403
53.3486,18.4251,20576
54.1706,17.4919,16724
50.3480,18.9328,189186
53.1235,18.0076,330038
50.8608,17.4674,38259
53.2597,19.3965,27341
54.3797,19.8196,18356
51.2642,15.5697,40682
50.7551,16.2049,16726
50.9075,14.9563,16460
50.0900,19.0929,19659
49.8225,19.0469,176515
50.6908,16.6230,29232
54.0070,15.9875,24368
51.3688,19.3567,62896
50.3261,19.1257,58236
49.8550,19.3383,21954
51.8197,19.3038,20292
52.1505,21.0504,149775
52.2544,21.0347,93192
52.2442,21.0855,179836
51.0213,17.3165,15340
51.0963,17.0020,21781
51.1272,16.9703,24508
51.1309,16.9765,31320
51.0801,17.0402,19136
51.0893,17.0411,18727
51.0641,17.0019,21233
51.0929,17.0206,24329
51.1021,17.0483,20316
51.1367,17.0432,31813
51.1476,17.1144,29606
51.1161,17.0102,18488
51.1083,17.0913,19951
51.1254,17.0307,23177
51.1213,17.0530,31216
54.3405,18.6193,30743
54.3570,18.5817,27173
54.4117,18.5984,24368
54.3505,18.6556,23364
54.3244,18.6027,29845
54.3847,18.6127,21648
54.3798,18.5954,20810
53.4489,14.5792,22655
53.4273,14.5130,16034
51.1275,16.9619,19048
51.1167,17.0613,27030
51.1025,17.0483,20617
51.1445,16.9694,15901
51.1206,17.0376,44090
51.1434,17.0199,15746
54.3249,18.6157,19807
51.1132,17.0815,99088
51.1459,17.0352,95615
46.7791,-56.1773,6200
18.4275,-67.1541,16073
18.4724,-66.7157,87754
18.4505,-66.5385,22322
18.3986,-66.1557,203499
18.2341,-66.0485,86804
18.4041,-66.2088,17631
18.3808,-65.9574,170404
18.4413,-66.1182,28093
18.1119,-66.1660,18494
18.3258,-65.6524,32124
17.9841,-66.1138,21575
18.3575,-66.1110,81360
18.1497,-65.8274,20387
18.4500,-66.1816,29785
18.4275,-66.4921,16092
18.2011,-67.1396,73077
18.0103,-66.6240,137491
18.4663,-66.1057,418140
18.3547,-66.0074,75243
18.4444,-66.3877,29325
18.0350,-66.8499,20295
31.2972,34.2436,126305
31.4486,34.3925,36123
31.3402,34.3063,173183
31.5272,34.4835,168568
31.5016,34.4667,410000
31.4183,34.3493,59504
31.5464,34.4951,56919
31.5353,34.5358,37392
31.3434,34.3234,31272
31.4394,34.4031,34951
31.3191,34.3400,18163
31.4459,35.0944,41425
32.3116,35.0269,44169
32.3209,35.3699,15591
31.6508,35.0644,25242
31.5785,35.1402,17775
31.8996,35.2042,43880
32.1897,34.9706,43212
32.4104,35.2809,19127
32.2211,35.2544,130326
31.7774,35.2987,38193
32.4594,35.3009,34730
31.5587,34.9744,18727
31.5803,35.1018,21076
31.5078,35.0293,20835
31.7049,35.2038,29019
31.7155,35.1879,16183
31.8300,35.2254,27000
31.7000,35.1167,56746
31.5159,35.1642,19783
32.2121,35.2856,17146
31.4097,34.9733,27616
31.8667,35.2167,25595
31.3967,35.0661,19355
31.8495,35.2342,24838
31.8667,35.4500,19783
32.4856,35.2301,16164
31.5294,35.0938,160470
31.9100,35.2165,38192
31.7708,35.2692,17455
31.7767,35.2342,36000
31.3739,34.3409,19500
31.4395,34.3805,16688
31.7834,35.2339,428304
38.9552,-8.9897,18355
38.8721,-9.0780,16088
39.0911,-9.2586,24443
39.4758,-8.5435,15002
39.6020,-8.4092,19168
37.1273,-7.6486,15133
38.8010,-9.3783,26193
38.4445,-9.1015,41134
38.5244,-8.8882,118166
38.7413,-9.1613,23261
32.6448,-16.9384,26482
38.8238,-9.0972,18925
38.7019,-9.3408,46718
32.6614,-16.9348,25940
39.2338,-8.6862,29385
38.8411,-9.0991,18573
38.7920,-9.1080,17718
38.7661,-9.3280,54695
38.8037,-9.1877,17535
38.7566,-9.2545,103399
37.0600,-7.8216,17253
37.0695,-8.1006,24420
38.8610,-9.0645,28901
37.0853,-8.6837,23648
37.1386,-8.5378,38487
39.2938,-7.4312,22368
38.7677,-9.1994,23249
39.9167,-8.6285,17355
38.6311,-8.9138,23510
38.6701,-9.1585,19472
39.3558,-9.3811,15662
38.6928,-9.3541,17212
38.5690,-8.9013,16934
38.6957,-9.2914,25974
38.7708,-9.2501,42961
38.7699,-9.1067,33788
37.0286,-7.8411,29239
38.6910,-9.3109,35000
38.7927,-9.1838,54624
38.7793,-9.1022,22488
38.7067,-8.9739,30011
38.7064,-9.4060,23375
39.4620,-8.7118,50000
38.6508,-8.9904,17795
38.7528,-9.2811,28112
38.7398,-9.1016,35463
39.7477,-8.9323,28916
38.7748,-9.1560,46334
38.8309,-9.1684,66231
37.1377,-8.0197,17930
38.7251,-9.1498,517802
38.7145,-9.2422,20895
39.7436,-8.8071,128640
38.6681,-9.0520,21877
37.0680,-7.8078,20473
38.6560,-9.1538,20988
37.1020,-8.6742,33494
32.6657,-16.9255,105795
37.0187,-7.9272,70347
38.7639,-9.2280,20788
38.5659,-7.9040,53591
38.7057,-9.3977,23700
39.4667,-8.4667,19887
38.7514,-9.2123,37607
38.6400,-9.1508,52520
38.6203,-9.1943,29763
39.8236,-7.4910,33479
38.6968,-9.4215,36436
38.7667,-9.1833,18028
38.7271,-9.2467,23698
38.6910,-9.3222,20366
38.6618,-9.2003,21167
32.6508,-16.8375,23368
38.7547,-9.1665,15514
38.8036,-9.1281,20177
32.6504,-16.9772,32209
39.4033,-9.1384,27378
38.7670,-9.2979,93982
38.7333,-9.2000,16081
38.7509,-9.2028,36985
38.6987,-9.1929,16546
38.7767,-9.2635,21019
38.0147,-7.8628,34760
38.6631,-9.0724,51280
39.0703,-8.8682,21422
38.6250,-9.1015,30156
38.7410,-9.1380,21160
38.6296,-9.1156,52577
38.7538,-9.2308,178858
38.6790,-9.1569,34008
38.7976,-9.3437,66250
38.7024,-9.2294,19327
38.7610,-9.2051,27093
39.5522,-8.9775,15800
38.7010,-9.1715,20267
38.7337,-9.4093,33315
37.0882,-8.2503,15851
40.6617,-7.9090,103502
41.3001,-7.7432,17001
41.1057,-8.5862,18944
40.6273,-8.6323,21227
41.1240,-8.6124,70811
41.3533,-8.7452,27642
41.6932,-8.8329,36148
41.2431,-8.6065,15764
41.1888,-8.4986,21328
41.0929,-8.6322,22322
41.3373,-8.5596,20692
40.5536,-7.2259,28502
41.1864,-8.6517,28930
41.2000,-8.6333,19000
41.1433,-8.5003,17011
40.2468,-8.3940,17154
40.2102,-8.4569,15315
41.1918,-8.6111,25940
40.9007,-8.4902,22079
41.1138,-8.6023,38544
40.2180,-8.4052,41150
41.1787,-8.5595,49966
40.2050,-8.4793,15315
41.3834,-8.7636,29044
41.1485,-8.6110,252687
41.7672,-8.5839,44667
41.4110,-8.7490,18963
41.2049,-8.3315,19834
41.1729,-8.5993,45883
40.8586,-8.6251,18452
41.1247,-8.5846,24407
42.0789,-8.4808,19738
41.1821,-8.6891,28070
41.2357,-8.6199,36426
41.1506,-8.6485,22270
41.2120,-8.6342,16103
41.1910,-8.7003,17996
40.6019,-8.6702,17236
41.4444,-8.2962,40604
40.5375,-7.2663,40126
41.1445,-8.5322,27691
40.1508,-8.8618,46600
41.3681,-8.1940,58065
40.9254,-8.5428,16376
41.1675,-8.5298,23916
41.4508,-8.1726,16868
41.5361,-8.7820,34625
41.0076,-8.6412,32786
41.2165,-8.5532,39420
40.2483,-8.4155,17154
41.1053,-7.3210,19406
40.2811,-7.5050,17610
40.1128,-8.4980,17078
40.2069,-8.4200,140796
41.7402,-7.4688,17535
41.1231,-8.6465,26431
41.1571,-8.5747,29666
41.5143,-7.9894,16710
41.8072,-6.7590,35341
41.5514,-8.4231,193324
41.3398,-8.5518,21680
41.1542,-8.5869,22978
41.5317,-8.6184,19085
41.5432,-8.4072,32876
41.1627,-8.0347,20522
41.1920,-8.5412,15850
40.6457,-8.6464,80880
40.9306,-8.2449,21146
41.8467,-8.4191,22847
41.2367,-8.5245,15211
41.1671,-8.6691,29085
41.2102,-8.5760,27686
41.1439,-8.6464,34332
38.5653,-9.0432,25606
38.7320,-9.2192,17044
38.7533,-9.1440,31813
37.7395,-25.6687,20056
38.7289,-9.1381,22990
38.5192,-9.0139,18877
38.7691,-9.0963,22382
38.7520,-9.1592,37000
38.7213,-9.1674,22140
-22.9661,-56.5407,31290
-25.7495,-56.4352,41157
-25.0930,-57.5273,57217
-25.3676,-57.5927,64099
-25.3397,-57.5088,227876
-26.6703,-57.1407,16593
-25.4213,-57.5472,55754
-25.5638,-54.6110,54292
-26.8587,-58.3064,32810
-22.5493,-55.7387,75109
-25.3949,-57.5357,94641
-25.1661,-57.4856,96143
-25.3468,-57.6065,126377
-25.3926,-57.3542,64997
-25.5005,-57.3672,18459
-25.3386,-57.5217,120167
-27.3318,-55.8666,74983
-25.4461,-56.4393,51286
-23.3999,-57.4324,48123
-25.2079,-57.5320,72008
-25.5036,-54.6507,301815
-25.3552,-57.4455,198553
-26.1966,-56.3679,23996
-25.4710,-56.0160,54808
-25.3858,-57.1422,56864
-25.2865,-57.6470,1482200
-22.3394,-60.0316,19927
25.3376,51.5095,39761
25.4152,51.4065,29391
25.5872,51.1499,39457
25.2462,51.5323,19975
25.2617,51.3968,27569
25.3205,51.4779,44459
25.5774,51.4831,54339
25.2919,51.4244,272465
25.1715,51.6034,26436
25.6839,51.5058,18923
25.2855,51.5310,344939
25.2604,51.5140,27432
25.2681,51.5322,65493
25.2670,51.5432,43695
25.2586,51.5310,15461
25.2604,51.5463,15461
25.2799,51.5404,19010
25.2862,51.5007,36077
25.3416,51.4706,16993
25.3131,51.4929,33263
25.2514,51.5557,76774
25.2390,51.5633,22284
25.2340,51.5405,22284
25.2196,51.5532,22284
25.2873,51.4714,33263
25.4175,51.5075,198600
-21.3393,55.4781,84077
-21.0096,55.2713,105240
-21.2858,55.4112,53935
-21.1706,55.2882,34893
-21.3777,55.6169,38807
-20.9062,55.6079,24293
-20.8969,55.5506,34344
-20.8823,55.4504,154765
-21.0379,55.7155,37023
-20.9633,55.6503,57150
-21.2766,55.5177,81943
-20.9375,55.2942,33336
-20.9291,55.3348,35245
-21.2196,55.3151,29278
43.6564,25.3645,15228
45.5609,25.3179,24926
47.2000,23.0500,52359
45.3833,23.2667,19772
44.4900,26.1734,30323
47.7079,24.4295,15349
47.3500,25.3667,16054
46.6333,27.7333,63035
44.7167,26.6333,16770
43.7469,24.8685,28783
46.5667,23.7833,43319
45.1787,28.8050,65624
46.3319,24.2966,28634
46.0000,26.1333,20067
47.2000,26.3667,20473
46.5425,24.5575,212752
45.0500,23.2833,73545
44.9254,25.4567,66965
45.7537,21.2257,250849
45.8497,27.4344,41154
47.6333,26.2500,84308
44.4333,24.3667,63487
47.2333,22.8000,15721
47.9320,23.8860,40653
45.8000,24.1500,134309
45.8667,25.7833,50080
45.9565,23.5710,27246
47.7993,22.8625,112490
46.8000,21.6500,17561
45.6167,25.7110,29918
44.1167,24.9833,27416
46.9212,26.9265,67819
45.5833,25.4500,15253
45.1000,24.3667,93151
45.3833,27.0500,38526
45.3008,21.8892,81228
46.7833,24.7167,35490
47.8500,25.9167,23822
44.3833,26.1667,15279
44.9500,26.0167,180540
44.8500,24.8667,141275
46.9167,26.3333,102688
45.4167,23.3667,44187
45.4500,23.4167,25234
44.4500,26.2000,16206
45.8333,23.2000,20763
47.0458,21.9183,183105
44.0833,26.6333,22624
46.3000,25.3000,36532
46.3833,23.8500,15316
44.3167,28.6000,33106
44.8033,22.9719,22319
44.9830,25.6441,20596
46.4752,26.4891,23981
45.0167,26.4500,15532
46.3500,25.8000,34484
46.1667,24.3500,53040
44.2500,28.2833,43315
43.8162,28.5766,39619
45.3603,23.2383,30488
45.6886,21.9031,43243
46.4833,24.1000,17165
47.1667,27.6000,378954
46.6736,28.0594,29129
45.7500,22.9000,69136
47.5500,25.9000,15728
43.8866,25.9627,54551
47.0333,23.9167,23741
46.7229,25.6005,19777
45.4369,28.0503,217851
44.7167,25.3167,15037
45.7000,27.1833,66648
44.5500,23.5167,18995
44.4196,27.8254,23789
44.3833,27.8333,32866
47.4500,26.3000,29576
45.8500,24.9667,30714
44.6269,22.6529,79865
44.6500,24.2667,20630
47.9500,26.4000,30776
45.8833,22.9000,67802
47.1500,23.8667,38033
45.1342,24.6741,32178
45.8365,23.3700,24734
44.3167,23.8000,234140
43.7751,24.5015,20047
44.1807,28.6343,317832
46.4213,26.4365,23729
45.7000,25.4500,20534
46.7667,23.6000,286598
45.7167,24.1500,15042
47.5333,25.5667,19765
45.1262,25.7350,41554
46.5500,23.8833,26457
44.3396,28.0327,18502
47.6833,22.4667,20775
45.4167,22.2167,27521
44.1167,24.3500,33761
43.9907,22.9333,18643
45.1500,26.8333,103481
46.7167,26.7000,18395
44.5614,25.9489,20691
44.4323,26.1063,1877155
45.1833,25.6667,17949
45.6486,25.6061,253200
45.2715,27.9743,154686
46.1333,22.7833,15988
47.7500,26.6667,90010
47.6553,24.6633,26966
45.3733,21.7092,16349
46.1751,23.9158,20371
47.1332,24.5001,78877
46.2317,27.6691,67818
44.3500,24.1000,20626
44.0167,23.3500,19599
45.0333,25.8500,19869
47.6619,23.6922,16746
47.6573,23.5681,108759
46.5672,26.9138,136087
46.1833,21.3167,169065
43.9833,25.3333,40390
46.0667,23.5833,64227
46.3101,23.7213,28341
46.0991,27.1814,15178
47.2469,26.7229,45000
44.9590,24.9420,29062
46.2214,24.7928,34537
44.5647,27.3633,41550
44.4924,26.0483,225453
44.4528,26.1332,290507
44.4234,26.1687,385439
44.3757,26.1209,287828
44.3881,26.0714,271575
44.4358,26.0165,367760
45.3836,20.3819,79773
44.8458,20.4012,155591
43.9036,22.2641,49800
45.1167,21.3036,36300
42.5514,21.9003,56199
43.6169,21.0025,49043
44.9850,20.1608,16217
44.6765,20.3923,23000
44.3655,20.9589,27000
44.6644,20.9276,62000
45.9275,20.0772,20302
43.2342,21.5881,27673
44.6213,21.1878,41736
43.1531,22.5861,40678
44.8718,20.6417,76654
44.6549,20.2002,16821
43.1367,20.5122,85996
44.9437,20.2193,15488
43.3247,21.9033,250000
44.2264,22.5308,17612
42.9981,21.9461,94758
44.3853,20.2557,23551
43.5800,21.3339,75256
43.7258,20.6894,82846
44.0167,20.9167,147473
45.8297,20.4653,41935
43.9771,21.2612,35589
45.0482,20.0816,28450
44.0260,20.4615,23982
43.9275,21.3700,20585
43.8914,20.3497,117072
44.0749,22.0959,39387
44.8040,20.4651,1273651
45.6163,20.0333,25774
44.3069,20.5600,24309
45.5714,19.6408,25907
44.2751,19.8982,61035
43.8586,19.8488,63577
46.1000,19.6667,100000
44.9764,19.6122,39084
45.7742,19.1122,48454
44.7467,19.6900,55114
45.0081,19.8222,32229
45.2517,19.8369,215400
44.5312,19.2427,19515
45.2387,19.7142,18018
45.8152,19.6318,16154
45.2497,19.3966,29449
45.6726,18.9780,18320
43.5663,22.2570,25000
57.8760,35.0070,32373
60.0167,30.3500,66227
54.3537,41.9199,29858
55.6561,37.5685,121000
55.6167,37.7667,129000
48.0271,40.1230,24978
55.7340,36.8592,16395
55.1718,59.6547,191366
47.1462,42.4704,17678
55.7000,37.8500,150000
55.5953,38.1203,97200
53.5338,33.7308,19690
50.9788,44.7789,17887
53.4033,49.5106,57094
51.8543,41.4549,16019
44.1432,43.0048,24632
52.3420,35.3592,97900
55.7440,38.0168,141648
46.8486,40.3116,29268
44.4104,43.8801,41306
54.9589,20.4767,15644
55.9825,37.1814,215727
55.8438,48.5178,99600
43.8550,41.5902,21117
56.6405,43.3945,42900
56.0428,37.8515,20000
53.2036,45.1923,63579
54.7633,38.8808,24637
69.4260,30.8110,17789
55.7333,37.6333,55000
55.3195,52.0694,42044
55.5574,36.9718,25324
56.5046,39.6793,19906
56.6388,47.8908,268272
46.6926,38.2791,87814
44.0258,42.8749,19956
44.0483,42.8564,81015
51.3559,48.2727,23681
62.5879,50.8634,16404
45.0462,38.7949,19306
52.6144,38.5093,115688
50.9488,43.7371,15181
55.7623,52.0442,72643
55.3795,39.0412,85200
46.5659,40.6571,17978
53.1376,38.1186,45497
51.0353,59.8723,17359
54.4809,37.6982,18022
55.6069,37.5199,180000
55.0649,32.6969,52706
57.6299,39.8737,608722
57.3050,47.8739,19557
56.2723,54.9296,27963
64.5942,39.8103,40000
44.9890,38.9432,33431
57.5888,34.5685,53800
45.5806,39.6574,18746
55.3206,42.1740,61664
55.7020,37.8118,216000
60.7076,28.7528,78633
56.2423,42.1491,39243
55.2100,34.2970,55500
56.2291,51.0610,39534
60.0151,30.6731,48224
57.0487,53.9872,98633
55.6667,37.4500,30000
55.3993,37.8083,16509
55.3130,38.6910,77086
51.6683,39.1920,1047549
55.8833,37.5833,54000
55.7167,37.5333,30000
48.7858,44.7797,323293
55.8666,48.3593,58000
52.0417,47.3827,70500
56.0336,35.9694,25000
59.2239,39.8840,312420
59.9233,32.3397,45673
55.6500,37.6167,76000
57.4444,41.1634,17700
48.7138,44.4976,1013533
47.5114,42.1527,167731
55.8500,37.5833,50000
56.1385,40.3998,357024
43.0410,44.6699,306258
55.5523,37.7088,51721
57.2145,41.9256,39071
55.7239,37.8195,122000
58.0782,54.6565,22451
54.3507,38.2630,15700
61.0692,42.0992,23126
60.7619,46.3135,32642
56.3406,30.5438,103149
55.8844,37.6906,50000
50.1966,38.1167,35887
57.9773,33.2515,18549
55.9000,37.5500,50000
53.9839,38.1598,58458
51.9820,42.2617,28771
56.9908,52.1852,19143
45.2144,39.6884,44088
54.9366,58.1757,25046
44.0834,41.9763,34001
52.0448,39.7257,19910
50.8060,42.0092,41644
43.1305,45.5379,41480
59.8389,30.1753,55037
52.8429,32.6876,29028
54.3282,48.3866,626540
63.5690,53.6914,102187
57.5232,38.3226,37732
54.7431,55.9678,1120547
43.9451,42.5165,15118
54.3581,59.4361,37788
43.3828,42.9183,20104
56.8584,35.9006,420065
54.6064,53.7118,68829
57.8729,39.5297,43828
54.1961,37.6182,482873
55.6011,36.4681,16826
44.1008,39.0833,64234
47.6480,42.0934,15341
52.5803,33.7657,16100
55.6562,37.4850,118000
43.3066,44.9840,23745
55.4850,37.3074,37591
59.5400,30.8775,40198
57.0436,34.9622,48546
55.6562,37.9471,28310
53.5303,49.3461,702879
45.6169,38.9453,53940
59.6394,33.5297,62075
45.8531,40.1187,64387
56.8585,40.5403,36015
43.4833,44.1378,21180
55.6205,37.4934,125000
45.2689,37.3975,36546
55.7003,37.7427,100000
45.3645,40.1968,24446
52.7363,41.4410,293661
55.9087,53.9344,19217
47.2363,38.9053,279056
55.7333,37.6667,116000
53.1585,48.4681,189338
61.6639,50.8163,245083
44.0256,43.0503,17661
55.8500,37.6333,60000
61.1121,28.8632,15733
54.6750,20.1347,22119
45.3274,42.8562,39727
44.1901,42.6595,17261
54.1223,36.4966,21059
48.6097,42.8569,20677
43.1875,44.9019,16215
54.0999,35.3425,16100
54.8974,38.0680,60999
56.3733,38.5832,15483
50.7882,36.4775,18636
55.8184,37.4122,152000
53.6379,55.9533,267231
45.0344,41.9642,433931
51.3025,37.8461,226977
46.6303,38.6638,18785
46.5309,39.0516,30461
52.5850,32.7631,18539
57.9962,31.3600,34303
55.8080,38.1805,22099
59.9883,30.2430,35000
57.5894,48.9552,17869
55.0839,21.8785,43309
59.8996,29.0857,68563
59.8353,30.1467,48271
63.5967,53.8918,29343
61.7123,30.7095,20760
52.4288,53.1502,30731
55.6371,37.3811,120000
56.1753,36.9708,58891
51.1624,54.9916,27419
59.6669,56.7427,100812
55.8020,37.6716,57000
55.8000,37.5167,57000
59.4617,40.1206,42174
56.1500,37.9333,15265
43.5970,39.7248,327608
55.9900,40.0205,20458
54.7783,32.0509,330025
58.7313,50.1712,32361
55.8667,37.5833,20000
45.2514,38.1213,65196
59.1179,28.0883,36209
53.8250,39.5531,24357
55.9481,37.2978,18897
54.9930,57.6982,15632
52.7179,58.6667,61590
56.8486,41.3869,60705
59.8092,30.3817,15503
55.5005,46.4129,35220
45.1310,42.0270,59198
54.3201,40.8796,16159
59.2100,38.5107,21197
50.4134,36.9254,45194
55.8000,37.4500,102000
51.8760,36.9053,19198
55.4997,37.5597,28065
55.9250,37.9722,113000
54.0073,37.5065,60700
55.5726,39.5342,30069
58.3685,45.5162,29800
43.1481,45.9019,25000
57.6760,46.6117,22400
47.7192,40.2160,221312
44.8539,38.6792,22849
54.0348,38.4017,16569
60.1533,59.9520,33500
69.0694,33.4081,53921
64.5583,39.8297,194292
55.9358,37.5489,200000
55.7167,37.4167,20000
60.0980,29.9638,37248
60.1444,30.2017,43622
54.9198,37.4162,128158
56.3120,38.1387,109252
55.5277,45.4568,22361
52.4586,44.2169,36652
51.6821,39.0302,26257
47.5168,40.8083,23583
55.6833,37.5500,50000
56.7876,44.4962,24300
53.3683,34.1033,18167
63.7455,34.3161,33354
55.0410,59.0475,49384
54.9480,43.3152,88000
51.5405,45.9901,844858
56.4763,53.7978,98830
54.1848,45.1717,318841
51.7874,56.3599,17413
59.9386,30.3141,5351935
53.2077,50.1355,1163399
46.4749,41.5416,61000
53.3828,55.9109,159893
55.1109,33.2373,46000
56.2629,34.3289,62246
54.7253,39.5130,19159
58.0456,38.8381,216724
59.8393,30.4987,55076
53.7059,40.0804,22041
54.6270,39.7041,538962
54.0600,44.9490,49311
55.7851,37.3548,20000
52.2597,43.7868,44013
47.2200,39.7077,1130305
57.1908,39.4131,31039
55.8333,37.6667,37000
51.1209,38.5116,64323
50.1964,39.5663,62000
53.9539,32.8641,56971
55.6685,39.8749,21951
57.1050,41.7356,27681
56.8024,59.9377,61785
55.7627,37.8630,78370
50.5344,36.6846,15529
54.0640,54.9338,20060
52.6638,41.8892,45957
55.5634,38.2415,96000
55.7000,37.5000,130000
44.0500,43.0504,142865
55.9946,37.8290,102816
59.7142,30.3964,92889
54.8337,37.6114,20072
52.0166,48.7989,41375
57.8192,28.3318,210501
54.8682,37.2158,37329
46.7024,41.7249,19493
43.7574,44.0297,60800
53.9000,53.9333,20847
51.4094,46.0483,31849
57.3839,41.2916,17864
61.0403,30.1392,18300
46.0485,38.1790,33102
51.6826,39.0676,16896
51.1981,42.2460,18004
55.6593,37.6040,64000
55.5833,37.6000,30000
67.3661,32.4981,15092
69.2028,33.4370,17332
55.8080,37.4581,55000
55.9180,39.1724,15867
53.6524,52.1274,28300
60.9100,34.1619,19600
55.4242,37.5547,179400
52.9331,33.4470,15100
55.7333,37.7667,101000
53.7084,37.2946,16763
59.5183,34.1664,22072
55.9272,39.4607,15866
61.7849,34.3469,279190
55.5500,37.7833,30000
52.3088,45.3899,33622
59.8957,29.8014,61973
59.8833,29.9000,73199
58.5938,35.8024,15910
56.9053,59.9436,133600
58.0105,56.2502,982419
56.7391,38.8597,40283
55.6453,37.3358,115536
53.1957,45.0108,523553
65.1472,57.2244,46113
55.7819,38.6502,60051
46.1390,39.7862,31133
59.6833,30.4347,16087
50.4543,40.1237,26565
45.0237,39.1044,43634
50.0491,46.8855,17139
54.8600,38.5506,25900
60.0395,30.3113,95000
53.3760,51.3452,50127
55.8667,37.6000,18000
59.7775,30.8181,21397
44.3932,41.5193,22985
57.3438,28.3536,24500
50.8659,39.0781,34403
57.1469,33.1066,19563
55.8296,37.6160,60000
57.2836,55.4588,23292
51.2321,58.4880,246836
46.8744,42.0522,19325
51.7671,55.0988,564773
52.9688,36.0791,303696
55.8124,38.9915,120000
55.6167,37.6833,128000
43.3206,45.0490,71841
63.9057,38.0994,22693
58.6701,52.1931,25364
68.1432,33.2529,23670
43.2421,46.0001,15970
54.4815,53.4710,108200
53.1668,48.6972,26306
55.6698,37.2772,137041
57.8823,54.7183,15395
55.6843,37.4465,114000
55.1099,36.6124,107392
57.9377,55.3414,20525
61.6718,40.2122,22179
54.4290,50.8060,34451
50.7633,37.8642,21035
55.7000,37.7500,143000
55.7000,37.5833,101000
52.5371,31.9366,42571
51.3153,39.2187,37392
50.4632,48.1416,16932
54.1477,48.3864,17139
51.2010,58.3132,106186
45.2376,38.9806,22630
47.7604,39.9333,99478
44.7319,37.7618,241856
45.9576,40.6981,19342
43.9594,43.6316,24408
54.0110,38.2908,130982
54.0384,39.7479,20821
55.7167,37.7833,50000
53.0971,49.9400,111800
45.1133,41.0365,36401
55.8667,37.5000,50000
55.7538,37.8188,95000
64.4164,40.8167,42900
47.4222,40.0937,166974
56.1110,47.4776,128468
50.5283,42.6746,19231
45.4975,41.2253,27610
58.5213,31.2710,222868
51.6435,39.4114,22165
59.9875,30.2868,20000
55.8649,38.4485,115979
58.6237,59.8523,22600
57.9194,59.9650,381116
56.3287,44.0020,1259013
53.5304,43.6766,23835
55.6379,51.8150,234297
55.6694,37.4660,30000
55.6833,37.4833,50000
59.7006,30.7847,19280
53.7189,46.0712,24300
50.0281,45.4612,16044
69.4129,30.2220,15596
44.1181,43.4028,18412
44.6333,41.9444,134345
56.0200,29.9282,17832
43.2386,45.0503,19186
57.4579,40.5717,25352
56.2276,32.7747,25349
56.0888,54.2638,126805
52.8013,51.1655,19542
43.2260,44.7732,164131
67.6387,53.0037,18041
43.5544,43.8550,33390
55.3875,36.7331,72632
43.4981,43.6189,239300
55.8485,37.1779,31715
55.7372,52.4196,509870
55.9110,37.7296,160542
55.5685,42.0239,126931
68.9678,33.0992,295374
53.2788,36.5805,47609
56.4458,52.2156,47270
55.5019,36.0272,31557
43.7398,44.6516,40823
44.4115,40.7928,25188
55.7520,37.6178,10381222
53.4432,41.8106,43311
48.3510,41.8290,29289
55.8424,38.1936,19852
67.9397,32.8739,49868
44.2103,43.1353,76280
48.9252,40.3998,38527
50.0619,43.2334,58898
55.6833,37.4333,30000
52.9076,40.4823,93499
59.8008,30.5478,26361
55.7279,53.1022,16858
55.8969,52.3112,22969
52.9647,55.9328,65362
55.3358,41.6275,15902
62.9145,34.4586,16551
45.4515,39.0249,16941
56.6340,47.8035,22555
51.4057,57.5875,30676
44.6079,40.1024,141970
55.7111,37.4750,30000
51.7102,46.7455,32929
55.6500,37.7167,243000
58.3258,44.7588,18817
55.8833,37.7167,91000
55.0146,36.4719,32669
43.5112,44.5905,43400
55.6478,38.0249,18399
42.9778,47.5003,596356
53.3981,59.0066,413351
53.8664,34.4478,41392
55.6774,37.7600,172000
55.6772,37.8932,154650
55.5765,37.9124,50619
58.1074,57.8106,68660
56.0293,45.0423,23570
55.7160,37.5538,30000
54.9766,39.0444,32387
58.7388,29.8476,40114
55.8701,38.1932,22116
59.9061,29.7725,42505
60.7256,33.5606,22164
56.0271,37.4679,61772
52.4243,37.5996,46779
50.9824,39.5040,55939
52.5876,39.5515,509735
55.7083,38.9542,31100
55.8500,37.5667,50000
55.8978,37.5868,86000
51.6307,35.2775,23500
60.0045,30.2752,84052
44.1072,42.9780,23369
55.8500,37.6500,30000
55.7000,37.5667,30000
48.7031,45.1961,15167
54.5971,52.4512,66263
55.6254,37.6503,123000
46.3214,39.3855,38712
55.9333,37.8333,32508
55.7667,37.7000,91000
53.0153,39.1446,22970
43.9089,39.3314,30000
56.0193,39.9485,16706
44.6360,40.7357,61945
43.6625,43.5369,20965
53.1168,46.6004,90480
55.7000,37.8000,143000
51.4848,57.3579,28706
55.7342,37.8262,30000
58.2873,59.7475,34058
46.5599,39.6321,29915
55.3450,59.4400,19818
55.6500,37.7000,30000
51.7269,36.1846,448733
55.5818,38.9199,19173
44.8845,40.5889,47681
51.6536,35.6865,46600
43.2049,46.0878,20903
59.8590,30.3880,54198
57.4143,56.9716,66389
52.7649,55.7878,65321
55.4133,42.5325,37622
56.1865,50.8940,16795
59.0152,54.6532,31596
59.9035,30.5106,30000
43.4955,39.8929,17000
55.5796,36.7039,25942
56.1475,44.1987,67242
44.9263,37.9903,57555
45.4372,40.5704,79599
59.9920,29.7762,43005
47.8925,40.0718,44133
55.5877,37.6428,89000
59.7383,30.0894,44323
60.4073,57.0829,18185
56.6140,57.7690,43121
58.0787,55.7562,52689
45.8449,41.5174,16169
55.8190,37.3298,92932
45.0453,38.9818,899541
45.3655,38.2119,29009
56.1000,38.1333,25688
51.0235,45.6966,25841
55.7500,37.5500,122000
56.3321,46.5606,22700
55.7000,37.6667,50000
55.8667,37.6167,50000
54.0366,35.7709,19500
54.0372,43.9187,21400
56.3575,41.3189,154224
67.5663,30.4777,19518
52.5905,41.5025,33077
50.3157,44.8100,26981
61.2566,46.6537,59180
47.6301,43.1416,19622
55.6538,37.8623,18300
58.3035,48.3374,27600
57.7664,40.9283,277280
64.5710,30.5767,30135
54.1190,37.5446,17836
61.3124,47.1483,42627
45.4672,39.4492,41665
47.5811,41.0934,18876
62.2041,34.2693,34360
56.7015,36.7730,42239
59.6206,30.3900,17358
59.7507,30.5886,138979
60.0243,30.2849,39945
55.0711,38.7840,147690
55.6667,37.6833,30000
56.3045,39.3766,45912
56.9321,41.0947,28984
52.7603,32.2390,66336
56.3317,36.7292,80778
55.3635,37.5298,55206
43.8469,46.7098,50564
43.2028,46.8659,33411
59.0471,57.6477,21807
43.9133,42.7208,132771
56.1527,38.8551,30566
52.6509,42.7348,17975
67.6148,33.6727,29605
59.8800,30.9955,24678
58.5509,50.0310,90252
58.5981,49.6578,507155
54.0689,34.2989,39319
59.4742,32.0401,56190
53.9297,37.9215,25513
59.3763,28.6141,50566
57.4367,42.1277,92983
53.4669,51.4941,18393
53.2266,50.6261,34336
56.8746,37.3596,52070
53.9731,38.5350,31947
56.2570,37.9954,20872
43.5148,39.8683,20000
55.7836,37.4714,159000
44.8469,38.3850,17494
55.9001,37.4285,239967
43.2487,46.5857,126829
47.4077,47.2539,18223
44.4258,39.5362,21685
55.7887,49.1221,1243500
54.7526,58.2014,19339
55.7167,37.5000,20000
42.8817,47.6392,81752
54.9438,41.4034,35355
54.8476,38.1821,40084
57.3592,37.6081,16598
53.1225,34.9849,19757
43.7723,41.9137,20264
43.3051,44.8995,34511
56.3108,38.7025,15615
55.6381,37.7931,29594
43.2282,44.6332,17363
46.0953,38.9769,45334
67.1512,32.4128,38431
55.5096,47.4913,49886
46.1050,48.0782,16191
50.0885,45.4128,128626
48.3178,40.2595,75814
53.1814,44.0494,33060
54.5306,36.2700,340851
51.4978,44.4768,18685
55.9142,37.8256,139798
54.7064,20.5110,475056
48.6910,43.5264,27522
50.4250,41.0159,20449
58.7002,59.4839,43983
55.7482,38.9351,23414
45.3665,41.7091,39022
55.7868,37.8017,104000
56.8522,53.1986,648213
42.5671,47.8755,42121
55.9711,37.9208,51085
55.7667,37.8333,128000
56.9999,40.9726,406113
55.9198,36.8688,33390
53.4477,56.0387,70421
45.7180,42.9061,29073
53.8534,46.3513,19737
44.0926,43.0911,28779
44.8422,38.5669,22970
57.5549,53.0544,22033
55.6117,40.6502,62746
54.5922,22.1997,28690
45.3538,40.6947,34953
48.0621,39.9355,66079
43.3508,46.1009,32769
51.2837,37.5351,87000
58.8386,57.5532,26605
58.8800,40.2525,16133
52.4954,39.9403,47413
43.3120,45.6889,297137
51.4502,41.9621,17220
60.0170,30.4170,71128
44.6339,39.1358,28078
44.0236,43.0922,35075
48.8026,44.4749,19509
56.6550,43.4727,31788
59.7723,30.1346,22503
55.8230,37.8131,158000
55.6093,36.9821,16056
58.1400,52.6562,100676
44.8621,40.0720,15169
44.1494,43.4702,72649
44.5801,38.0665,50715
51.4727,58.4515,41619
57.3026,39.8526,17351
59.5764,30.1283,89761
58.3788,42.3463,18594
55.5533,34.9968,28879
57.2542,41.1112,38380
55.9613,38.0464,52255
55.7332,38.4646,53212
49.7688,43.6542,40882
55.7482,37.4797,80000
61.8128,50.7283,56000
51.4839,46.1053,196011
44.9264,38.9058,17665
46.3079,44.2554,106971
55.7244,38.2091,20000
55.7865,38.4571,144387
55.8843,38.7864,20724
43.2122,44.8231,25549
55.6287,37.8443,41146
56.2442,43.4554,233126
55.4873,54.8618,31087
53.5978,34.3383,25000
49.0562,44.8291,15217
56.7405,37.1865,60604
55.7500,37.5667,68000
45.4535,41.9724,15469
53.9680,38.3315,31968
48.3375,39.9542,50850
55.4422,37.7537,53887
55.9496,37.5018,68259
58.4648,56.4130,33291
56.3449,37.5204,61607
45.9097,43.3494,15700
45.2167,39.2259,34573
54.2139,49.6184,132226
54.1508,33.2815,32451
42.0662,48.2876,105965
55.8686,37.1222,27001
55.7182,37.4727,30000
54.2176,55.0306,23952
53.2498,39.1441,22913
58.1908,40.1708,16808
42.1159,48.1919,27835
59.8417,30.2558,72822
58.2891,57.8126,50205
59.1223,31.6812,17377
55.3661,50.6440,62200
54.5902,55.3820,22000
50.9382,37.8151,15261
54.6335,21.8156,45187
56.5072,56.0771,35942
56.0012,38.3649,20483
44.2238,42.0462,122395
59.1333,37.9000,315738
55.6647,37.5613,106587
55.1455,37.4619,75643
43.5672,43.5853,18000
56.1322,47.2460,492331
56.7632,54.1126,86712
52.9771,49.7086,70147
52.7782,52.2585,87714
42.8180,47.1268,62689
58.4796,41.5359,26486
50.8262,40.5980,28581
54.9742,48.2909,20266
53.6554,52.4420,53511
54.5378,52.7985,91900
44.7839,44.1658,67962
45.7996,38.9967,22309
53.2710,34.3214,427236
55.4211,38.2619,18645
55.6375,37.7644,102000
58.3942,33.9186,56571
51.3689,42.0980,68597
56.3594,44.0730,60647
55.7167,37.4167,20000
57.8859,34.0532,25142
59.4778,33.8501,17366
49.9346,40.5545,15048
55.8135,37.7162,103000
56.1015,43.5101,36652
53.7717,38.1230,30216
51.0984,40.0301,20587
55.0352,55.9770,34238
45.0978,43.4364,35995
55.5864,37.6778,144000
55.4202,55.5421,41014
55.8833,37.6000,159000
57.7842,36.7008,28114
52.9806,49.4320,23736
43.1928,44.5327,35604
59.4091,56.8204,167748
53.9621,58.4000,70468
44.7700,39.8725,54526
55.4598,38.4436,18297
50.6034,36.5809,345289
53.8122,36.1334,15300
54.1077,54.1174,62582
48.1793,40.7792,47521
46.0812,40.8735,17997
52.5917,58.3113,17493
54.3976,53.2512,22982
47.1375,39.7571,109962
53.6498,47.1272,18547
57.9787,53.0138,16618
51.5510,43.1707,98107
55.7948,37.9479,150103
52.0264,47.7967,199572
56.4899,43.6011,63083
55.1816,36.6606,30194
43.6837,43.5351,37519
54.9417,58.8083,21762
47.3205,40.3847,15300
55.8693,37.7297,86000
47.1069,39.4149,82133
54.8582,53.0801,34750
43.1634,46.0015,18370
59.8717,30.2658,44667
51.8806,45.0061,27554
46.3497,48.0408,533925
54.9998,57.2549,33006
45.3741,44.2198,15838
55.3956,43.8381,109479
56.0925,49.8782,17243
44.9985,41.1147,199548
64.5461,40.5518,349742
43.2929,45.8669,28100
43.1789,44.2946,18313
44.4599,39.7300,40451
55.5519,37.0801,17780
67.5827,33.4134,61186
51.4901,40.4224,19148
55.5549,37.9257,20000
44.8950,37.3162,53600
55.7000,37.4667,30000
54.9040,52.3179,140437
54.5048,37.0670,66885
55.6300,37.8000,78000
50.6309,38.6903,39848
44.7142,43.0008,28006
59.1584,57.5705,15486
56.3973,38.7140,64088
54.8421,46.5813,42156
55.8500,37.4833,52000
47.2633,39.8690,38871
44.8546,38.3031,19468
48.2834,46.1652,44551
56.5234,52.9943,18601
44.9001,38.8426,18209
43.4290,39.9239,70200
43.1922,45.2835,16779
44.8706,38.1576,34668
53.6858,53.6555,21195
55.8301,48.7173,16800
51.5714,34.6832,17007
44.7558,44.9925,27716
43.0425,44.2202,19665
47.5273,39.4193,15730
55.5832,37.2602,30000
55.5281,37.5992,32345
43.6697,39.6686,20000
50.4167,36.9167,39680
55.9686,43.0912,63338
41.8918,48.4125,16078
58.6394,59.7896,23834
54.8172,58.4475,34500
62.7644,40.3385,28000
48.5842,45.7338,31922
53.1333,46.5833,62139
44.6442,41.8453,28491
55.6119,37.2961,20000
55.5991,37.3550,15435
66.0087,57.5305,44078
59.8439,30.4511,45664
43.5444,44.5959,46334
56.5033,66.5467,25682
53.7082,84.9431,52209
56.8110,61.3254,27758
53.2542,83.6936,19515
54.4485,61.2643,39200
55.7231,84.8861,84220
58.4507,92.1724,19920
54.7547,61.3208,29849
56.8573,60.6153,1495066
55.8738,85.4338,15197
52.9266,78.5751,21195
56.6532,66.3005,35892
67.5087,64.0667,80039
67.5836,63.7940,18946
58.0450,60.5510,48992
56.9705,60.5822,59061
56.0549,60.2257,33245
55.3175,89.8313,15637
56.1092,94.5870,71354
60.1304,64.7890,39878
57.1522,65.5272,768358
58.0457,63.6960,18555
54.0922,61.5676,82338
55.2771,85.6135,30572
56.5005,84.9822,574002
55.2380,84.4028,21886
58.1981,68.2546,113800
55.9328,97.9896,37766
56.0654,85.6218,24328
58.0420,65.2716,39480
55.2213,75.9815,25150
52.7680,87.8880,22779
64.9161,77.7746,18568
56.8960,74.3694,26986
69.4865,88.3972,59051
53.8215,83.5706,18900
56.8804,60.0213,19100
57.0109,63.7335,18602
56.5017,60.8198,21942
53.7846,82.3160,15365
61.2576,73.4177,300367
56.9083,62.0343,36329
60.7333,77.5889,44784
56.9892,60.4666,20169
61.3614,63.5842,23685
56.1218,93.3381,31632
53.0000,78.6473,34141
53.3236,91.9361,18770
55.2287,63.2855,18499
55.5400,89.2006,42773
56.0862,63.6382,79479
59.5974,60.5861,98438
53.0998,91.4074,49939
66.5337,66.6095,49214
51.5147,81.2061,161065
57.3712,61.4040,37420
57.0901,61.6769,17673
54.9144,85.6397,17216
53.9152,86.7189,219000
61.0014,71.8919,28080
54.6034,86.2758,28026
56.4422,60.1878,65770
54.3691,60.8136,17050
53.6036,87.3320,48919
54.9924,73.3686,1172070
54.9888,82.7134,24238
62.1406,65.3936,52137
63.1931,75.4373,110000
66.0833,76.6333,94212
53.3097,83.6239,15241
55.0226,82.9317,1612833
53.7575,87.1360,539616
53.4143,83.9411,61050
69.3535,88.2027,140800
58.0776,60.7202,17473
60.9344,76.5531,244937
54.9072,99.0340,38723
57.4923,60.2141,25900
61.0998,72.6035,112632
56.0114,90.4166,55252
65.5333,72.5167,46339
53.7163,87.7965,44082
53.7012,91.7080,72781
55.0455,60.1076,167500
53.6899,88.0622,101026
61.0343,76.1068,48691
52.0027,85.8974,15428
56.2098,87.7317,43122
54.4589,83.3764,21816
58.2354,92.4835,65945
54.6567,86.1737,109023
66.6572,66.4183,27067
51.7111,94.4378,116983
55.7163,60.5510,41625
55.4478,78.3191,48308
54.9097,64.4319,17936
55.4490,65.3434,309285
54.3668,77.3068,16333
52.5649,78.9391,15345
56.0374,92.9314,1090811
58.3638,60.0407,27257
59.7666,60.2086,62600
54.9198,82.9909,16894
54.8915,61.3920,40046
55.1169,61.6181,70780
61.3123,63.3307,30878
58.3201,82.9030,27876
58.6063,99.1740,15670
55.0136,82.2078,16446
53.9900,86.6621,104000
57.4313,60.0617,22685
61.0019,69.0273,101466
55.3542,86.1043,558973
55.5214,86.0951,17752
69.3786,87.7439,27295
56.2885,62.5812,15619
55.8875,60.7548,17911
53.0596,60.6412,28503
59.7683,60.0062,30070
53.7395,78.0439,28589
55.4895,60.2088,15630
56.2022,95.7185,101502
56.8466,62.7121,28006
56.4063,61.9335,182500
53.7890,81.3320,44564
53.5278,87.2758,25903
55.0522,74.5787,24059
60.6911,60.4206,19379
54.6426,83.3035,61827
54.9121,71.2718,20050
56.1125,69.4872,67762
57.6686,63.0707,41647
66.0317,60.1659,32080
56.2354,96.0667,16668
54.2841,85.9481,25000
50.9953,81.4669,15668
51.9606,85.9189,63214
69.4058,86.1778,23619
55.9392,92.3751,30018
56.7040,60.0879,15294
56.0919,99.6356,16199
53.8288,91.3095,71582
54.2239,83.3806,20125
55.1611,61.4288,1202371
54.9776,60.3658,46502
57.0410,65.7202,15406
55.9076,94.9118,19602
55.6734,84.3946,17704
56.2045,89.5332,23622
56.7767,62.0507,32270
52.5342,85.1966,215430
56.9083,60.8019,47000
55.6695,86.2749,55000
56.0371,93.1268,20913
54.7535,83.0962,90250
61.2649,73.2410,16772
63.7119,66.6722,20087
54.4212,86.2991,75764
53.3620,83.7279,632372
55.3507,78.3587,31508
56.9992,86.1552,27070
57.0082,61.4634,74583
57.3542,61.8712,33700
56.6977,60.8369,15237
56.0757,86.0243,82526
52.4963,82.7747,28019
57.8500,61.6941,44000
54.8523,83.1060,50000
56.2679,90.5015,117634
52.6530,90.0945,18094
53.7154,91.4259,184168
56.0783,60.7478,50086
55.7556,60.7028,81023
56.2511,93.5314,93834
57.2548,60.0905,93849
56.6006,84.8864,109844
64.4340,76.5026,20463
62.0961,77.4750,47679
63.7898,74.5230,39137
61.6195,72.1555,38200
53.9202,102.0442,33323
56.5767,104.1297,28456
53.7359,127.2560,26999
62.0311,129.7229,235600
47.5334,134.7578,15247
42.7301,133.0838,20000
43.1056,131.8735,604901
56.1213,101.1777,22500
56.7979,105.7866,48202
58.0006,102.6619,100271
43.8047,131.9573,157068
52.7519,103.6453,85900
51.8265,107.5998,360278
66.4299,112.4021,15266
55.1494,124.7368,37335
54.5676,100.5766,51330
43.3027,132.0789,18484
42.9710,132.4103,25827
51.3750,128.1401,61017
44.6006,132.8204,45265
51.6621,103.7100,18809
52.0032,127.6762,21466
52.2159,104.0993,47459
55.6383,109.3271,25800
49.7957,129.4035,23745
51.2758,108.8471,19713
43.1199,133.1232,42489
56.6584,124.7250,66320
51.9798,116.5869,15360
42.8436,132.9183,146920
62.5353,113.9611,40308
46.4446,134.2934,21833
45.4717,133.3983,41778
60.7238,114.9345,23694
50.3496,106.4510,18431
50.0928,118.0322,54316
50.5503,137.0100,275908
48.4620,135.0971,618150
44.2716,135.0514,16945
52.2957,104.2908,623869
51.2833,106.5000,24083
45.9315,133.7391,28300
52.0431,113.4917,349005
50.3357,127.5121,18538
53.1474,103.0819,57395
50.3914,116.5336,30421
43.1112,132.3502,40387
57.8535,114.2041,15933
50.2759,127.5264,225091
48.7930,132.9203,73623
46.8129,134.2501,19659
50.9124,128.5124,67911
51.5150,104.1402,15600
65.9338,111.4834,15267
43.3576,132.1914,102300
44.1570,133.2733,58700
52.5597,103.9141,243158
50.2322,136.8970,46993
58.6123,125.4000,24426
51.1075,114.5417,17496
44.5575,135.6209,38424
56.1325,101.6142,256600
54.1129,102.1777,43949
48.4379,135.1299,578303
52.2067,104.2177,17756
52.9320,158.4058,25204
46.9543,142.7356,198973
53.1894,158.3828,40692
49.0982,140.2521,18618
48.9721,140.2888,29740
49.2204,143.0912,16677
53.0639,158.6275,181216
53.5940,142.9528,26560
53.1466,140.7229,27152
46.6796,141.8559,17000
59.5627,150.8021,92782
46.6353,142.7758,35091
47.0461,142.0494,32681
64.7342,177.5103,15604
54.6546,19.9093,34540
64.4460,40.6531,28571
55.5953,37.0523,33700
55.5907,37.5952,142000
55.5766,37.6671,30000
55.6125,37.7264,144000
55.8096,37.7874,50000
62.2654,74.4791,57800
60.7499,72.8582,41500
61.2544,75.2124,40000
57.6198,63.0784,55100
55.7553,38.0958,27000
56.0038,40.3391,17811
62.4397,71.7603,15204
61.7198,75.3683,17084
60.9794,76.9242,18000
53.7383,52.9392,85566
60.1656,29.9080,70589
59.9859,30.3034,56429
60.0122,30.2090,50000
59.9657,30.3115,130455
59.9409,30.2538,203058
60.0696,30.3487,66693
59.9967,30.3899,504641
59.9731,30.4761,337091
59.9230,30.3000,157897
59.9709,30.2579,20000
60.0138,30.3947,103304
59.9682,30.3641,72292
59.9311,30.3607,214625
60.0028,30.3305,85508
59.9850,30.3429,39318
55.8801,37.5576,95000
55.6274,37.8580,47163
55.6591,37.5229,85616
61.6063,73.7142,23375
54.0498,57.8171,15861
42.9856,47.4039,15691
53.9962,86.6485,83431
-1.9487,30.4347,47203
-1.4998,29.6350,153368
-2.2246,29.7909,21478
-1.2952,30.3226,100000
-2.0227,29.7069,82797
-2.1057,29.9417,18586
-2.4790,29.5564,33832
-2.2647,29.1964,25647
-1.9500,30.0588,1132686
-2.0603,29.3478,48024
-2.1597,30.5427,46240
-2.0744,29.7567,87613
-2.4640,29.5739,21029
-2.4846,28.9075,43866
-1.8544,29.9624,43744
-2.4036,29.0059,28064
-1.8628,29.6254,38823
-1.9495,30.1697,41764
-2.3155,29.1415,40341
-2.5169,29.0326,32504
-1.7028,29.2564,172357
-2.4195,29.0908,29680
-1.5763,30.0675,43134
-2.5967,29.7394,62823
-1.5584,29.5434,28264
-2.6924,29.0077,31086
-2.4045,29.1606,17967
-2.1139,29.4022,24859
-1.6101,29.4450,15134
-1.6111,29.4969,19021
-1.5394,29.5558,15695
-1.9509,30.5205,27059
-2.2933,29.1877,33319
-2.3169,29.2441,29726
-2.3429,29.0912,39994
-2.3541,29.0298,29293
-2.3871,29.1929,26996
-2.4421,28.9824,22624
-2.3519,29.7509,32016
-2.2042,30.1449,21509
-2.2190,29.2343,29843
-2.2386,29.2929,20043
-1.2929,30.4077,15732
-1.9657,29.9846,16369
-1.2955,30.3230,18038
24.0895,38.0618,200161
25.0213,37.2685,33874
31.6725,38.6637,40819
31.6720,38.6630,66014
21.2141,41.6331,23235
27.6223,38.5388,37579
26.5733,50.0403,85371
28.3998,36.5715,667000
30.4999,38.2160,40019
26.1000,44.0000,183319
24.4926,39.5857,946697
25.2402,45.2510,32215
26.4835,50.0485,66702
16.5960,42.9444,26945
29.9697,40.2064,128332
26.6497,49.9552,45876
17.1495,42.6254,54108
25.5639,47.1641,25031
26.7079,50.0619,41188
22.7986,39.0349,72928
20.0005,42.6052,81828
17.4933,44.1277,505652
21.4266,39.8256,1578722
23.4997,40.8841,20272
22.2921,46.7238,29698
22.1555,39.3201,20139
18.3000,42.7333,387553
16.8892,42.5511,105198
21.4901,39.1862,4697000
24.6803,46.6111,42179
29.2863,34.9469,25649
27.5219,41.6907,605930
28.4328,45.9708,271642
17.2806,43.1373,29793
27.3513,35.6901,22000
26.3260,43.9750,745353
25.9340,49.6688,29474
27.9065,42.3890,19659
23.7829,38.7905,27257
26.2995,44.8154,125000
26.2886,50.1140,99540
25.3623,49.7276,21386
21.2703,40.4158,688693
26.2602,50.2049,248888
20.4607,45.5779,24097
24.6877,46.7219,4205961
25.8694,43.4973,81728
30.9753,41.0381,148540
19.1455,42.1201,24153
31.3318,37.3428,102903
26.5196,50.0271,20038
26.2309,36.4649,26636
26.4983,43.6312,15619
26.6085,37.9232,32413
28.3112,46.1273,20685
26.5654,50.0089,98259
25.3833,49.6667,16296
25.4077,49.5903,290802
25.8601,44.2223,33341
24.4686,39.6142,1300000
20.1480,40.2722,72000
26.2794,50.2083,165799
24.1554,47.3346,425300
28.4391,48.4913,54857
26.0718,43.6250,16906
21.6195,39.6966,22207
27.0174,49.6225,237274
25.3647,49.5876,293179
26.1392,43.6578,43229
25.4333,49.6333,16606
20.0129,41.4677,88419
26.5914,49.9795,26276
20.6500,41.4167,19269
23.9065,42.9172,45525
24.7519,46.5387,61609
23.9910,47.1618,35371
24.5077,44.3924,54474
26.4344,50.1033,1252523
16.9689,42.8325,49171
18.2164,42.5053,210886
28.2585,42.9246,28279
25.9855,43.7366,48474
22.2827,39.1125,26957
21.0727,40.3184,72190
19.5773,41.9636,100000
26.0667,43.5534,25588
18.9297,41.9295,75351
18.0890,43.1320,19855
-9.4322,160.0061,32712
-9.4306,159.9210,26009
-9.4333,159.9500,56298
-9.4411,159.9700,20783
-9.4420,159.9888,18753
-9.4250,160.0533,15560
-9.4467,159.9455,24592
-4.6200,55.4550,22881
19.1816,30.4769,56167
12.9092,23.4706,35061
14.4012,33.5199,332714
13.3167,33.7667,20302
12.9061,31.2158,56833
15.6445,32.4777,1849659
11.0904,24.5301,41807
18.4254,37.7290,37051
13.0167,31.8667,31329
18.8405,36.8351,35617
13.1483,33.9312,250000
16.6915,33.4341,63746
19.1059,37.3321,42456
13.5691,33.5672,130122
14.7597,33.3675,28374
11.3000,23.8833,24768
13.1809,32.7400,135281
12.0489,24.8807,565734
14.1333,25.5500,50165
13.4167,33.6667,28727
14.2000,24.6667,34694
13.1629,32.6635,345068
18.5500,31.8500,19593
14.0361,33.1712,26233
14.9667,35.9167,42900
15.4510,36.4000,401477
12.5097,24.2852,55255
11.0111,29.7183,87666
13.6500,24.0833,42376
18.9533,36.8336,30856
15.3302,35.5985,63589
12.1500,27.3500,22733
13.5167,35.7667,19821
12.0500,29.6500,59089
19.6175,37.2164,489725
10.8583,25.1592,65473
18.0216,33.9830,26203
13.7000,30.3667,16969
11.3333,27.8000,32759
17.7022,33.9864,112021
13.3167,33.8833,33524
11.8659,34.3869,58712
12.7167,30.6500,36518
12.7000,28.4333,108008
13.1842,30.2167,393311
14.8648,32.3668,18321
14.0349,35.3834,363945
11.0333,27.7333,40418
14.2459,32.9891,128297
15.6493,32.5346,1012211
15.5518,32.5324,1974647
13.4748,22.4574,134264
13.4526,22.4473,162981
14.9398,33.2340,17345
13.4167,34.6333,30184
14.7526,33.2984,47408
11.7329,28.3579,26020
13.6279,25.3494,252609
18.2620,33.9081,19141
14.0012,32.3116,87068
11.4619,26.1258,264734
13.2000,34.1667,15144
17.5990,33.9721,103941
11.7891,34.3592,186051
9.5953,28.4349,20000
12.3500,29.2500,23317
11.4562,31.2285,47188
11.2754,25.1403,120000
13.3193,32.6132,21683
13.3340,34.0927,25567
14.3973,35.8667,21106
14.1078,34.0920,30629
14.7278,32.2693,26893
13.4755,22.4853,55637
12.4388,25.5811,48966
63.8284,20.2597,130224
64.7507,20.9528,35516
65.3172,21.4794,23067
65.5841,22.1547,77832
67.8557,20.2251,17037
65.8252,21.6886,16830
55.4297,13.8204,18806
57.6409,18.2960,23402
56.8777,14.8091,71282
57.6467,11.9294,15924
57.7584,16.6373,21178
59.6162,16.5528,127799
59.3500,18.0333,58458
57.1860,14.0400,19061
57.1056,12.2508,34248
58.3807,12.3234,23119
59.5344,18.0776,31937
59.8588,17.6389,177074
59.5184,17.9113,36534
58.3478,11.9424,34781
59.1986,17.8332,40832
59.2000,17.9000,16000
58.2837,12.2886,48573
55.3751,13.1569,29316
59.4439,18.0687,58123
62.3913,17.3063,57606
59.3613,17.9711,34529
59.3294,18.0687,1515017
55.6428,13.2064,15373
59.3600,18.0009,66909
59.4280,17.9509,139606
59.1955,17.6253,70777
59.3128,18.0758,127323
58.3912,13.8451,36842
60.6167,16.7667,24724
59.3871,17.9275,19349
59.3659,17.9957,16877
57.7395,12.1064,28648
63.1792,14.6357,49806
59.3388,18.0849,36418
57.2645,16.4484,18287
63.2909,18.7153,32493
59.2741,15.2066,155989
58.7530,17.0079,38780
59.7580,18.7050,19365
58.5942,16.1826,93765
57.6531,14.6968,17719
59.3105,18.1637,25170
58.5371,15.0365,30944
57.6589,12.1179,17579
57.6554,12.0138,59430
59.6216,17.8548,27034
58.7097,13.8237,16122
55.6059,13.0007,362133
55.7058,13.1932,87244
60.1496,15.1878,15245
56.8332,13.9408,15785
58.4109,15.6216,166673
58.5052,13.1577,22988
59.3667,18.1333,42466
57.7705,12.2690,26913
55.8708,12.8302,32229
59.3318,18.0412,69363
57.4872,12.0761,18698
57.8710,11.9805,24101
59.1277,15.1434,16663
59.3098,14.1081,18557
56.0313,14.1524,39762
59.5140,15.9925,18355
57.5073,12.6946,15019
58.9959,16.2072,23283
59.3793,13.5036,61492
56.1616,15.5866,66675
59.3267,14.5239,27490
56.1706,14.8619,20112
56.6616,16.3616,38408
57.7814,14.1562,112766
59.4227,17.8351,24046
57.7860,14.3021,21500
61.7274,17.1056,16081
59.2371,17.9819,90182
56.0467,12.6944,104250
56.1591,13.7664,19309
59.3800,17.8087,19000
62.6323,17.9379,25012
59.1677,18.1448,74968
56.6745,12.8568,70480
59.3268,18.3897,20774
57.7072,11.9668,608462
60.6745,17.1417,74884
59.8982,17.6339,17973
60.6036,15.6260,37291
58.1735,13.5507,17170
56.9055,12.4912,24099
55.8393,13.3039,18592
59.3666,16.5077,67359
59.6361,17.0777,22553
59.4040,18.0238,32425
59.3400,17.9400,72000
60.4858,15.4371,41955
57.7210,12.9401,71700
59.3333,18.2833,24052
57.7667,11.8333,23088
59.2978,18.0514,16807
56.2428,12.8622,23240
57.9303,12.5335,26329
59.4794,18.2997,32659
57.6919,11.9161,29254
59.3939,17.9011,17083
1.3911,103.8514,28350
1.3966,103.7474,40390
1.3333,103.9333,276990
1.3361,103.8500,120650
1.2833,103.8328,15120
1.3492,103.8436,29390
1.3167,103.8167,21810
1.3581,103.9403,265340
1.4381,103.8267,20000
1.2897,103.8501,5638700
1.3639,103.8575,36080
1.3628,103.8975,116900
1.4508,103.8286,110090
1.4144,103.9069,199400
1.3539,103.8906,16920
1.3994,103.9028,52200
1.4325,103.7741,22000
1.3786,103.9717,15340
1.3778,103.7442,39370
1.3783,103.9319,145150
1.3778,103.9594,15340
1.3223,103.9113,130252
1.3333,103.8667,101290
1.3594,103.7228,26150
1.3195,103.8869,110201
1.3280,103.7910,77860
1.2842,103.8231,151250
1.2872,103.8083,19820
1.3110,103.6940,19160
1.3504,103.8487,87320
1.3590,103.7637,158030
1.3567,103.8908,227560
1.3289,103.7399,78600
1.3342,103.7228,262730
1.3503,103.7228,257470
1.3375,103.9092,37150
1.3271,103.8841,28360
1.2825,103.8381,18340
1.3508,103.8708,116900
1.3411,103.9561,39450
1.3492,103.9497,259900
1.4333,103.8311,221610
1.4380,103.7888,255180
1.3761,103.9017,32290
1.3031,103.9078,46690
1.3803,103.8397,159340
1.3797,103.7647,138050
1.3264,103.9417,276990
1.3158,103.7647,92420
1.3722,103.9478,54420
1.2942,103.8025,95930
1.2747,103.8117,19320
1.3825,103.7497,190890
1.3170,103.8438,49330
1.3225,103.8982,29920
1.3917,103.8944,244600
1.3844,103.7706,26420
1.3825,103.7679,25000
1.3798,103.7725,21010
1.2968,103.8084,24160
1.3795,103.7629,29960
1.3852,103.7607,23830
1.3407,103.7730,22960
1.3800,103.7407,33860
1.3803,103.7520,24560
46.1541,15.0518,15163
46.3572,15.1128,24327
46.4201,15.8702,17984
45.8040,15.1689,24446
46.5558,15.6459,96209
46.0511,14.5051,272220
46.2389,14.3556,37966
45.5482,13.7296,25753
46.2309,15.2604,38059
48.8884,21.6848,20595
48.6286,21.7195,22851
49.2986,20.6862,15667
48.9446,20.5615,34855
48.9886,22.1510,22221
48.6601,20.5376,17122
48.3828,20.0224,21434
48.9992,21.2355,82927
49.0614,20.2980,49091
48.7543,21.9195,35874
48.7144,21.2580,225044
49.1357,20.4335,15271
48.9371,21.9163,30450
49.2918,21.2727,30267
48.5744,19.1532,39844
49.2231,18.7394,81219
48.5918,18.8496,16955
48.1383,17.2087,20711
48.3777,17.5860,62806
48.8945,18.0444,58278
48.5636,18.1671,24086
48.1504,17.0900,46080
48.8449,17.2264,15466
48.2912,17.7333,15228
48.6792,17.3670,19355
48.2195,17.4004,20115
48.1513,17.8806,20239
49.0748,19.3075,26671
49.1249,18.3260,16995
48.7745,18.6275,43645
49.1215,18.4217,37483
48.1325,17.2096,23464
48.5948,17.8259,26862
48.2899,17.2666,24443
48.1233,17.1287,112380
48.6286,18.3846,20739
47.9854,18.1620,36781
48.7576,17.8309,19325
48.3076,18.0845,86329
49.0665,18.9240,51139
48.4360,17.0219,18804
48.3325,19.6671,25191
49.0806,19.6222,30162
48.2156,18.6071,30556
48.1167,18.3167,32287
47.7636,18.1226,32287
48.1534,17.0552,35644
48.4317,17.8031,19883
48.7276,18.7601,15694
48.1900,17.7275,15277
47.9927,17.6121,22730
48.1887,17.0352,35518
48.9598,18.1663,21914
49.2098,19.3034,17660
49.4350,18.7889,22655
48.8043,19.6363,19866
48.1482,17.1067,423737
48.7395,19.1493,74590
48.7213,18.2575,16486
48.2071,16.9786,17153
48.1545,17.0461,30000
8.3389,-13.0709,55000
7.9947,-10.9502,16532
8.7661,-12.7870,21308
8.2323,-12.0156,40000
8.8860,-12.0442,87679
8.6844,-12.5350,22461
8.6439,-10.9714,124662
7.8769,-11.1903,143137
9.5889,-11.5526,17948
8.4871,-13.2356,802639
7.8921,-11.9054,16123
7.9647,-11.7383,174354
8.4276,-13.2860,19209
8.4660,-12.2146,15491
12.5680,-16.2733,214874
13.1500,-14.1167,45431
14.8623,-15.8753,1120824
14.9519,-16.8152,102658
14.6333,-16.2333,100289
14.4204,-16.7026,20168
15.9239,-13.6578,15044
14.7833,-16.9667,252320
14.7894,-16.9260,317763
13.7707,-13.6673,149071
12.7081,-15.5569,31511
14.7452,-17.1378,42839
16.0179,-16.4896,254171
14.7154,-17.2733,295459
16.4625,-15.7008,73147
14.7710,-17.0611,23728
14.3575,-16.4123,24146
14.7646,-17.3907,874062
15.6059,-13.3223,27222
13.7500,-15.8000,20784
14.7842,-17.2736,41570
14.5125,-17.0045,47964
16.5129,-14.6471,20270
15.3338,-15.4766,32941
14.7584,-15.9043,77255
15.1097,-16.6218,27566
13.1361,-13.7557,36588
14.4220,-16.9638,284189
15.1405,-16.8868,40811
14.7903,-15.9080,101451
15.6559,-13.2554,27695
15.6187,-16.2244,113365
15.3953,-15.1193,19191
13.9667,-14.8167,20942
13.9833,-14.8000,31149
13.9833,-14.5667,15723
12.8939,-14.9413,103574
14.7636,-16.6916,20321
12.5556,-12.1808,30051
15.3650,-16.4339,19902
14.7667,-16.7000,15587
14.9189,-17.1198,23585
14.1520,-16.0726,298904
15.4916,-13.1763,15244
14.1584,-16.0357,26376
14.1059,-15.5508,57307
14.1731,-16.8493,45903
14.2695,-15.9451,20340
12.5778,-15.8722,18239
14.4841,-16.1138,15630
14.2436,-16.2723,18239
14.3324,-16.4051,39361
14.9586,-16.8700,69556
14.6479,-16.2436,157554
12.9167,-14.1667,26165
15.3484,-15.4799,45530
14.6937,-17.4441,2646503
16.4767,-15.6000,21750
12.8103,-16.2264,28642
14.6870,-17.2281,51188
14.6971,-17.2301,69242
14.4411,-17.0194,41811
14.6941,-17.2353,51188
14.7205,-17.1816,47759
14.6622,-17.4397,34713
14.7745,-17.4021,329659
14.7007,-16.4591,37374
14.7815,-17.3841,35171
14.7162,-17.2728,221066
14.7747,-17.2802,41570
2.6185,44.8938,22022
9.5997,43.3350,22700
11.3539,43.4731,18600
9.9729,43.4276,148702
1.7878,44.5300,51720
11.4720,49.8728,19300
2.0371,45.3438,2587183
1.7159,44.7717,230100
3.8032,42.5442,33820
-0.3582,42.5454,234852
-1.6377,41.5866,79000
0.4883,42.7854,43694
2.7809,45.5005,47086
0.0697,42.7450,42270
9.5600,44.0650,477876
9.7003,43.6244,77320
8.4021,48.4828,57300
6.7697,47.4308,61200
7.9803,49.8164,18904
11.7667,51.2167,200000
2.4085,42.9771,20000
3.1530,41.3357,27000
10.6162,47.3680,33853
3.8488,47.1806,26562
6.2458,46.2247,120000
2.8026,44.0780,27792
3.8537,45.5674,16928
9.5221,45.5336,99270
11.2842,49.1816,74287
9.9361,43.1828,597842
10.4396,45.0143,242344
4.7358,45.2036,55410
3.1138,43.6498,129839
2.3446,42.2764,42240
2.1381,45.1212,65461
5.7690,45.7630,68000
8.4774,47.3597,60100
6.7729,46.7969,26000
6.4317,46.4619,36000
9.8921,43.3853,20000
3.9284,41.8800,73000
5.8344,-55.1377,22747
5.8664,-55.1668,223757
5.7000,-55.2333,18223
5.8000,-55.2000,19538
5.8434,-55.1193,31483
5.8412,-55.1825,17234
5.8289,-55.2020,15819
5.8421,-55.2186,19304
5.8057,-55.1737,17185
5.7881,-55.2090,23211
5.7967,-55.2086,29526
5.8713,-55.2149,16037
4.0944,30.6764,260720
4.5708,28.3942,40382
9.0122,27.5708,300000
7.7011,27.9897,127384
8.7619,27.3919,38745
4.4118,32.5705,20048
7.2739,28.6775,17338
6.8062,29.6774,32083
9.5334,31.6605,160765
8.3031,30.1406,17827
8.3028,27.9800,78000
9.2735,24.4170,16000
4.8517,31.5825,450000
8.5332,28.1004,44600
3.8651,32.4821,49000
6.2089,31.5586,26782
0.3376,6.7299,53300
13.5087,-88.8702,39613
13.3447,-88.4399,51910
13.7102,-89.1399,329708
13.7342,-89.7147,15446
13.7173,-89.7230,59468
13.8758,-88.6273,20386
13.6411,-88.7846,41504
13.4833,-88.4667,15032
13.9883,-89.5568,176661
13.6893,-89.1872,525990
13.3833,-88.3500,19095
13.4826,-88.1821,247126
13.7833,-88.9167,39361
13.6611,-89.1825,54615
13.6941,-88.1041,16152
13.8312,-89.2722,28886
13.2833,-88.5500,19074
13.6774,-89.2833,124694
14.3333,-89.4500,19143
13.7240,-89.1880,160317
13.3392,-87.8433,26807
13.4883,-89.3222,16855
13.7447,-89.6731,19197
13.7017,-89.1094,38890
13.7217,-89.1687,71594
13.7270,-89.1816,44369
13.7197,-88.9331,48411
13.9867,-89.6811,32282
14.0414,-88.9395,19364
13.7354,-89.2022,25426
13.8072,-89.1792,112158
13.6649,-89.2532,33767
13.9240,-89.8434,34102
13.9572,-89.1897,21445
13.5928,-89.8275,22763
33.3341,36.1588,18553
33.9692,36.6573,40502
35.2659,36.7122,29259
34.8890,35.8866,458327
36.4723,37.0947,25658
34.6684,36.2600,29754
34.8407,36.7309,38491
32.7371,36.0665,31249
34.5624,38.2840,51015
36.3481,37.5309,34670
35.2919,36.7485,30716
34.8531,40.5999,25514
32.8267,36.1605,25920
35.8645,36.8059,34231
36.1386,36.4524,31608
35.0113,37.0532,94887
34.8210,36.1177,27815
33.4376,36.0789,18511
32.9913,36.0609,30283
34.1556,36.7428,20656
36.4327,37.5686,51230
36.3787,36.9929,25546
32.8865,36.0391,47066
35.2479,36.5725,17578
35.0653,36.3406,32262
36.5281,37.9549,99497
36.0115,36.6718,32163
35.4421,36.6510,48975
35.3743,36.6033,21845
36.1168,36.5152,22436
35.6138,36.5645,45652
34.8947,36.4958,21819
35.8142,36.3198,39311
33.8071,36.7386,32352
36.8175,38.0111,24997
35.3621,35.9276,65915
33.5372,36.3663,42474
33.0181,36.1283,29076
35.9306,36.6339,128840
34.7240,36.7256,775404
33.5587,36.3651,37348
35.1318,36.7578,460602
35.2601,36.6058,23403
36.2012,37.1612,2098210
33.5718,36.4027,111864
33.5102,36.2913,1569394
36.1569,37.7078,28905
35.3359,40.1408,271800
37.0728,40.6520,21481
33.4584,36.2326,71596
32.6189,36.1021,97969
32.7535,36.1308,29408
35.6740,35.8026,30000
35.9566,36.7138,30354
36.1345,36.7398,25560
35.1819,35.9487,39066
33.7249,36.1005,29549
36.5866,37.0463,66138
36.8909,38.3535,50000
33.6103,36.3107,55561
35.8376,38.5483,87880
32.7090,36.5695,59052
33.0719,36.1832,25702
36.0770,37.3725,63708
34.9267,36.7324,53152
35.9528,39.0079,531952
34.0240,36.7285,49372
37.1042,40.9300,26821
33.7385,36.6007,16118
34.5078,36.5803,41062
33.1260,35.8246,36143
34.2296,37.2407,31748
37.0521,41.2314,50000
35.0198,40.4515,54534
37.1770,42.1401,26311
35.5312,35.7909,709000
33.3581,36.2419,23526
36.5024,40.7477,422445
32.7495,36.3058,23784
36.3705,37.5157,130745
36.5119,36.8695,48693
36.2125,36.7700,21987
34.4523,40.9185,57572
34.6951,40.8314,29237
-26.3167,31.1333,76218
-26.4988,31.3800,110537
21.7825,-72.2521,23769
15.1167,22.2500,47972
12.2264,21.4098,58941
17.1919,21.5808,17240
14.5273,20.9260,33540
11.0433,20.2834,74691
13.4665,22.1988,21950
13.8292,20.8324,139983
9.1456,18.3833,138928
9.3646,14.9072,70677
13.2954,19.6966,37941
12.1067,15.0444,1359526
13.6444,16.4895,35100
8.5744,16.0772,196124
12.1851,18.6884,53768
8.3404,17.7663,17281
9.7639,14.1539,17132
12.9981,15.7319,39944
12.4755,15.4365,28401
9.2235,17.7102,21274
14.1229,15.3119,50681
12.3546,19.6139,15939
11.7302,15.2447,19373
9.6447,14.2151,32721
9.3972,16.3007,27071
9.4515,18.9449,22806
8.9159,17.5505,54109
9.3086,15.8066,82677
10.9176,15.5501,23320
9.6294,15.5132,29742
8.6500,16.5167,30936
9.9146,15.1399,31668
17.9257,19.1043,44011
11.8062,15.8669,18604
8.6639,16.8532,70942
9.7602,16.2698,50113
10.4847,16.7108,16732
10.2809,15.3742,63699
13.4673,14.7135,51389
12.3781,17.0588,26095
11.9801,18.2138,41871
9.3202,16.1552,15431
8.9833,16.3199,17285
8.6289,17.1864,15841
8.6761,16.5660,40289
13.2138,18.3393,29867
16.0667,22.8354,29793
6.3333,1.5333,20569
6.4261,1.2133,55775
9.0333,1.4167,25668
6.5833,1.5000,22304
8.5634,0.9840,24332
8.9833,1.1333,117811
6.9500,1.1667,35039
9.7681,1.1053,23261
10.3592,0.4708,37748
6.1287,1.2215,2188376
6.9000,0.6333,75084
9.5511,1.1861,104207
10.8622,0.2076,58071
11.1039,0.0094,26926
9.2502,0.7821,61845
9.3500,1.2667,22543
7.5833,0.6000,24000
7.5333,1.1333,80683
7.7500,1.2000,37398
6.2280,1.5919,47579
7.8848,98.4001,52192
7.8849,98.3856,23381
12.2708,99.8720,19709
13.1119,99.9447,46601
7.5563,99.6114,66713
8.1645,99.6804,28223
17.6129,99.2161,18459
15.4606,99.8917,16615
13.9612,99.6412,26746
13.9000,99.7667,52907
16.8697,99.1290,24149
9.1401,99.3331,132040
17.0078,99.8230,37000
17.5169,99.7598,25942
17.3160,99.8319,19805
18.6283,98.8957,17773
18.7449,99.1195,32950
8.1791,99.8542,26621
13.5367,99.8171,92448
9.9658,98.6348,24561
12.3849,99.9016,47293
11.8210,99.7841,33521
9.1107,99.2321,25810
7.8906,98.3981,79308
13.6923,99.8497,36248
19.1920,99.8788,21058
18.5262,98.9394,15607
8.4333,99.9667,102152
16.7167,98.5667,44563
20.4335,99.8762,27520
16.9840,98.5166,17316
20.1468,99.8526,37672
15.7510,99.7892,17506
9.9456,99.0785,16142
18.5805,99.0075,43196
18.2923,99.4928,156139
12.0828,99.8543,19046
8.0726,98.9105,31219
13.2402,99.8243,18506
16.0617,99.8606,21889
7.9178,98.3332,34835
14.0041,99.5483,63699
16.4834,99.5215,58787
7.7894,99.6347,16586
12.5707,99.9588,126355
18.6870,98.9194,17931
19.1624,99.9934,23824
13.5183,99.9547,23296
10.4957,99.1797,55835
13.6200,99.5917,15143
19.9086,99.8325,78756
18.7904,98.9847,127240
12.8000,99.9667,49375
14.3252,99.5147,16786
17.0433,99.0813,18384
9.5357,99.9357,50000
7.8875,98.4257,71284
13.8163,99.8774,57559
8.8004,99.3637,21900
17.0172,99.7328,40174
7.9551,98.2832,22296
13.7106,99.8962,119858
11.2126,99.5117,15134
13.6916,99.9298,29548
16.6500,103.3000,17001
17.2675,103.2247,21722
7.2041,100.5451,86899
13.6361,100.3775,24008
14.9833,102.6500,15352
13.6417,100.8327,31153
17.3072,102.1889,31024
15.7941,104.1451,21643
6.8662,101.3689,31111
13.6963,100.5421,81521
6.5400,101.2813,93558
14.5945,100.3383,19129
15.6578,101.1060,39272
15.1932,104.8628,43102
17.2941,103.6382,15760
17.3010,101.7685,15747
14.2269,100.7155,15865
13.5032,102.1812,16299
17.6256,100.0942,58313
15.3794,100.0245,22219
17.4157,102.7859,130531
15.2384,104.8487,122533
12.2436,102.5151,21590
13.7250,100.4851,119708
12.9577,99.9056,42602
14.5674,100.7260,19116
16.1600,100.5966,15528
12.6214,102.0048,22445
17.8500,102.5814,35292
16.2209,100.4198,21895
13.7770,100.4567,105299
6.2595,102.0546,17241
14.8818,103.4936,46673
14.4742,100.1222,53399
6.0298,101.9659,42776
7.1988,100.5951,61758
15.1148,104.3294,44751
13.1737,100.9311,178916
14.8879,100.4046,20046
13.9660,101.5130,100563
17.9285,103.9552,16493
17.4753,103.4575,16825
6.6231,100.0668,34544
12.6664,100.9007,65444
14.5333,100.9167,67763
13.4146,100.0026,35065
13.5475,100.2736,63498
13.5976,100.5972,388920
13.7270,100.2153,37115
13.7370,100.5120,24150
17.1612,104.1472,76237
13.8141,102.0722,28497
6.6388,100.4234,46236
16.0567,103.6531,39328
12.6809,101.2580,106737
13.6822,100.5060,86695
7.7777,100.3213,19780
6.2968,101.7284,16862
14.6059,103.1208,15564
14.0499,101.3686,32600
14.0644,101.5150,59696
13.7582,100.5132,51006
16.8843,101.8847,16079
16.3765,102.1285,17122
13.6585,100.5336,196129
14.7253,100.7954,57008
14.3517,100.5774,50830
13.7019,100.6016,90354
18.1459,100.1410,38538
18.0333,103.1667,15208
16.8248,100.2586,62584
16.4418,100.3488,35760
15.2447,105.2291,19883
16.4190,101.1606,50656
7.6179,100.0779,43522
13.7147,100.4369,122070
13.4680,101.0953,18708
13.7487,101.3489,16057
13.4458,101.1844,21924
14.4574,100.3699,19386
6.8681,101.2501,43690
14.0135,100.5305,24547
8.3511,100.2019,25014
13.9130,100.4988,190272
14.7080,101.4161,48999
13.8607,100.5148,254375
15.1801,102.2570,18399
15.9902,101.0618,27756
17.8785,102.7420,63609
13.7053,100.3492,150218
14.3406,100.8673,41067
13.8559,100.8622,157138
17.2041,102.4407,34401
6.4264,101.8231,47771
14.6377,102.7914,21961
18.7838,100.7790,24670
17.7704,102.1895,19324
15.7047,100.1372,82305
14.9707,102.1020,126391
17.4108,104.7786,34595
13.8196,100.0443,117927
14.2046,101.2130,21309
14.4628,100.6083,15008
16.5453,104.7235,40480
13.7523,100.5434,15815
16.1848,103.3007,51584
14.7981,100.6540,57761
16.7798,101.2422,17309
17.4905,101.7275,35273
12.4816,102.0738,16066
12.1717,102.3949,17198
17.4257,102.5669,24696
16.5410,104.0500,20532
13.7540,100.5014,5104476
13.6533,100.2597,72819
12.7797,101.6483,55619
16.4467,102.8330,114459
14.5254,102.2459,18596
11.7765,102.8857,38099
13.7309,100.5090,73263
14.0647,100.6458,118551
16.7001,104.0902,15184
12.3535,102.4355,38941
15.6556,103.5836,18569
16.2805,101.9542,16996
14.6406,104.6499,36621
16.3384,103.5756,23393
16.4328,103.5066,55102
14.5862,100.9976,30332
16.1086,102.2581,29056
13.9511,101.7177,140056
7.0084,100.4767,191696
13.7775,100.5198,107655
14.9060,105.0784,35669
17.9837,100.0522,17019
15.2085,101.7714,15580
16.5443,102.0992,46335
13.6931,100.5487,48277
16.1895,100.8596,17567
13.3622,100.9835,219164
14.7284,102.1652,23337
12.6096,102.1045,99819
15.8105,102.0288,58350
15.1864,100.1235,15469
15.2000,101.1333,25196
13.6882,101.0716,49741
14.9943,103.1039,28283
15.5855,102.4259,16832
5.7743,101.0723,29604
13.6375,100.4413,61011
16.0167,103.9500,17412
13.9950,101.2210,38245
13.5896,100.3873,125133
14.0946,101.3890,15396
12.6282,101.4376,17414
12.9333,100.8833,116417
17.1427,102.9726,29211
16.0600,102.7310,35583
13.5907,100.1075,41904
14.0560,101.3722,19910
14.1152,101.7819,57466
14.6154,100.7273,15959
13.9774,100.7778,60700
13.7190,100.6815,160671
13.7667,100.4333,19783
16.7585,100.1174,16841
13.7306,100.5239,99273
14.8920,100.3173,15313
13.5430,100.9933,25620
14.2278,100.5759,20484
16.0278,100.3792,15616
14.0219,100.1718,17914
13.0470,100.9289,39620
13.8050,100.4728,78305
16.5783,100.3003,18874
13.7232,100.4760,72321
13.7627,100.4780,117793
13.6630,100.4342,165491
13.6989,100.5124,35838
13.7653,100.6470,147800
13.9178,100.4240,41567
14.3740,100.4853,16588
17.6990,103.2596,19479
12.7254,101.0553,28204
13.3110,101.1121,23509
13.0715,101.0031,26113
13.7942,100.5045,92325
13.6674,100.6421,95912
13.9990,100.5496,27911
13.5833,100.8167,28376
13.7833,100.4833,18514
13.3396,100.9296,36055
13.6928,102.5013,20236
15.8585,104.6288,34769
14.8994,101.7083,28681
13.7904,100.5701,130220
7.8894,98.3852,38701
13.8109,100.5306,125440
13.7167,100.5716,109041
13.7234,100.7844,163175
13.6920,100.4069,193002
13.6935,100.5022,22697
13.7853,100.6696,145830
13.8289,100.5598,160906
13.6772,100.4841,158005
13.7768,100.5790,78175
13.8261,100.6793,88678
13.8872,100.5792,109770
13.8035,100.6075,122182
13.7365,100.5239,53263
13.7800,100.5427,70238
13.7590,100.5336,73035
13.9207,100.6455,188123
13.7702,100.6853,89825
13.7085,100.5262,84916
13.7303,100.6514,115658
13.7832,100.3781,76351
13.6288,100.5096,116473
13.7855,100.6116,114768
13.7298,100.5854,171150
7.8447,98.3390,18072
7.9096,98.4025,33534
13.6631,100.3878,32286
13.6893,100.3981,52144
13.6916,100.4045,38915
13.8878,101.4050,18903
17.3018,101.9538,15137
16.8255,100.2849,30508
13.6618,100.3957,105161
13.7651,100.4986,51231
13.7500,100.5168,79624
13.7549,100.5172,48227
13.7578,100.6474,67798
13.7278,100.7461,173987
14.0546,101.3726,25157
13.7771,100.5508,30476
13.7815,100.5838,25879
13.7928,100.5830,38204
13.8390,100.6114,27465
13.8206,100.5831,38080
13.7878,100.4947,21953
13.8714,100.7372,169489
13.6529,100.3587,22619
13.6472,100.3714,24860
13.7813,100.6451,76934
13.7055,100.3893,59821
13.7067,100.3867,40277
13.8685,100.6453,97658
13.8947,100.6142,94550
13.6934,100.5022,22697
13.8358,100.4600,24225
13.7633,100.4898,24745
13.8064,100.5306,79405
13.8167,100.5159,43005
13.7508,100.4770,29122
13.7506,100.4702,31689
13.7669,100.4826,19882
13.7346,100.4761,53111
13.7884,100.6803,69071
13.8473,100.5637,41238
13.8366,100.5773,20393
13.8035,100.5603,33250
13.8273,100.5553,21853
38.3141,69.0378,17471
37.8054,69.6452,21736
37.7148,68.8346,15215
39.9142,69.0033,273500
39.7745,68.8093,22903
37.8365,68.7776,110800
39.4952,67.6093,35085
37.4922,69.4036,21736
38.5563,69.0135,45693
38.3892,69.3227,18122
39.8815,69.1822,27835
37.9146,69.7845,214700
37.5882,68.6589,18476
37.4904,71.5534,30500
36.7248,71.6133,26000
38.5250,68.5512,23978
38.5358,68.7790,679400
38.0958,69.3400,22824
39.7490,68.9957,23670
37.6145,69.7053,19563
38.4661,68.8053,23696
37.4647,68.1695,30689
38.5127,68.2316,37000
40.5702,69.6418,17600
40.1671,69.5016,16441
40.2826,69.6222,191000
40.2660,69.7959,49200
40.2941,70.4312,211100
40.1265,70.6253,274000
40.2342,69.6948,36900
37.6093,68.5809,22100
-9.3129,125.2565,21539
-8.6119,125.2061,16300
-8.9917,125.2197,22000
-8.5875,125.3419,19000
-8.5586,125.5736,150000
-8.4757,126.4563,16000
-8.7281,125.5664,17356
-8.5217,126.9983,17186
-8.6431,126.3783,16000
39.5108,54.3671,87822
37.3482,59.6143,33315
39.2061,54.5906,30884
38.1586,57.9607,33381
39.2446,55.5154,24500
38.4375,56.2808,15386
39.6341,54.2305,15056
38.0541,58.1972,39481
38.4362,57.4316,37588
37.9500,58.3833,727700
37.8875,58.5160,28653
41.8333,59.6500,36594
42.0795,59.9496,17118
41.6504,59.9164,26770
41.9458,59.9089,21160
40.0222,52.9552,91745
42.3277,59.1544,36754
42.1282,59.6710,21159
41.8362,59.9666,166500
37.2989,62.3597,37705
37.4247,62.3382,16696
37.3834,60.5055,67488
39.4816,62.9137,17762
38.7839,63.8803,17762
36.5238,61.2148,31269
37.5938,61.8303,114680
38.1163,65.0035,21454
37.8357,65.2106,33242
37.8124,66.0466,34745
39.0733,63.5786,234817
37.6185,62.1671,70376
41.1875,61.4036,21021
38.0713,58.0656,40524
35.7855,10.6273,20992
36.4029,10.1429,20798
36.8341,10.0406,57851
34.4888,8.2687,21431
36.8190,10.1658,693210
37.1596,9.7606,21139
33.9197,8.1335,37370
32.9297,10.4518,66924
35.5724,8.6703,18230
36.7833,10.6333,22151
35.8917,8.5528,19362
36.8293,9.8393,27545
33.8455,10.1142,16931
35.6402,10.9673,37485
36.9544,8.7580,19770
35.8254,10.6370,221715
36.6964,10.4917,37749
36.8774,10.2468,129693
35.2315,9.1232,23764
36.0850,9.3708,31251
35.0382,9.4849,47595
34.7000,10.6950,33419
34.8019,10.7636,53239
34.7944,10.8062,38002
35.7749,10.7946,64222
34.7406,10.7603,280566
36.6793,10.2919,33421
37.2157,10.1253,28574
36.7695,10.2747,59998
35.4181,10.9947,36274
36.5989,10.5003,23881
36.5786,10.8586,38902
36.8476,11.0939,58524
33.7044,8.9690,26310
35.6477,10.8905,49376
36.8611,10.3316,17010
36.3742,9.9065,23561
37.0629,10.1183,18211
34.4250,8.7842,95242
33.8815,10.0982,110075
33.8731,7.8777,21720
36.4561,10.7376,70437
33.8081,10.9923,32000
35.7517,10.6908,18996
37.0404,9.6656,32492
35.7292,10.5808,72953
36.7692,10.2364,26720
36.7822,10.9875,38908
37.2362,9.9145,22231
36.6831,10.5843,18551
37.1537,9.7859,54536
37.2374,9.8631,19085
36.8101,10.0956,32005
36.6496,9.6123,22287
33.3550,10.5055,71406
36.5011,8.7802,51408
33.5040,11.1121,79316
35.6223,10.7570,50275
33.8758,10.8575,75904
35.8609,10.6031,42691
36.7287,10.3416,47760
36.8192,10.3065,79795
36.4479,8.4413,19574
33.9406,10.0644,28051
36.7005,10.1685,45107
34.9453,8.5679,29572
33.4663,9.0203,30245
37.1667,9.7500,18551
36.4680,10.7517,42140
36.6073,8.9698,20818
33.1378,11.2196,66567
36.7545,10.2217,88322
36.8106,10.1348,71961
37.2744,9.8739,138430
36.4692,10.7822,21624
36.6504,10.5900,15439
36.7256,9.1817,61568
35.5006,11.0606,44349
35.5752,10.7346,16806
36.7558,10.1183,109672
35.2372,11.1150,22227
36.8601,10.1934,114486
34.3827,8.1555,26976
35.7092,10.6740,18287
35.6781,10.0963,139070
35.1676,8.8365,84365
34.3992,8.8040,33729
34.7908,10.7206,40862
35.8224,10.5574,34548
35.8728,10.5372,53323
36.7590,10.0170,19834
35.7780,10.8262,93306
35.6333,10.9000,57111
36.6745,10.1563,66593
34.3208,8.4016,38634
36.8782,10.3247,92987
33.8168,10.9923,63528
34.5275,10.5008,15878
35.5047,11.0622,51803
36.8358,10.3164,74132
34.7088,11.2147,15501
36.1742,8.7049,53596
36.8311,9.9242,28660
35.3000,10.7167,21544
36.4000,10.6167,97579
33.8915,9.7963,73512
35.6174,10.9947,17850
34.8000,10.7833,43333
37.1691,10.0348,18359
35.8691,10.5653,27200
33.7264,10.7566,24294
36.4477,10.7557,60192
34.7844,10.7439,26304
36.7461,10.3083,34962
36.6970,10.3865,31858
35.6901,10.6760,21814
36.8948,10.1860,94961
36.7136,10.2096,104538
35.7901,10.5826,17409
36.8075,10.1106,26787
36.7251,10.2350,40101
35.6991,10.7952,16078
33.8722,10.0552,17248
36.8477,10.1108,58641
36.8266,10.0897,82532
36.8325,10.1099,84312
-21.1368,-175.2011,22400
37.5736,44.2872,71729
39.8200,34.8044,87881
38.1557,36.2576,15242
37.3381,40.8174,32072
36.9535,36.1984,26316
39.6381,34.4672,35294
37.3850,27.2564,26000
37.3402,28.1428,19020
38.2956,31.1778,39145
38.1023,35.3570,25019
37.2235,39.7552,154163
39.1737,41.4540,18691
38.4946,43.3832,525016
39.7095,39.7002,39591
38.6735,29.4058,369433
38.3229,26.7640,45199
38.6296,34.9120,16642
37.1671,38.7939,449549
36.4130,35.8903,109550
38.4953,27.6997,103292
39.0992,39.5435,35161
38.1820,27.3350,50303
38.0888,27.7351,47220
39.5424,29.4987,52182
38.4922,42.2827,73222
36.3214,33.8817,15184
36.9177,34.8928,350732
38.6908,35.5538,36890
39.9136,28.1578,24816
36.9761,38.4253,101178
39.8101,35.1860,62862
39.1855,27.6094,65934
38.9652,41.0544,15303
37.7482,27.4061,68230
37.7550,39.3167,175341
39.7483,37.0161,264022
37.5139,42.4543,67662
39.0882,28.9777,34909
38.1371,41.0082,65956
37.2438,42.4635,114645
36.3778,33.9344,75315
37.9293,41.9413,114034
37.4193,31.8453,51089
36.3614,36.2136,16753
36.9175,31.1046,36925
38.9393,33.5386,44101
38.1044,30.5486,15919
37.3051,44.5742,18978
37.9514,27.3685,29101
38.1975,26.8388,19596
39.3519,36.4098,23800
38.0794,31.3664,32771
37.9245,28.9252,18937
38.4647,30.2695,42981
36.0801,35.9760,123447
38.4826,28.1477,119311
36.2679,36.5675,56995
39.5772,32.1413,93262
37.4868,37.2996,23850
39.2249,42.8569,87451
39.9798,41.6700,24553
37.0742,36.2478,202837
38.7373,34.0387,31144
36.8391,28.7646,19741
38.2278,27.9696,67153
37.0703,41.2146,88977
37.0097,37.7942,82308
37.9658,34.6793,91039
38.6250,34.7122,75527
37.9163,28.3223,119370
36.6439,33.4389,49397
38.7316,41.4848,82536
37.2181,28.3665,92328
39.0615,34.3829,16522
37.3164,27.7839,43193
37.4191,41.3391,76268
36.8120,34.6389,537842
38.6075,27.0694,53489
36.8550,28.2742,33731
37.3131,40.7436,129864
38.6120,27.4265,243971
36.7867,31.4409,99254
39.1465,42.5354,26108
38.3502,38.3167,806156
36.4946,32.0909,24227
38.4582,40.6389,16336
39.4242,29.9833,185008
37.8601,27.2571,63177
37.9253,41.6849,32114
36.3257,30.3030,30339
39.0951,33.0799,47037
38.4975,41.0067,26569
38.5473,28.6498,31100
38.5080,27.0554,21784
38.1912,41.4778,29502
37.4552,35.8157,88115
38.7188,39.8627,22976
37.0650,30.1957,20465
37.8713,32.4846,1433861
36.5925,31.8954,17966
38.4000,27.1000,332277
37.1884,40.5772,150174
37.5810,29.2664,17169
39.1458,34.1639,150700
39.1064,27.6693,27053
39.8453,33.5064,186960
36.4994,36.3576,60916
37.0500,35.2333,45476
36.7161,37.1150,111648
39.6731,33.6136,49679
36.5978,30.5606,17300
38.4262,27.4173,30411
38.7322,35.4853,1434357
38.4577,27.1142,339624
37.7160,33.5506,49509
37.1811,33.2150,175390
39.7147,43.0401,124483
38.9518,40.0271,29735
39.3436,42.0992,20467
39.3575,33.7239,28605
37.7855,38.6237,97875
37.5847,36.9264,384953
37.3739,36.0961,70248
38.2397,32.2114,15301
38.4127,27.1384,2938292
37.7644,30.5522,172334
36.5872,36.1735,251682
37.8522,27.7236,18572
37.2651,35.6572,31916
38.2792,31.9139,27423
39.9237,44.0450,101700
37.3348,41.8894,22960
38.2250,42.4183,15302
39.3577,41.6925,35472
37.5869,38.9550,16990
36.2080,36.1279,27057
36.9878,32.4567,20110
38.6463,35.4494,21167
38.5758,42.0156,25826
39.7904,32.8090,165201
37.7836,37.6367,28078
38.0210,36.4973,34243
38.7477,40.5534,22493
39.1834,36.0719,16916
38.9939,29.3913,22058
36.2694,32.3179,18371
37.0594,37.3825,2130432
38.6703,26.7566,15189
36.6404,29.1276,60437
39.7856,26.3408,15677
39.9821,32.8246,32156
39.7767,30.5206,789023
39.9086,41.2769,767848
39.7392,39.4901,150714
36.6404,32.8918,16986
38.2690,39.7545,52684
37.5133,34.0467,92117
36.6050,34.3084,46570
39.0259,43.3596,91915
39.0197,31.1500,20063
39.3430,29.2585,23812
36.7358,29.9178,16587
39.9208,33.2308,25394
38.2059,37.1983,80456
38.6743,39.2232,443363
37.8746,30.8504,16891
39.5961,27.0244,40777
39.5860,28.6257,17532
36.8392,36.2302,56513
39.5469,44.0842,70171
37.9136,40.2172,1791373
39.5406,43.6713,18172
38.0650,30.1656,35359
38.3906,35.4922,35868
37.7742,29.0875,313238
39.0461,28.6589,21378
37.5462,41.7165,20793
38.5458,37.5058,20388
37.5732,32.7745,45657
38.2496,27.1343,21965
37.5744,43.7408,77699
37.3302,42.1848,134041
37.6127,28.0591,21327
36.8472,40.0500,31488
37.0247,35.8175,96303
38.3261,26.3057,21316
38.1354,39.4450,20975
38.5917,31.0286,34215
39.6064,40.9684,15556
36.5086,32.0828,15445
37.7452,37.2862,15530
38.4965,27.0703,194525
39.5004,26.9727,38083
37.7203,30.2908,95436
39.0866,42.2716,31430
37.4592,30.5950,29234
36.1082,32.9611,28456
39.9078,30.0367,55365
37.3625,38.5267,21502
37.8906,34.5589,32435
38.7111,31.0486,55870
37.0383,27.4292,39317
38.4012,42.1078,53023
37.8451,40.6593,74493
37.0258,37.9784,44284
38.8847,40.4939,128935
39.3925,28.1311,15242
37.6773,31.7246,44460
37.6928,37.8611,41892
39.1207,27.1805,57200
36.4887,36.1949,20113
36.8631,31.0654,73260
38.2174,27.6474,16850
37.8874,41.1322,452157
38.5687,38.8163,15922
38.7371,29.7519,17080
39.6492,27.8861,238151
38.5163,27.0475,19082
39.3193,26.6934,70002
37.8450,27.8396,163022
39.9208,40.6950,15462
36.9081,30.6956,1344000
36.2066,36.1572,210000
39.9199,32.8543,3517182
36.0751,32.8369,57128
38.7998,26.9720,44883
38.3508,28.5172,48147
36.5438,31.9998,364180
38.3575,31.4164,64446
38.3725,34.0254,247147
38.9185,27.8401,84659
39.6603,35.8836,23048
38.9473,38.9423,84366
36.7111,38.9475,32114
38.7489,42.4801,64695
38.7567,30.5433,251799
38.2477,36.9140,39613
37.7644,38.2763,267131
38.7991,42.7316,52781
36.9862,35.3253,1816750
36.2353,36.2146,18445
36.6411,36.2142,17495
39.9683,32.7308,300000
36.7659,28.8028,19292
41.4514,31.7931,101749
40.3031,35.8864,55680
40.9944,28.9042,288743
41.1981,29.0303,22558
40.9533,39.8555,19770
40.2644,29.6531,28656
40.7670,29.7828,90580
40.6550,29.2769,71289
40.9889,28.6758,28811
41.1436,35.4547,25155
41.0458,39.2764,37728
41.2691,26.6860,36470
41.0227,29.0137,524452
41.1405,37.2885,77585
41.0164,29.1248,573265
40.3875,36.0811,110884
41.0050,39.7269,244083
41.0155,34.0401,24013
40.3139,36.5544,129702
41.0069,38.8139,17124
41.2092,36.9739,28397
41.0293,28.5498,21699
41.2117,36.4600,17226
40.9781,27.5110,122287
40.7597,36.3225,19253
41.5098,34.2141,17491
41.1336,29.0464,17852
40.1600,38.0841,25820
40.9059,40.1279,20039
40.1675,34.3739,37526
40.8313,35.6479,47572
41.0605,28.9872,314684
42.0268,35.1625,34834
41.0739,28.2464,53167
40.2883,38.4236,47360
40.3277,42.5870,23665
40.6914,30.2674,25224
41.2798,36.3361,394050
41.2508,32.6942,35242
41.0208,40.5219,119828
40.3572,30.0142,15708
40.9782,34.8047,36443
40.4892,29.3089,51792
40.9778,37.8905,229214
40.5395,41.9872,23504
40.9406,40.2592,31951
40.5917,36.9517,49865
40.1859,31.3518,19106
40.0382,28.4087,101412
40.3752,28.8838,23161
41.0149,28.5608,31002
40.8733,35.4631,50658
40.9357,29.1551,427040
40.8910,26.9020,27427
41.4017,27.3575,90899
40.8744,37.2639,32174
40.8247,37.3467,16733
41.0534,30.8528,15076
40.4697,32.6506,17975
41.7351,27.2252,58223
40.1983,29.2124,36185
40.8552,26.6327,44644
40.1268,39.4342,23870
40.2317,32.6839,23889
40.7692,31.3221,20379
41.0926,28.3317,50502
41.3781,33.7753,125622
40.5983,43.0855,91450
41.1044,30.6966,30746
41.0710,30.7854,39508
40.6913,29.6165,30525
40.2132,28.3612,44256
41.2049,32.6277,125403
40.1567,43.1342,25157
40.4286,29.7211,22230
40.7650,29.9293,196571
41.1101,29.0509,15721
41.0138,28.9497,15701602
40.7353,34.4739,19829
40.0781,29.5133,133959
40.0388,42.1637,17067
41.3905,41.4197,17519
40.7994,30.7481,35257
41.2131,27.1069,19793
40.9706,35.6622,21500
40.2188,29.1949,24510
40.9926,28.6143,29411
40.7899,37.6007,18771
40.4600,39.4718,39214
40.2311,28.8402,35882
41.0308,39.0031,30381
40.1049,27.6540,40763
40.7150,29.8182,56189
40.9170,38.3874,125682
40.5075,30.2925,20199
40.8008,32.1969,28582
40.4309,29.1597,71063
40.4084,26.6717,25178
40.8028,29.4307,281436
40.9408,30.4858,23740
41.0289,37.4998,82160
41.0270,28.6773,211330
41.0435,28.8762,520235
41.2826,31.4181,88848
40.3996,27.7935,22678
40.6689,36.5675,52185
41.0175,28.9710,55548
41.6772,26.5560,180002
40.8389,31.1639,194097
41.2192,31.9558,24559
40.7569,29.8147,125485
40.2386,33.0322,62602
40.5489,34.9533,269595
41.1607,27.8009,202578
41.2863,27.9994,84234
40.8116,32.8936,17802
41.0861,40.7221,24556
41.4264,32.0756,21773
41.1407,28.4597,19316
41.1989,36.7219,50459
40.5999,33.6153,90564
40.1555,26.4127,143622
40.0333,27.0524,26201
40.1956,29.0601,3101833
40.9380,38.2315,43635
41.4689,34.7667,27717
40.7358,31.6061,184682
40.1419,29.9793,74457
40.2281,27.2422,61066
40.1675,31.9211,38769
41.0520,39.2329,36987
40.2563,40.2229,48036
41.6358,32.3375,81692
40.3522,27.9767,107631
41.0390,28.8567,749024
41.5679,35.9031,92944
41.4281,27.0966,26724
41.1816,41.8217,25841
40.9527,39.9267,16148
41.1835,28.7402,198165
41.3512,41.3046,16217
41.1906,40.9793,67965
41.1087,42.7022,22927
40.9385,40.0584,29917
40.6533,35.8331,114921
41.1814,31.3851,20890
40.1683,34.8425,27019
40.1351,33.0861,26572
40.6850,30.6222,25068
40.1183,29.4662,15198
41.0894,31.1236,35151
41.0212,39.5715,45105
40.7806,30.4033,286787
40.9470,38.7030,15058
41.0129,28.8859,50000
41.0071,28.8880,50000
37.0167,27.2667,16490
36.7155,28.7044,16000
40.9833,29.1167,361615
41.1060,28.7910,193750
40.9820,28.6399,122452
41.0207,28.5850,163140
39.9179,32.8627,792189
38.3053,38.2383,23063
41.0023,28.8598,576799
41.1065,28.8685,436935
40.9607,29.2707,286622
41.0024,29.2319,241000
38.3820,27.1320,458000
39.9843,32.8432,30440
36.5501,32.0596,28864
36.5540,32.0296,21449
36.8916,30.7650,450000
41.1042,29.0833,20698
38.4885,27.0613,28864
38.4592,27.0973,29842
38.4750,27.0959,29321
37.8054,29.0424,280341
37.7412,38.2290,26153
10.6524,-61.3888,17758
11.1823,-60.7353,17000
10.5870,-61.1301,15968
10.2797,-61.4684,55419
10.3059,-61.1756,35650
10.6667,-61.5189,49031
10.1741,-61.6841,19056
10.6530,-61.3630,15067
10.2798,-61.4459,56380
10.3062,-61.4467,26700
10.6492,-61.4989,21000
10.7208,-61.5662,25370
10.5167,-61.4167,67433
10.6374,-61.2823,35000
-8.5243,179.1942,6320
23.7094,120.5433,107924
23.0244,120.2556,233730
23.9215,120.5459,35365
23.1249,120.4614,16597
23.9567,120.5761,124725
24.9561,121.3507,87920
24.0637,120.6980,65567
23.7575,120.4997,24998
22.4652,120.4493,47746
23.9770,120.6877,96838
24.6875,120.9094,106310
23.8927,120.5240,26063
23.8581,120.5857,34903
24.9896,121.3187,475798
25.1720,121.4429,189271
22.7599,121.1446,103260
25.0531,121.5264,7871900
23.4594,120.3322,38696
23.3069,120.3106,74972
22.9908,120.2133,1856642
24.1469,120.6839,2850285
24.8837,121.2904,94222
24.9908,121.4220,180044
23.8980,120.5883,36565
25.0143,121.4672,551221
24.9345,121.3714,115185
25.2578,121.5018,23452
24.2101,120.5725,40467
23.3779,120.1615,19268
23.9664,120.9695,86406
23.8950,120.4786,29314
23.8729,120.5243,33289
23.5701,120.3016,33300
24.9298,121.2837,209148
24.9725,121.2614,112845
25.0815,121.5881,274538
23.9157,120.6639,105682
24.5643,120.8237,86327
23.5654,119.5863,63745
23.7464,120.7525,17746
23.7615,120.6188,16856
22.6266,120.3613,356463
22.6163,120.3133,2737660
24.7570,121.7530,94188
23.9769,121.6044,99458
24.1202,121.6263,17068
23.5574,120.3460,30543
24.8036,120.9686,453536
24.4394,118.4211,30826
23.7989,120.4634,37181
23.9568,120.4792,54033
25.0662,121.6599,204619
22.0042,120.7439,29702
24.2767,120.6892,28597
23.9005,120.3689,43652
24.7317,121.0908,96518
23.7555,120.6820,44083
24.8383,121.0078,212695
24.4341,118.3171,37507
25.1309,121.7409,362487
23.4792,120.4489,263188
22.5499,120.5407,53338
24.0733,120.5628,226564
24.0692,120.5512,226564
24.9937,121.2970,402014
23.9591,120.6852,25549
25.0620,121.4570,4004367
-6.1639,39.1979,709809
-5.0559,39.7294,35951
-9.1081,32.9347,85000
-7.0067,39.2985,70000
-3.2833,31.5258,60849
-5.1036,30.3911,24650
-8.9000,33.3333,50000
-3.4919,31.9639,95052
-7.1000,31.2333,17742
-3.7000,37.6667,21000
-2.6833,33.0000,15514
-3.3667,36.8500,21000
-8.6500,34.3000,23000
-5.0667,32.0500,31752
-9.3000,32.7667,219309
-5.0667,32.7333,32900
-9.2500,33.6500,50000
-3.8833,33.2000,22082
-1.3500,34.3667,133043
-5.0689,39.0988,393429
-5.0162,32.8266,308741
-7.9667,31.6167,303986
-3.5167,33.5167,23618
-3.3667,33.9500,33932
-6.4333,39.5500,25821
-1.2537,34.4760,25000
-4.8163,34.7436,232459
-5.6333,32.7667,27113
-1.1333,33.9833,18904
-3.6639,33.4212,139727
-4.3667,34.2000,24817
-3.1667,33.7667,28000
-4.7500,34.5333,25657
-2.6667,32.6500,110000
-4.0667,37.7333,34322
-2.7175,30.6325,22069
-8.7000,34.3833,42013
-5.0000,34.7333,17092
-3.5500,33.4000,23747
-4.2167,33.1833,125193
-1.9000,34.0167,16507
-3.1833,33.7833,24648
-2.6333,33.9833,18428
-1.1439,31.3947,20049
-1.7983,31.5511,19815
-9.3492,34.7717,92537
-5.1092,31.0419,39135
-2.9667,33.3333,32446
-6.7500,38.1167,17181
-2.5122,30.6558,16890
-2.1333,33.0500,44000
-4.4667,35.4500,18595
-7.5167,31.0500,40000
-2.5167,32.9000,1104521
-3.5500,33.6000,23296
-6.2500,38.6667,31324
-1.5000,33.8000,164172
-1.9833,32.9167,20254
-4.9667,34.8833,16715
-5.1667,38.7833,20000
-1.8500,34.7000,29000
-9.0167,34.8000,19040
-3.3500,35.8500,17754
-4.5500,34.8500,26725
-6.5333,37.2000,17861
-6.3500,36.4833,30000
-6.3438,31.0695,204338
-3.3500,37.3333,221733
-6.8210,37.6612,471409
-9.0000,32.9833,40000
-8.8000,35.8167,34970
-9.7833,34.5167,15168
-6.7000,38.7333,29394
-4.9333,38.9333,15576
-7.1180,39.2078,28037
-5.3667,39.6500,23719
-4.8300,29.6581,16822
-2.8500,33.0833,35530
-7.4041,36.9831,20000
-3.2833,32.8500,21553
-5.9500,34.1333,23718
-3.8500,35.5333,45384
-3.5667,36.9500,49801
-8.9000,33.4500,541603
-4.8000,38.2167,20534
-8.4500,33.2833,26073
-4.8000,38.2500,20241
-8.3000,31.5167,24070
-2.6833,33.9833,22025
-3.6333,32.1833,50000
-5.0500,38.6167,26531
-6.6000,39.0667,40000
-5.7500,34.8333,25000
-8.9333,36.1333,27041
-3.1333,33.5333,16916
-4.7333,38.1000,15516
-3.5500,36.1000,20000
-8.8500,34.8333,116232
-8.4000,33.1500,23787
-9.9333,35.3333,15009
-2.5833,33.3500,19082
-4.0167,35.7667,26131
-6.8000,39.2500,19086
-6.3770,37.3737,18753
-7.2500,35.0667,34958
-5.1333,32.5333,15320
-4.7833,38.2833,34000
-6.4500,38.3333,16902
-6.1000,37.4500,18000
-9.7667,37.9333,25000
-3.7833,37.6167,16008
-3.4500,33.9500,22551
-8.5667,32.0500,19185
-9.5833,33.8500,47000
-5.1500,38.4833,62032
-4.9000,35.7833,80443
-9.1731,33.5415,21342
-3.6167,33.8667,16371
-2.5500,33.0333,30000
-3.0833,34.1500,29804
-7.4167,30.6000,33111
-4.2667,34.3667,23519
-3.2833,36.9833,22839
-8.9251,39.5131,21519
-6.8333,36.9833,91889
-7.9145,39.6620,23426
-4.8769,29.6267,232388
-7.6036,37.0044,35953
-7.6992,36.9572,37542
-3.5864,30.7203,28666
-7.7218,38.9375,30163
-2.1500,33.4500,17211
-6.7167,36.3667,19526
-6.7667,38.9167,265360
-9.2333,33.6167,108558
-2.9998,31.9326,75000
-4.5248,35.3849,21462
-1.4000,31.7333,18430
-4.5767,30.1025,238321
-2.8500,32.4333,27681
-3.3333,35.6667,20000
-1.6186,31.6200,15701
-3.2828,30.9642,24688
-3.8333,32.6000,453654
-2.6386,30.4678,19421
-7.2000,35.7333,18010
-5.7000,34.4833,24000
-3.9000,32.9333,21094
-7.7667,35.7000,202490
-9.4833,33.9000,17775
-7.6766,36.0366,29193
-4.6667,34.8667,17342
-8.9000,34.5833,18870
-7.9562,38.9716,45000
-5.1333,34.7667,19692
-8.8500,33.8500,25000
-4.2833,33.8833,45000
-4.5667,34.6333,22810
-8.1333,36.6833,205843
-4.5000,37.9000,21000
-5.4333,38.0167,108968
-2.8725,32.2325,318006
-6.1500,36.8667,40000
-4.2667,35.8500,18528
-4.0667,35.3833,18864
-6.1722,35.7395,765179
-6.8235,39.2695,5383728
-4.2167,35.5500,19876
-8.8564,34.0239,24817
-2.6378,31.7669,30000
-5.4167,38.0167,30905
-6.6378,38.3540,34335
-7.5833,31.2667,22624
-5.2459,39.7666,52047
-1.7667,33.9667,16376
-3.0488,31.8854,52870
-7.6337,39.0582,27873
-2.0215,33.8711,182970
-1.3317,31.8122,144938
-2.8706,30.5281,32494
-3.3333,37.1500,37538
-2.6319,31.3089,34038
-4.3667,35.0833,20937
-4.2333,35.4167,19087
-2.8000,33.9833,260927
-6.4422,38.9042,82426
-4.2167,35.7500,67445
-3.3667,36.6833,617631
-11.0667,37.3500,48000
-11.3000,35.0333,16315
-10.7500,39.6333,20000
-10.6833,35.6500,286285
-10.0667,38.9333,20000
-10.3333,39.2833,16343
-10.9500,39.2833,38099
-10.9333,39.3000,34862
-10.6833,39.8333,19555
-10.9000,38.5000,23028
-10.3833,39.1500,17468
-10.3725,38.7625,21000
-10.2667,40.1833,140793
-10.9333,35.0167,60868
-10.7500,34.9000,18830
-10.7167,38.8000,89700
-10.5833,35.4000,19472
-10.5667,38.8000,29699
-10.9000,39.3333,25145
-9.9971,39.7165,95096
-10.7167,39.7333,16232
-10.8000,35.0500,22155
-3.5618,36.9789,50000
-5.7265,39.2987,30762
-2.5907,33.4462,35000
-2.5812,32.0099,25000
-3.0008,37.5642,18000
-3.3391,31.5234,45000
-6.3839,37.3433,40000
-6.0812,36.6466,50054
-6.1409,37.6360,18000
-8.3002,35.2937,99305
-1.4677,34.5228,20000
-6.9756,39.2893,45000
-3.5272,34.3151,21664
-7.6569,36.9830,24000
50.5852,34.4849,23892
48.6190,37.5270,53977
49.0776,30.9607,16490
48.0143,38.2660,17871
49.6693,32.0364,27818
49.8074,24.9038,22608
48.7207,32.6582,22444
50.2623,28.6791,261624
49.0352,28.1140,34498
48.3452,33.4974,42052
50.5221,26.2482,24501
47.8517,35.1171,710052
46.6247,31.1018,32677
48.5559,39.1828,16948
45.2009,33.3665,106202
48.2386,38.2040,76673
48.1298,37.8594,37600
44.5022,34.1662,77003
50.2797,31.7625,18995
50.5848,30.4898,22080
48.1413,23.0362,25317
50.5114,30.6025,240000
47.5622,31.3360,33442
49.5361,26.2068,18474
47.6016,37.4971,21166
48.4842,34.0171,22079
50.2908,36.9411,17459
50.8503,24.3212,37910
50.3891,30.3705,42983
49.2322,28.4687,369839
49.8167,24.1442,19037
47.9477,35.4403,15044
48.6556,34.3262,15477
49.1172,33.4803,17966
49.0120,31.0466,15763
50.1869,30.3135,37068
48.6242,22.2947,115449
48.7501,30.2194,100135
48.6740,28.8685,15011
46.6255,32.7243,24639
49.2807,23.5037,28287
50.4848,34.9657,19544
48.0388,38.5969,53462
47.2555,35.7084,29573
48.1451,33.5583,28000
48.5266,36.0705,26961
49.5540,25.5907,225238
48.9463,38.4862,99067
49.0629,33.2458,43130
48.0896,39.6524,62691
49.4072,38.1536,16145
48.5474,22.9867,17068
50.9174,34.7991,259660
48.3502,39.7270,20390
44.8492,34.9747,16597
49.2610,23.8484,61404
49.3010,23.5520,20200
49.7552,27.2123,34232
49.2772,38.9167,15947
50.4333,30.6333,25900
48.5682,38.6435,73248
48.7366,37.5907,53370
50.4745,24.2809,20373
48.0261,38.7722,55587
49.2330,31.8843,66475
48.8497,37.5974,105141
50.2961,26.8661,35068
49.7330,29.6643,17452
46.1131,32.9098,17915
48.3236,35.5261,30556
44.9572,34.1108,336460
49.7943,24.0628,151131
49.0129,31.3926,16674
51.8630,33.4698,73197
50.1812,27.0652,40802
48.0566,38.4383,71700
44.6080,33.5213,547820
48.1445,37.3006,21521
51.3390,26.6069,28865
49.5162,23.2013,34152
45.1342,33.6000,28322
49.0061,38.3812,55247
46.8548,30.0709,17858
47.9847,37.2794,18220
48.0833,39.3776,45514
50.7510,33.4747,38305
50.6204,26.2370,245289
48.0547,24.2031,15621
50.4962,29.2300,15252
48.4082,33.7092,18140
50.5953,32.3838,52553
48.6333,38.3780,19199
49.5892,34.5537,283402
50.1194,27.5086,20785
47.4787,36.2546,18111
48.5742,35.0970,19138
47.9316,37.6297,85399
49.9564,36.1084,23509
49.3765,36.2185,28510
48.6283,38.5620,36091
48.0448,30.8478,62426
48.3479,36.3964,27573
50.0674,31.4497,26273
48.4378,38.8438,24817
48.1075,38.6134,17877
48.5321,35.8688,101430
51.3274,28.8016,15332
47.6536,34.1149,37493
48.6747,33.1176,76097
48.4761,35.1584,22118
46.4857,30.7438,1015826
50.1069,30.6185,31557
49.4714,24.1335,28304
50.7295,24.1598,49772
48.3166,31.5236,16479
48.6289,35.2589,70550
50.5914,27.6088,55925
46.7597,33.3559,44427
50.4241,30.6558,45700
51.0477,31.8884,66983
48.4755,35.1167,160123
47.5683,34.3913,105160
50.3286,26.6487,36492
48.6366,24.5714,22504
46.9763,31.9930,470011
48.4425,22.7180,85569
49.7947,23.1508,16945
48.3451,39.6524,22449
48.4428,27.7997,30589
49.9646,33.6086,39575
49.8186,36.0565,21202
46.8473,35.3820,148851
47.0951,37.5413,120000
47.6309,34.6245,44980
50.7676,29.2422,25172
48.0478,37.9258,338968
49.9469,35.9291,20001
49.8383,24.0232,717273
48.4051,39.2268,17061
50.7578,25.3502,215986
48.5681,39.3055,397677
50.0141,32.9997,44595
48.8894,36.3175,54026
48.9042,38.4409,93340
48.6844,29.2364,22459
50.4547,30.5238,2797553
47.9852,37.2821,20700
49.7100,37.6158,27169
47.9057,33.3940,603904
49.0289,33.4385,75578
51.5478,33.3847,24115
49.0495,38.2189,18116
50.0986,25.7279,21063
49.0625,33.4048,217710
48.1395,38.9372,79533
48.9862,37.8031,20066
45.9555,33.7926,30700
49.3751,35.4549,21426
48.2923,39.7392,49352
48.2824,37.1777,60127
49.6538,26.9721,18868
48.7305,37.5879,147145
49.6303,37.6775,19738
51.2155,24.7008,67575
50.4884,30.3296,17623
47.7499,29.5307,39220
50.8773,26.4480,30838
49.4182,31.2517,17763
50.3169,29.0577,24129
50.9512,28.6386,61496
48.5273,37.7059,67350
51.2403,33.2026,84787
49.5970,36.5262,15825
48.5250,25.0371,60821
48.1492,38.3594,27370
48.6375,38.6428,26654
48.5083,32.2662,219676
45.4445,29.2640,19540
48.1719,23.2979,28424
49.4183,26.9794,274582
49.5581,27.9568,27707
46.6369,32.6146,283649
48.0424,38.1473,56182
49.9818,36.2548,1433886
48.0945,38.0755,40007
45.3567,36.4754,148932
49.7164,28.8386,23241
49.7519,31.4700,23503
48.6788,26.5852,97908
49.0240,24.3721,65088
49.4613,28.5154,18492
46.8160,33.4786,35983
49.2070,37.2768,45884
50.1198,26.8248,16162
45.3506,28.8375,69932
48.9231,24.7125,238196
50.5217,30.2506,65167
47.7301,33.2519,62173
47.9250,38.2024,15447
46.2991,30.6553,57983
49.1721,26.5636,16046
48.3358,38.0532,239828
51.6782,33.9162,31789
50.5684,30.2651,18466
49.7848,23.6481,15993
46.1682,34.8086,19501
48.8129,29.3792,25735
50.3691,33.9970,23480
45.0320,35.3815,68562
50.0767,29.9177,44014
47.4905,34.6620,52887
45.7131,34.3927,41731
48.3948,37.8478,30914
48.8870,26.8482,15707
50.4075,25.7624,37257
49.3520,23.5112,73682
48.0230,37.8022,901645
48.9716,23.9656,20417
48.1172,32.7769,18225
47.7522,37.6776,22835
48.4615,37.0852,28170
48.4666,35.0407,968502
48.5172,34.6062,226845
47.3899,35.0007,17736
48.3099,37.2651,46098
50.1066,36.1211,17139
48.3380,38.4024,24209
49.8354,36.6865,36519
49.0170,25.7981,28393
48.0761,39.7962,15218
50.3940,24.2394,64297
48.2904,25.9324,265471
51.5054,31.2866,285234
49.4445,32.0574,272651
50.5434,30.2120,42279
48.5110,38.6722,44760
50.5181,30.8067,109806
50.0885,25.1461,23134
50.3191,30.2973,34394
50.3849,30.6954,15500
50.3527,30.9550,64117
49.2900,23.4289,32473
45.6779,28.6181,15044
49.5464,30.8741,15789
50.1646,35.5273,17818
46.1948,30.3483,47727
49.8004,30.1285,207273
49.4458,24.9369,17697
50.3112,31.4671,16202
48.2051,22.6445,23325
49.8942,28.5824,73046
46.7558,36.7882,106311
51.1502,34.3129,15600
45.0568,34.6039,16428
50.3897,30.2253,21369
50.4654,30.3465,30000
49.0736,27.6740,15337
47.9360,29.6223,18511
49.4560,36.8443,26334
44.5112,33.5994,18649
51.1814,32.8346,16862
44.7552,33.8578,27448
48.1402,37.7501,35826
48.5944,37.9998,80500
46.1092,33.6921,24442
47.6598,33.7195,15828
48.1150,39.0913,52150
47.7927,38.4782,17998
44.6773,34.4097,29586
48.4689,38.8167,106062
50.3104,34.8988,47216
49.0084,33.6293,49854
50.0221,36.3490,400000
50.0125,36.2721,20000
50.0451,36.3591,45000
51.5225,30.7181,24464
47.8288,31.1751,38560
51.3404,25.8555,42000
50.3821,30.3228,16200
49.9302,23.5736,31366
50.5132,30.5055,317300
49.1504,33.4305,44000
50.4021,30.5156,30000
50.4316,30.3899,65000
45.4542,28.2773,18530
49.0975,33.4321,157382
50.0452,36.1932,100500
50.4093,30.3591,25882
50.3443,30.5518,251021
50.4444,30.5235,165360
50.4634,30.3461,340399
50.4537,30.6015,357900
50.5221,30.6823,368500
50.4284,30.4521,280400
50.4641,30.4658,220077
50.3943,30.4406,18000
48.4986,32.2537,167451
48.5036,32.2803,86652
49.8152,24.0317,40000
47.9669,37.8625,90600
48.0000,37.8001,94228
48.0074,37.8538,103249
48.0465,37.7757,139177
47.9760,37.6968,168029
47.9552,37.8003,50000
47.9679,37.8034,100330
47.9567,37.9419,103005
47.9459,37.6985,75000
49.6039,34.5944,31870
49.6090,34.5293,110600
49.5645,34.5387,147600
49.9435,36.3696,200000
50.4646,30.4059,71700
50.4026,30.6235,104400
50.4160,30.6953,343384
50.4263,30.6022,46000
50.4848,30.6032,84200
50.4476,30.5264,25000
50.4430,30.5304,17000
50.5143,30.4245,65000
50.3705,30.4588,21000
50.4319,30.4223,32000
50.4244,30.4473,65000
50.4431,30.6276,68900
50.4855,30.5857,35000
50.5098,30.4535,35200
50.5023,30.4412,40000
50.4796,30.4449,30000
50.4937,30.4710,38000
50.4694,30.4865,90000
50.4536,30.4531,100000
50.4554,30.4023,17000
50.4664,30.4759,90000
50.4264,30.3744,127400
50.4085,30.6601,93700
50.3932,30.6130,39500
50.4349,30.5381,18000
50.4163,30.5492,17000
50.4929,30.5976,16100
50.4630,30.6170,37600
50.4400,30.5968,27400
50.4008,30.5349,20000
50.5181,30.4624,30000
48.0144,37.7359,116779
48.0617,37.9716,94417
48.0951,38.0420,53040
48.0651,37.9362,52265
48.0211,37.9691,107216
48.0443,37.8765,80671
48.5635,39.3322,87516
48.5857,39.3716,185593
48.5433,39.2820,126340
48.5865,39.2809,42396
50.9251,34.7948,142447
50.9038,34.8093,150694
48.3024,38.0316,118283
48.3028,38.0547,101565
48.3142,38.0038,70474
47.0983,37.5484,179582
47.1105,37.5438,101498
47.1093,37.6431,122175
47.0710,37.4997,71008
3.4651,31.2469,47600
0.7283,32.5122,31000
0.4044,32.4594,87900
0.6930,34.1808,48500
1.7146,33.6111,60900
1.2313,34.2477,19300
-0.5667,30.3833,86100
-0.8411,29.9419,37200
-1.1883,29.8461,22800
1.1450,33.7094,42300
2.4634,31.4983,28700
2.4167,30.9855,37500
0.6750,29.9926,19600
-0.9000,30.4167,30509
-0.8833,29.6500,16915
-0.8794,30.2642,20900
0.4417,33.1792,178800
1.4314,33.7772,17700
2.4783,31.0889,41400
0.8361,33.6861,22600
0.5289,32.2486,22100
0.6894,32.4214,22507
1.1500,34.1500,33700
0.3533,32.7553,191300
0.5585,31.3949,121600
0.0401,29.7248,58600
0.2250,32.3136,49500
3.6609,31.7247,18800
2.5345,34.6666,16300
0.4175,32.0228,105200
-0.6047,30.6485,221300
1.0821,34.1750,111300
0.4597,33.4803,20800
1.6744,31.7150,110500
-0.3338,31.7341,116600
0.5196,33.3469,19500
-0.9667,30.4500,20100
-0.4031,31.1572,16300
-0.4161,31.4081,15100
1.1167,31.4000,20500
0.8492,32.4731,49100
-0.1131,31.8539,25600
0.3679,32.9376,128400
2.2499,32.8999,119323
0.6328,30.6214,28600
0.5022,31.0414,29400
-0.3833,31.3500,16000
0.7842,30.5311,16300
-0.4514,30.1133,15800
1.4608,33.9361,43500
2.9806,34.1331,75700
3.4136,30.9599,64500
0.5139,32.3506,21300
3.2783,32.8867,56891
-1.2854,29.6850,17700
0.3475,32.6492,17947
0.4000,32.6333,462900
-0.7011,30.4939,19400
1.3564,31.2222,18100
-0.7500,29.7000,21800
1.8084,32.0050,22000
0.9161,31.7742,22400
-0.0744,30.7853,15900
0.7025,32.8886,30000
0.7583,30.6825,18200
0.0841,32.4697,154300
0.0200,30.4986,24500
0.1833,30.0833,115400
0.1533,32.4009,42300
0.4380,32.6025,207800
0.5567,31.8022,17000
0.4333,31.2333,15700
-0.6167,31.5500,29000
1.4010,34.4504,51200
-0.9575,29.7897,16600
0.1866,30.4539,23900
0.9472,33.1197,67800
0.3163,32.5822,1680600
-0.5364,31.6214,15200
0.8944,33.4994,20500
0.7806,31.3236,15900
0.4199,32.3913,28100
0.5083,33.2878,35800
0.2155,32.5345,135600
0.9378,30.8089,28000
-1.2486,29.9899,53200
0.4390,33.2032,93061
-0.9667,30.6000,20000
0.6092,33.4686,65500
-0.1340,30.4962,117700
1.4331,31.3524,122700
2.7746,32.2990,177400
0.2033,32.0881,16600
0.6617,30.2748,60800
0.0562,32.4795,102600
1.8983,33.1775,23700
-0.5917,30.6286,79157
1.1517,33.1550,29700
0.6500,33.1713,24200
1.1594,31.6108,18800
0.9119,33.9511,24000
0.8501,33.9262,16800
0.4659,34.0922,64900
0.6263,33.6003,32900
0.7772,33.6236,15889
0.7112,30.0647,22300
0.2534,32.5572,413400
0.6786,31.8197,26972
0.6975,32.0286,16400
0.3375,33.0106,18500
1.3472,31.3081,19500
0.5810,30.2101,16000
0.5714,33.7417,36000
0.4821,33.2407,45600
1.0039,33.9256,29100
1.1481,34.3261,19200
0.5739,32.5155,29600
3.0201,30.9110,72400
1.9756,32.5386,67700
2.6011,31.9475,24000
3.3779,31.7909,37100
2.7017,33.6761,24400
-0.5431,30.1369,43700
-0.8686,30.8302,34300
0.9520,34.2700,16000
2.6111,32.4756,23200
1.9342,32.1164,36700
-0.7406,30.9963,68400
0.0768,29.8683,18300
0.6444,34.2606,20800
0.3796,30.2304,18600
0.2952,32.5016,285400
0.3639,32.5286,532800
0.3640,33.8176,17300
0.9151,30.7508,27400
0.5547,30.8548,17600
1.9399,32.1660,16600
0.3674,31.1082,27300
1.1881,30.7828,23847
-0.8349,30.0922,16800
0.3480,30.6543,49700
38.7329,-77.0580,16045
33.4018,-86.9544,26730
37.0834,-88.6000,24864
33.5207,-86.8025,196357
35.1557,-89.7762,68779
33.6457,-86.6836,16655
34.1748,-86.8436,15350
30.6035,-87.9036,24896
34.6059,-86.9833,55437
31.2232,-85.3905,68567
34.8095,-87.6495,35733
31.3152,-85.8552,27978
30.5230,-87.9033,18730
34.7998,-87.6773,40026
30.4066,-87.6836,17218
34.0143,-86.0064,36084
33.2962,-86.8436,18264
33.4718,-86.8008,25708
33.4054,-86.8114,84848
33.4512,-86.9967,15710
34.7304,-86.5859,215006
34.6993,-86.7483,46962
32.4799,-86.3619,15314
30.6944,-88.0430,183289
32.3668,-86.3000,195287
33.5009,-86.7522,20691
33.2290,-87.5772,24772
32.6454,-85.3783,29527
33.6143,-85.8350,21249
33.2857,-86.8100,22885
32.4710,-85.0008,37570
32.4640,-86.4597,35420
30.7388,-88.0789,22351
32.4074,-87.0211,19519
33.4359,-86.1058,15709
30.5902,-88.1708,17398
31.8088,-85.9699,18853
33.6198,-86.6089,21023
33.2098,-87.5692,111338
33.4487,-86.7878,34174
36.4807,-94.2713,27999
34.5645,-92.5868,34177
36.3728,-94.2088,44499
34.5959,-92.4891,19986
34.9745,-92.0165,25587
35.0887,-92.4421,64980
33.2076,-92.6663,18386
36.0626,-94.1574,82830
35.3859,-94.3986,88194
34.5037,-93.0552,35635
34.8662,-92.1102,28643
35.8423,-90.7043,73907
34.7465,-92.2896,202591
34.8668,-92.4043,17931
34.7695,-92.2671,66504
36.0584,-90.4973,27900
34.2284,-92.0032,44772
36.3320,-94.1185,63159
35.2784,-93.1338,29166
35.2506,-91.7362,24196
36.1881,-94.5405,16081
36.1867,-94.1288,77859
33.4418,-94.0377,30353
35.4368,-94.3483,23081
35.1465,-90.1845,25052
38.9215,-77.0422,15830
38.9612,-77.0275,17624
38.8890,-77.0002,15056
38.9257,-77.0294,38000
38.9084,-77.0441,23226
38.9015,-77.0622,22146
38.9307,-77.0408,35842
38.9321,-77.0236,18796
38.9459,-77.0250,18983
38.9307,-77.0302,21174
38.9121,-77.0214,17639
38.8951,-77.0364,689545
39.6293,-75.6583,19371
39.1582,-75.5244,39403
39.4496,-75.7163,20372
39.6837,-75.7497,33817
39.7460,-75.5466,70898
25.8145,-80.2239,54289
28.6611,-81.3656,43159
28.6762,-81.5119,48382
28.0653,-81.7887,15035
25.9565,-80.1392,37649
27.8964,-81.8431,18972
28.3267,-82.6834,23467
27.4253,-82.5904,16323
26.6845,-80.6676,18251
30.4616,-87.3150,23355
27.8936,-82.2404,22711
26.3451,-80.1467,24244
26.3587,-80.0831,93235
26.3398,-81.7787,51704
26.5253,-80.0664,73966
27.4989,-82.5748,54437
27.9378,-82.2859,103483
30.4688,-87.2361,21804
25.8218,-80.2412,15313
28.3358,-81.3531,26079
30.6085,-87.3400,26493
26.5629,-81.9495,175229
25.9407,-80.2456,63031
28.0500,-82.4929,33365
28.0675,-82.5209,40949
28.6778,-81.3278,27056
28.0784,-82.5698,24252
27.9658,-82.8001,117292
28.5494,-81.7729,32390
28.3861,-80.7420,17711
26.2518,-80.1789,59302
25.7126,-80.2570,20076
26.0573,-80.2717,35364
25.7215,-80.2684,51117
26.2712,-80.2706,129485
25.7459,-80.3045,24376
25.6340,-80.4323,15997
25.9481,-80.3170,47105
30.7621,-86.5705,23270
25.6151,-80.3106,18117
25.5807,-80.3467,26831
26.0523,-80.1439,31446
26.0629,-80.2331,100882
29.2108,-81.0228,72647
29.0283,-81.3031,30195
28.8831,-81.3087,19998
26.3184,-80.0998,79768
26.4615,-80.0728,66255
28.9005,-81.2637,88474
25.8195,-80.3553,75874
28.0199,-82.7732,36164
28.1108,-82.6948,30962
26.1384,-81.7665,22951
30.4288,-87.1800,54104
28.9889,-80.9023,21566
28.0177,-82.5062,35282
27.9947,-81.7381,23366
30.5188,-87.2728,20602
26.4381,-81.8067,30799
28.8528,-81.6853,19986
30.5102,-87.2125,28921
25.7623,-80.3162,50834
30.0933,-81.7190,27126
27.5803,-80.3867,18164
26.1223,-80.1434,183146
26.6217,-81.8406,74013
27.4467,-80.3256,44484
30.4206,-86.6171,21817
25.7729,-80.3478,59764
30.1111,-81.6418,29362
29.6516,-82.3248,145214
25.7076,-80.3256,16898
26.1879,-81.6951,23961
25.9118,-80.2003,33145
26.6237,-80.1253,32963
28.1145,-81.6201,22807
25.9812,-80.1484,39488
25.8576,-80.2781,237069
25.8651,-80.3245,23926
28.1878,-82.7395,22403
26.0112,-80.1495,149728
25.4687,-80.4776,80737
26.4187,-81.4173,24154
26.5204,-81.9640,15369
25.9623,-80.1767,19525
30.3322,-81.6556,1009833
30.2947,-81.3931,23064
28.2931,-82.6901,18989
26.9342,-80.0942,62707
25.7082,-80.4070,56148
25.6793,-80.3173,80241
24.5552,-81.7816,25755
28.1559,-82.6212,24039
28.3047,-81.4167,69152
28.5017,-81.5409,15400
28.0742,-82.4718,28509
28.7589,-81.3178,16021
27.9014,-81.5859,15541
26.6171,-80.0723,37498
26.6165,-80.1010,20635
28.0395,-81.9498,104401
30.1300,-81.7682,30943
28.2189,-82.4576,31996
27.9098,-82.7884,81000
26.1665,-80.2084,34796
26.1404,-80.2134,71579
27.8211,-82.6793,19879
28.8108,-81.8779,21993
26.6254,-81.6248,86784
25.4954,-80.4292,26324
28.1511,-82.4615,19344
30.2455,-85.6483,20156
28.6278,-81.3631,17463
25.9412,-81.7184,17690
26.2445,-80.2064,57234
29.0086,-82.1831,19034
28.3856,-81.3665,25558
28.0836,-80.6081,84678
28.3590,-80.6900,34743
25.7743,-80.1937,487014
25.7906,-80.1300,92312
25.9420,-80.2456,113187
25.9087,-80.3087,30972
25.9873,-80.2323,137132
30.4210,-87.3075,15870
26.1423,-81.7960,21512
30.4016,-86.8636,31378
28.2442,-82.7193,15842
29.0258,-80.9270,24298
25.9490,-80.2123,23604
26.6673,-81.8801,39407
26.2173,-80.2259,43703
25.8901,-80.1867,62435
25.9332,-80.1625,43971
27.0442,-82.2359,62345
28.4711,-81.4245,22685
26.1723,-80.1320,44319
29.1872,-82.1401,58218
28.5692,-81.5440,43608
25.9484,-80.1506,18036
25.9023,-80.2503,16565
28.5383,-81.3792,334854
29.2858,-81.0559,40970
28.6700,-81.2081,38551
30.5994,-87.1611,20039
28.0345,-80.5887,119760
26.8234,-80.1386,52923
27.1678,-80.2662,23120
29.5850,-81.2078,82893
28.0781,-82.7637,57439
26.6359,-80.0961,22341
30.1775,-81.3876,20019
25.6218,-80.3248,24439
30.1595,-85.6598,38286
26.3101,-80.2373,30177
26.0032,-80.2239,166611
30.4213,-87.2169,53724
28.5578,-81.4534,60076
25.6670,-80.3081,19452
27.8428,-82.6995,51617
25.8690,-80.2170,16520
28.0189,-82.1147,37406
26.1342,-80.2318,92560
28.1403,-81.4584,53193
26.2379,-80.1248,107762
30.2397,-81.3856,35400
26.9762,-82.0906,54392
29.1383,-80.9956,59866
27.2939,-80.3503,164603
25.5384,-80.4089,39308
26.9298,-82.0454,18150
26.9176,-82.0784,18306
25.6105,-80.4297,35884
27.8661,-82.3265,71050
26.7753,-80.0581,34005
28.3508,-80.7253,24926
26.7084,-80.2306,37633
27.7209,-82.4331,17208
27.9908,-82.6932,17454
28.2489,-81.2812,35183
27.7709,-82.6793,257083
26.4673,-81.8015,16824
28.8006,-81.2731,58111
30.3960,-86.2288,32459
27.3364,-82.5306,55118
27.8164,-80.4706,24007
27.8397,-82.7912,18153
27.4631,-82.5818,22178
25.5976,-80.3806,36770
28.3931,-81.3834,15921
28.4769,-82.5255,98621
27.1975,-80.2528,16462
27.7181,-82.3518,19258
25.9506,-80.1228,22123
26.1340,-80.1131,84439
25.7059,-80.3523,16389
25.7634,-80.3731,20840
30.4383,-84.2807,201731
26.2129,-80.2498,64681
25.7587,-80.3984,55271
27.9475,-82.4584,414547
28.1461,-82.7568,24605
28.8042,-81.7256,15430
28.0353,-82.3893,25731
25.6707,-80.4012,22758
25.6715,-80.4445,51003
28.9341,-81.9599,51442
25.6421,-80.3984,15047
28.6122,-80.8076,45393
28.0106,-82.5773,78442
25.7465,-80.3675,26995
27.9379,-82.2364,35545
27.0998,-82.4543,22211
27.6386,-80.3973,16358
28.6986,-81.4256,21998
26.6587,-80.2414,62560
28.2397,-82.3279,44092
28.0550,-82.6098,21747
26.0206,-80.1839,60806
25.8570,-80.2370,34699
28.0717,-80.6534,20679
26.7153,-80.0534,120932
25.9845,-80.1989,15097
30.4266,-87.2797,21339
27.8199,-82.6894,21924
25.7548,-80.3273,29862
26.1004,-80.3998,69959
28.5653,-81.5862,40356
28.0222,-81.7329,37689
28.6000,-81.3392,29943
28.6989,-81.3081,34789
30.4557,-86.6383,23127
34.0663,-84.6784,22131
31.5785,-84.1557,74843
34.0754,-84.2941,63693
32.0724,-84.2327,16028
33.9609,-83.3779,127315
33.7490,-84.3880,510823
33.4710,-81.9748,43459
33.7548,-84.2674,15152
33.8584,-84.3402,51910
31.1501,-81.4915,16157
34.5026,-84.9510,16309
34.2368,-84.4908,25469
33.5801,-85.0766,26203
34.1653,-84.8023,20319
33.8920,-84.2988,28244
32.4610,-84.9877,206922
33.6676,-84.0177,15875
34.7698,-84.9702,33853
33.7748,-84.2963,21957
33.7515,-84.7477,32897
32.5404,-82.9038,16197
34.0029,-84.1446,29193
33.9462,-84.3346,48733
33.6795,-84.4394,35467
33.5337,-82.1307,29011
33.4487,-84.4549,16990
33.6221,-84.3691,19383
34.2979,-83.8241,38712
33.2468,-84.2641,23211
31.8469,-81.5960,33398
34.0234,-84.6155,33584
30.8000,-81.6898,16487
33.0393,-85.0313,29588
33.9562,-83.9880,30493
33.7940,-84.6605,15491
33.8187,-84.5824,37115
32.8407,-83.6324,91351
33.9526,-84.5499,59067
33.5174,-82.0757,35795
33.4473,-84.1469,23417
33.0801,-83.2321,18931
33.3807,-84.7997,37291
33.9412,-84.2135,16634
33.7904,-84.3060,16698
33.8168,-84.3133,18947
33.3968,-84.5958,35240
33.9701,-84.2216,40978
32.4582,-83.7316,15457
32.1155,-81.2471,23133
33.7454,-84.1316,33015
33.5726,-84.4133,15989
34.2570,-85.1647,36323
34.0232,-84.3616,94501
30.7305,-81.5465,17968
33.9243,-84.3785,105330
32.0835,-81.0998,147780
33.8840,-84.5144,56146
33.8573,-84.0199,19733
32.4488,-81.7832,30721
33.5443,-84.2338,28202
34.1065,-84.0335,21747
34.0515,-84.0713,18694
30.8366,-83.9788,18742
31.4505,-83.5085,16725
33.8546,-84.2171,27581
33.5871,-84.5424,20805
30.8333,-83.2803,55724
32.6157,-83.6266,73490
32.0035,-80.9737,15138
33.9926,-83.7202,15447
34.1015,-84.5194,29898
38.8906,-90.1843,27003
38.5200,-89.9840,42034
37.7273,-89.2168,26399
39.4962,-88.1762,21196
38.6703,-89.9845,24754
39.8403,-88.9548,73254
38.6245,-90.1509,27006
38.8114,-89.9532,24992
38.5889,-89.9904,16827
38.9556,-90.1868,17759
38.7014,-90.1487,29054
39.7339,-90.2290,19103
37.7306,-88.9331,17803
39.4831,-88.3728,18113
38.3173,-88.9031,15087
38.5923,-89.9112,29002
39.9356,-91.4099,40780
39.8017,-89.6437,114394
38.9114,-90.1507,29251
39.7628,-86.3997,16451
39.1653,-86.5264,84067
39.8667,-86.1416,17041
39.8434,-86.3978,24996
39.9784,-86.1180,88713
38.2967,-85.7600,21866
39.2014,-85.9214,46690
37.9748,-87.5559,119943
39.9556,-86.0139,76794
39.7850,-85.7694,21497
39.6137,-86.1067,55586
39.7684,-86.1580,887642
38.3914,-86.9311,15451
38.2776,-85.7372,46960
39.8387,-86.0253,47809
38.2856,-85.8241,36732
39.9289,-85.3702,17621
39.7042,-86.3994,30590
39.8289,-84.8902,35854
38.9592,-85.8902,19478
39.5214,-85.7769,19133
39.4667,-87.4139,60825
38.6773,-87.5286,18012
39.9509,-86.2619,26296
37.5456,-97.2689,23509
38.4039,-96.1817,24649
38.8108,-94.9272,20868
38.3645,-98.7648,15717
38.8792,-99.3268,21092
38.0608,-97.9298,41569
39.0286,-96.8314,24621
39.1142,-94.6275,152933
38.9717,-95.2352,93917
39.3111,-94.9225,35980
38.9667,-94.6169,34579
38.9536,-94.7336,52490
39.1836,-96.5717,56308
38.0467,-97.3450,19216
38.8814,-94.8191,134305
38.9822,-94.6708,186515
37.4109,-94.7050,20409
38.9917,-94.6336,21877
38.8403,-97.6114,47813
39.0417,-94.7202,65046
39.0483,-95.6780,125963
37.6922,-97.3375,396119
38.4784,-82.6379,21108
36.9903,-86.4436,63616
39.0276,-84.7241,15926
39.0837,-84.5085,40997
37.6456,-84.7722,16690
37.6940,-85.8591,29678
39.0167,-84.6008,18797
38.1598,-85.5877,18409
38.9990,-84.6266,32227
39.0751,-84.4472,16398
38.2009,-84.8733,28391
38.2098,-84.5588,32356
37.8362,-87.5900,28890
38.1429,-85.6241,15167
36.8656,-87.4912,32205
38.9431,-84.5441,26819
38.1942,-85.5644,26946
37.9887,-84.4777,320347
38.0498,-84.4586,314488
38.2542,-85.7594,624444
37.3281,-87.4989,19539
38.4126,-82.7091,288649
36.6103,-88.3148,18954
38.1601,-85.6597,19967
39.0915,-84.4958,15354
37.8806,-84.5730,29754
38.1412,-85.6877,17134
37.7742,-87.1133,59042
38.1454,-85.8583,25813
37.8404,-85.9491,22387
37.7479,-84.2947,33533
38.2529,-85.6558,17472
38.2120,-85.2236,15253
38.2001,-85.8227,15713
38.1112,-85.8702,22756
37.9901,-84.1796,18446
31.3113,-92.4451,47889
30.4433,-91.1875,227470
29.6241,-90.7512,19355
32.5160,-93.7321,68094
30.5543,-91.0368,28295
29.9430,-89.9654,16751
29.8458,-90.1067,16377
29.9147,-90.0540,17880
30.5046,-90.4629,20480
29.9035,-90.0773,20348
29.5958,-90.7195,34287
29.9941,-90.2417,67091
30.2241,-92.0198,121374
30.2131,-93.2044,76070
30.0670,-90.4815,29872
29.8994,-90.1004,33141
29.9841,-90.1529,138481
29.9785,-90.1640,142489
32.5093,-92.1193,49598
31.7607,-93.0863,18365
30.0035,-91.8187,30754
29.9547,-90.0751,362701
30.5335,-92.0815,16591
30.3030,-90.9720,26895
32.5232,-92.6379,22340
30.4013,-91.0009,18399
32.5251,-93.7502,187593
30.2752,-89.7812,27942
30.2366,-93.3774,20189
29.9102,-90.0326,23319
30.6485,-91.1565,16448
39.5096,-76.1641,15580
39.0032,-76.9719,15086
38.9786,-76.4918,40812
39.2546,-76.7000,20483
39.0321,-76.5027,23106
39.0795,-77.0730,48759
39.2904,-76.6122,585708
39.3726,-77.4353,18274
39.0348,-76.9075,16772
38.9807,-77.1003,60858
38.9428,-76.7303,58025
39.0576,-76.9358,17724
38.8040,-76.9066,19096
39.3943,-76.5236,29941
39.2721,-76.7319,41567
38.9637,-76.9908,33513
39.1082,-76.9977,15126
38.7651,-76.8983,35970
39.4812,-76.6439,20776
38.9807,-76.9369,32301
39.2404,-76.8394,99615
39.0018,-76.6875,27348
39.6529,-78.7625,20130
39.2884,-77.2039,15257
39.2507,-76.5205,63597
38.9580,-76.9110,15509
38.7743,-76.0763,16617
39.4187,-76.2944,25562
39.4037,-76.9503,30531
39.6068,-75.8333,15782
39.2126,-76.7136,15593
39.2673,-76.7983,65834
39.3093,-76.4750,39262
39.0762,-76.9578,23681
39.1832,-76.6402,16746
38.7073,-77.0230,23717
39.4143,-77.4105,69479
39.1434,-77.2014,67456
39.1732,-77.2716,86395
38.8190,-76.9986,17295
39.1626,-76.6247,67639
39.1395,-76.5477,19326
39.0046,-76.8755,24272
39.3326,-76.6928,47092
39.6418,-77.7200,40432
39.1929,-76.7241,38088
38.8329,-76.9594,16469
39.4998,-76.6411,23915
38.9559,-76.9455,18501
39.2509,-76.7647,23476
39.1071,-76.4850,19477
38.9340,-76.8966,23078
38.9887,-76.9814,18755
39.0993,-76.8483,26215
39.3407,-76.7222,25333
39.0921,-76.8178,16093
39.3343,-76.4394,25191
39.3479,-76.7700,29042
39.1768,-77.1953,32032
39.5398,-76.3550,33925
39.0446,-77.1189,43828
39.0829,-77.2650,24410
39.0840,-76.7002,37132
39.1532,-77.0669,33844
39.4196,-76.7802,30622
38.8034,-76.9897,17722
39.3773,-76.5397,30734
38.9810,-76.5450,15922
39.1190,-76.5711,24287
39.4126,-76.4636,28474
39.3743,-76.7225,30764
39.0182,-77.2086,44965
39.3673,-76.7952,32430
39.1454,-77.1441,17242
39.4698,-76.8319,25968
39.0840,-77.1528,66980
39.3201,-76.5155,19257
39.3384,-76.4797,15147
38.6032,-76.9386,36376
38.3607,-75.5994,32899
39.1451,-76.9002,24333
38.9740,-76.8490,17287
39.1371,-76.6983,44231
39.0704,-76.5452,37634
38.9907,-77.0261,71452
39.5332,-76.3375,48828
39.1290,-76.6258,29658
39.0698,-76.8503,26112
38.8487,-76.9239,25825
38.9779,-77.0075,17713
39.4015,-76.6019,55197
38.6246,-76.9391,67752
39.2071,-76.7269,28734
39.5754,-76.9958,18670
39.0398,-77.0553,48284
39.0398,-76.9930,17403
39.3229,-76.7280,37879
38.5506,-90.3332,20307
38.4328,-90.3776,21357
38.5951,-90.5462,30577
38.8120,-94.5319,23168
39.0170,-94.2816,54148
37.3059,-89.5182,39462
38.6631,-90.5771,47864
38.6425,-90.3237,15884
38.9517,-92.3341,129330
38.5245,-90.3573,16421
38.6609,-90.4226,18276
39.0956,-94.3552,110675
37.7809,-90.4218,18181
38.7442,-90.3054,21059
38.7892,-90.3226,52268
39.2039,-94.5547,26861
38.8858,-94.5330,25256
39.7084,-91.3585,17839
38.7714,-90.3709,25661
39.0911,-94.4155,117255
38.5767,-92.1735,42595
37.0842,-94.5133,51818
39.0997,-94.5786,475378
38.5834,-90.4068,27750
38.9108,-94.3822,95094
38.5334,-90.2793,16645
39.2461,-94.4191,30450
38.5970,-90.5093,18229
38.7131,-90.4298,27389
38.5084,-90.3229,28380
37.0434,-93.2943,20984
38.8106,-90.6998,85040
38.4701,-90.3046,36143
38.7012,-90.3623,15959
37.0209,-93.2060,19120
36.7570,-90.3929,17266
38.8019,-94.4527,20374
39.0086,-94.4636,29401
37.1200,-93.4802,16005
37.9514,-91.7713,20019
38.7839,-90.4812,65794
39.7686,-94.8466,76780
38.6273,-90.1979,279695
38.8003,-90.6265,52575
38.7045,-93.2283,21516
36.8767,-89.5879,16436
38.7878,-90.2159,19650
37.2153,-93.2982,170188
38.6559,-90.3093,35058
38.7628,-93.7361,19927
38.5926,-90.3573,23177
38.8114,-90.8529,35603
38.5828,-90.6629,35899
30.3960,-88.8853,45637
32.2732,-89.9859,23529
34.2001,-90.5709,16847
32.3415,-90.3218,25254
33.4957,-88.4273,23168
30.3858,-88.6117,18570
33.4090,-91.0598,32156
33.5162,-90.1795,15431
30.3674,-89.0928,71856
31.3271,-89.2903,46805
34.8240,-89.9937,15503
34.9554,-90.0348,26915
32.2988,-90.1848,153701
31.6941,-89.1306,18837
30.3505,-89.1528,15555
32.4618,-90.1154,25799
32.3643,-88.7037,39661
31.5602,-91.4033,15128
30.4113,-88.8278,17636
34.9618,-89.8295,36010
34.3665,-89.5192,22314
30.3658,-88.5561,22126
32.2746,-90.1320,26462
32.4285,-90.1323,24351
34.9890,-90.0126,52589
33.4505,-88.8196,25366
34.2581,-88.7046,35680
32.3526,-90.8779,23131
30.4041,-89.0942,71329
35.3501,-80.2001,16003
35.7326,-78.8503,45585
35.7079,-79.8136,26103
35.6009,-82.5540,95056
36.2168,-81.6745,18156
36.0957,-79.4378,52472
35.9101,-79.0753,21156
35.7915,-78.7811,159769
35.9132,-79.0558,59568
35.2271,-80.8431,911311
35.6507,-78.4564,19304
36.0215,-80.3820,19844
35.4089,-80.5816,87696
35.4868,-80.8601,28092
35.9940,-78.8986,257636
36.4885,-79.7667,15403
36.2946,-76.2511,17988
35.0527,-78.8784,201963
35.5843,-78.8000,23907
35.7113,-78.6142,28053
35.2621,-81.1873,74543
35.3849,-77.9928,35826
36.0726,-79.7920,285342
35.6127,-77.3663,90597
34.8790,-76.9013,20364
36.3296,-78.3992,15271
35.7332,-81.3412,40374
35.9557,-80.0053,110268
35.6513,-78.8336,31377
34.9704,-78.9453,16163
35.4107,-80.8428,52704
35.0768,-80.6692,37073
34.7540,-77.4302,67357
35.4874,-80.6217,46144
36.1199,-80.0737,23811
35.2627,-77.5816,21337
34.7741,-79.4628,15507
34.2563,-78.0447,17924
35.9140,-81.5390,17888
35.8240,-80.2534,19326
34.6183,-79.0105,21667
35.1168,-80.7237,30678
35.1796,-80.6473,25627
34.9854,-80.5495,34623
35.5849,-80.8101,36009
35.7454,-81.6848,16692
35.8235,-78.8256,23820
35.1085,-77.0441,30070
35.1954,-79.4695,15752
35.7721,-78.6386,482295
36.4615,-77.6542,15345
35.9382,-77.7905,55806
35.6710,-80.4742,34017
35.4799,-79.1803,29144
35.2923,-81.5357,20189
35.0907,-80.6862,15270
35.7826,-80.8873,26221
35.8826,-80.0820,27061
35.9799,-78.5097,38199
35.7868,-78.6639,338759
34.2356,-77.9460,115933
35.7213,-77.9155,49643
36.0999,-80.2442,241218
39.3642,-74.4231,39260
39.9093,-74.1549,20512
39.4273,-75.2341,25031
39.9260,-75.1196,76119
39.9348,-75.0307,70475
39.7029,-75.1118,19216
39.7765,-74.8624,54856
39.8243,-74.9977,17613
39.9526,-74.9924,19077
39.4021,-75.0393,28230
39.9340,-74.8910,41864
39.7435,-74.2810,16142
39.9562,-75.0580,36332
39.3898,-74.5240,20755
39.7665,-75.1443,37433
39.7173,-74.9693,42891
39.4460,-75.0288,58122
39.9537,-74.1979,88791
39.9340,-74.7485,24664
39.4862,-75.0257,60818
39.6862,-74.9952,15567
39.3292,-82.1013,25044
39.7092,-84.0633,46277
39.6284,-84.1594,23882
39.1271,-84.5144,311097
39.9612,-82.9988,913175
39.7589,-84.1916,135512
39.8209,-84.0194,33452
39.3459,-84.5605,42767
39.2903,-84.5041,18676
39.8815,-83.0930,39388
39.3995,-84.5613,62407
39.8439,-84.1247,38176
39.6895,-84.1688,55525
39.7137,-82.5993,39766
39.4353,-84.2030,20623
39.3601,-84.3099,32662
39.6428,-84.2866,20034
39.5151,-84.3983,48760
39.1556,-84.4597,19915
39.5070,-84.7452,22104
39.9956,-82.6743,15245
39.8842,-82.7535,19745
38.7317,-82.9977,20409
39.9548,-82.8121,37158
39.7798,-84.1241,24972
39.5523,-84.2333,18213
39.9242,-83.8088,59680
39.7973,-84.3113,24096
39.9945,-83.0624,34907
39.8906,-84.1988,15106
39.2131,-84.5994,19167
39.9667,-82.8855,18694
39.6848,-83.9296,25976
39.9404,-82.0132,25498
34.7745,-96.6783,17303
34.6381,-99.3340,19214
34.1743,-97.1436,25176
36.7473,-95.9808,36595
35.5187,-97.6323,19589
35.9420,-95.8833,24657
36.0526,-95.7908,106563
35.0526,-97.9364,16488
36.3126,-95.6161,18997
35.4420,-97.4409,22022
34.5023,-97.9578,23231
33.9940,-96.3708,17286
35.6528,-97.4781,90092
35.5323,-97.9550,18516
36.3956,-97.8784,51776
36.0229,-95.9683,20740
34.6087,-98.3903,96655
34.9334,-95.7697,18310
35.4495,-97.3967,57249
35.3395,-97.4867,60451
35.7479,-95.3697,38456
35.3842,-97.7245,20226
35.2226,-97.4395,128026
35.4676,-97.5164,681054
36.2695,-95.8547,34542
36.7070,-97.0856,24758
36.1398,-96.1089,19783
35.9987,-96.1142,20579
35.3273,-96.9253,31286
36.1156,-97.0584,48967
35.9154,-94.9700,16598
36.1540,-95.9928,413066
35.5067,-97.7625,25892
39.9376,-77.6611,20691
39.8475,-75.3578,34092
39.9476,-75.2402,33373
39.9471,-75.2921,28043
39.9179,-75.2280,16988
39.9651,-75.1355,16307
39.9658,-75.2376,20073
39.8007,-76.9830,15496
39.9848,-75.1471,19748
39.9809,-75.3085,50430
39.9368,-75.2296,19668
39.9893,-75.2432,32181
39.9276,-75.1505,26000
39.9524,-75.1636,1573916
39.9335,-75.1780,16977
39.9935,-75.1002,27554
39.9485,-75.1721,21582
39.9307,-75.3202,23363
39.9834,-75.1827,15778
39.9507,-75.1948,17578
39.9610,-75.6080,19842
39.9268,-75.1571,49732
39.9168,-75.1555,49732
39.9626,-76.7277,43992
33.5604,-81.7195,30604
34.5034,-82.6501,27335
32.2371,-80.8604,16728
32.7763,-79.9327,132609
34.6834,-82.8374,15446
34.0007,-81.0348,142416
33.8360,-79.0478,21053
34.8298,-82.6015,20765
34.1954,-79.7626,38228
32.9810,-80.0326,40633
34.8526,-82.3940,64579
34.1954,-82.1618,23260
34.9387,-82.2271,28365
32.9185,-80.0220,17997
32.1938,-80.7382,40512
32.2163,-80.7526,37099
33.9815,-81.2362,20138
34.7787,-82.3101,25135
32.7941,-79.8626,81317
33.6891,-78.8867,31035
33.5018,-81.9651,22522
32.8546,-79.9748,108304
33.8160,-78.6800,15579
34.9249,-81.0251,71548
34.0430,-81.1010,21151
34.0488,-81.1465,15144
34.7371,-82.2543,20736
33.6835,-78.9984,19952
34.9496,-81.9321,37867
33.0185,-80.1757,48848
33.9204,-80.3415,40816
34.9204,-82.2962,21617
34.9037,-82.3332,20622
33.9935,-81.0740,16060
35.2045,-89.8740,58579
36.0331,-86.7828,41763
36.0251,-86.7792,31279
36.5951,-82.1887,26666
35.0456,-85.3097,181099
36.5298,-87.3594,166722
35.1595,-84.8766,43898
35.0420,-89.6645,48863
35.6151,-87.0353,36800
36.1628,-85.5016,32113
36.0770,-87.3878,15359
36.0345,-89.3856,16781
34.9959,-85.1502,15114
35.0654,-85.2491,154024
35.0142,-85.2519,20979
35.2306,-89.8259,25882
35.8845,-84.1535,21919
35.9251,-86.8689,72639
36.3884,-86.4467,34334
35.0868,-89.8101,39240
36.3231,-86.7133,16994
36.1632,-82.8310,15094
36.3048,-86.6200,56018
36.1962,-86.6225,37814
35.6145,-88.8140,66975
36.3134,-82.3535,66027
36.5484,-82.5618,53014
35.9606,-83.9207,190740
36.0156,-86.5819,34794
36.2081,-86.2911,30262
35.7565,-83.9705,28464
35.1495,-90.0490,633104
36.2140,-83.2949,29478
36.2000,-86.5186,31540
35.8456,-86.3903,165430
36.1659,-86.7844,689447
35.0868,-90.0568,641608
36.0104,-84.2696,29302
35.8681,-83.5618,16490
35.4834,-86.4603,21317
35.9828,-86.5186,46607
35.7512,-86.9300,36055
36.5092,-86.8850,16808
35.3620,-86.2094,19128
32.4487,-99.7331,125182
32.9618,-96.8292,15518
26.1837,-98.1231,19246
29.9324,-95.3802,15869
27.7523,-98.0697,19408
29.7111,-95.5963,98725
33.1032,-96.6706,98143
26.2873,-98.3133,15760
29.4239,-95.2441,25791
29.1694,-95.4319,19429
32.7357,-97.1081,388125
29.9988,-95.1766,65844
30.2672,-97.7431,974447
32.7287,-96.6228,25210
29.7355,-94.9774,76335
30.0861,-94.1018,115282
32.8440,-97.1431,49337
29.7058,-95.4588,18518
31.0560,-97.4644,20547
32.6732,-97.4606,22629
30.1669,-96.3977,16579
25.9017,-97.4975,186738
31.7093,-98.9912,19031
30.5135,-97.7397,21764
30.6744,-96.3700,82118
32.5421,-97.3208,43625
29.8752,-98.2625,21262
32.9537,-96.8903,133168
32.5885,-96.9561,48507
30.5052,-97.8203,65945
29.7761,-95.1146,38289
29.5616,-98.2270,33433
29.7388,-95.7580,18274
32.3476,-97.3867,30020
29.7783,-95.1719,22942
30.6280,-96.3344,107889
32.8810,-97.1550,25487
30.3119,-95.4561,68602
29.5180,-98.3161,21987
32.9546,-97.0150,41159
31.1241,-97.9031,33081
33.1540,-97.0647,20998
27.8006,-97.3964,316239
32.0954,-96.4689,23952
29.9691,-95.6972,200839
32.7831,-96.8067,1326087
32.5899,-96.8569,52486
29.7052,-95.1238,33806
33.7557,-96.5367,23150
33.2148,-97.1331,131044
29.4608,-95.0513,19895
26.1703,-98.0520,16523
32.6518,-96.9083,39826
26.3017,-98.1633,84497
32.3293,-96.6253,19007
32.8371,-97.0820,54219
32.9265,-96.8961,32689
33.0146,-97.0970,71253
32.7482,-96.4719,18418
32.7254,-97.3208,1008106
29.5389,-95.4474,19069
29.5294,-95.2010,38800
33.1507,-96.8236,154407
33.6259,-97.1333,16292
29.3013,-94.7977,50180
32.9126,-96.6389,236897
31.4352,-97.7439,15724
30.6327,-97.6772,63716
32.7460,-96.9978,187809
32.9343,-97.0781,51404
33.1384,-96.1108,26515
29.9483,-93.9171,15750
32.7996,-97.2692,44206
31.0835,-97.6597,29142
26.1906,-97.6961,65774
33.0918,-97.0467,16149
29.7633,-95.3633,2314157
29.9988,-95.2622,15665
30.7235,-95.5508,40938
32.8235,-97.1706,39016
30.5427,-97.5467,22722
32.8140,-96.9489,236607
30.4427,-97.7750,16151
29.7858,-95.8244,16158
32.9346,-97.2517,45758
30.0474,-99.1403,23136
31.1171,-97.7278,140806
27.5159,-97.8561,26225
29.9891,-97.8772,35733
29.3686,-94.9713,15908
29.6658,-95.0194,35148
29.0339,-95.4344,27533
32.5921,-96.7561,38801
27.5064,-99.5075,256153
29.5074,-95.0949,98312
30.5788,-97.8531,59202
33.0462,-96.9942,104039
33.1626,-96.9375,38341
29.5652,-98.3364,15346
32.5007,-94.7405,82287
31.3382,-94.7291,36333
32.5632,-97.1417,64274
32.5449,-94.3674,23820
26.2034,-98.2300,140269
33.1976,-96.6153,162898
26.1498,-97.9136,16657
32.7668,-96.5992,144788
32.4824,-96.9945,22318
26.2159,-98.3253,83298
29.6938,-95.6650,36501
29.6186,-95.5377,74139
33.1568,-94.9683,16051
33.0151,-96.6131,20610
31.6035,-94.6555,33894
29.9744,-93.9924,17196
29.7030,-98.1244,70543
30.1552,-95.2113,20000
29.5941,-95.6808,15186
32.8343,-97.2289,69204
30.0930,-93.7365,19347
31.7621,-95.6308,18288
33.6609,-95.5555,24782
29.6911,-95.2091,153784
29.5636,-95.2861,108821
29.6261,-95.7316,15963
30.4394,-97.6200,57122
26.1948,-98.1836,76538
33.0198,-96.6989,283558
29.8852,-93.9423,55340
27.8773,-97.3239,16116
33.2362,-96.8011,15967
32.9482,-96.7297,110815
32.9312,-96.4597,42566
29.5572,-95.8086,35510
30.5083,-97.6789,115997
32.9029,-96.5639,60236
32.9762,-96.5953,24554
32.8601,-97.3639,22079
29.4241,-98.4936,1526656
26.1326,-97.6311,24496
26.1892,-98.1553,36556
29.8833,-97.9414,60684
29.5522,-98.2697,43091
32.6396,-96.5383,15894
29.5688,-97.9647,27864
33.6357,-96.6089,40667
29.6630,-95.2355,17544
32.9412,-97.1342,29941
30.0799,-95.4172,54298
29.6161,-95.5577,18459
32.2207,-98.2023,20120
29.6197,-95.6350,88156
33.1384,-95.6011,16098
30.5708,-97.4094,16702
31.0982,-97.3428,72277
32.7360,-96.2753,16981
33.4251,-94.0477,37280
29.3838,-94.9027,47618
33.0890,-96.8864,41779
30.1580,-95.4894,93847
32.3513,-95.3011,103700
29.5480,-98.2911,19986
30.2860,-97.7389,53082
32.8501,-96.8003,24759
29.2097,-99.7862,16476
28.8053,-97.0036,67574
31.5493,-97.1467,132356
32.8579,-97.2547,24525
32.3865,-96.8483,33384
32.7593,-97.7973,28742
26.1595,-97.9908,39474
29.7180,-95.4338,15741
32.7596,-97.4583,17077
33.9137,-98.4934,104710
33.0151,-96.5389,46708
38.8048,-77.0469,159467
38.8304,-77.1964,41008
38.8810,-77.1043,207627
39.0437,-77.4875,43511
38.8504,-77.1297,23643
37.2296,-80.4139,44215
37.5249,-77.5578,16366
36.5965,-82.1885,17141
38.7318,-77.4311,16293
38.7934,-77.2716,41055
37.2276,-80.0128,24922
38.8404,-77.4289,71135
38.8943,-77.4311,23039
38.0293,-78.4767,46597
38.5698,-77.2669,16000
36.8190,-76.2749,235429
37.3568,-77.4416,20987
37.1298,-80.4089,21943
37.2680,-77.4073,17820
38.4732,-77.9967,17557
38.6371,-77.3111,65969
36.5860,-79.3950,42082
37.0374,-76.3316,147993
38.8462,-77.3064,24013
38.7821,-77.1464,18245
38.3032,-77.4605,28118
38.9182,-78.1944,15070
38.9982,-77.2883,15427
37.0299,-76.3452,137148
38.4496,-78.8689,52538
38.9695,-77.3861,24568
37.5460,-77.3278,15711
37.3043,-77.2872,22378
38.7476,-77.0830,15801
38.8951,-77.2117,17288
38.6879,-77.2978,41058
37.6429,-77.5089,16713
39.1157,-77.5636,51209
38.8184,-77.1433,22855
38.7598,-77.5750,35725
38.7043,-77.2278,18610
37.4138,-79.1423,79812
38.7510,-77.4753,41764
38.7840,-77.4697,15726
38.9343,-77.1775,48115
37.6088,-77.3733,36348
38.8743,-77.2269,15212
37.5060,-77.6492,18320
38.6110,-77.3397,19570
36.9804,-76.4297,186247
36.8468,-76.2852,238005
38.8809,-77.3008,34166
37.2279,-77.4019,32477
36.8354,-76.2983,96201
36.8210,-76.3688,99049
37.1318,-80.5764,17403
38.9687,-77.3411,58404
37.5538,-77.4603,226610
37.2710,-79.9414,100011
38.7887,-77.1128,20226
37.2935,-80.0548,25432
37.6504,-77.6125,24729
38.9209,-77.5039,24256
36.7171,-76.5902,80690
38.7893,-77.1872,30484
38.1499,-79.0732,24416
39.0062,-77.4286,27822
38.7929,-77.4975,16203
36.7284,-76.5850,88161
37.5902,-77.5564,44990
38.9187,-77.2311,19627
38.9012,-77.2653,16522
36.8529,-75.9780,454808
38.0685,-78.8895,21491
37.4032,-79.1781,65517
38.7726,-77.2211,22460
37.2707,-76.7075,15052
39.1857,-78.1633,27284
38.9398,-77.2861,16131
38.7168,-77.1328,20804
37.7782,-81.1882,17056
38.3498,-81.6326,46838
39.2807,-80.3445,16152
39.4851,-80.1426,18733
38.4192,-82.4451,48638
39.4562,-77.9639,17700
39.6295,-79.9559,30708
39.2667,-81.5615,30991
34.8151,-92.2243,30517
39.4806,-86.0550,24598
39.3331,-82.9824,21727
28.9828,-95.9694,17598
33.2443,-86.8164,32707
34.2678,-86.2088,21462
33.6598,-85.8316,22347
34.8024,-86.9722,24966
32.6099,-85.4808,62059
41.9146,-88.0649,34208
42.6987,-71.1351,28222
42.4084,-71.0120,53422
41.3948,-73.4540,84657
41.0787,-73.4693,20732
42.2942,-83.3099,24672
41.5200,-81.5562,44962
41.7823,-72.6120,51252
41.2762,-72.8684,29257
41.1056,-73.3984,84530
41.9762,-72.5918,45212
41.1412,-73.2637,59052
41.7198,-72.8320,25000
41.7123,-72.6081,31876
41.2890,-72.6818,22498
41.3959,-72.8968,59847
41.7637,-72.6851,121054
41.8387,-71.8692,17282
41.4398,-72.0142,15212
41.2795,-72.5984,19100
41.7759,-72.5215,30577
41.7659,-72.2337,26439
41.5382,-72.8070,59988
41.5623,-72.6506,46756
41.2223,-73.0565,52759
41.4790,-72.1512,20180
41.4859,-73.0507,31538
41.6612,-72.7795,72808
41.1468,-73.4948,19738
41.3081,-72.9282,130322
41.3556,-72.0995,27179
41.6979,-72.7237,30562
41.3909,-72.8595,24093
41.1382,-73.5435,121230
41.1176,-73.4079,88485
41.5243,-72.0759,39899
41.6765,-71.9151,15498
41.6745,-72.8582,17328
41.3968,-73.0759,16562
41.3165,-73.0932,41296
41.8237,-72.6212,24412
41.4815,-73.2132,19836
41.5965,-72.8776,43501
41.0534,-73.5387,128874
41.8084,-72.2495,15344
41.1845,-73.1332,51384
41.8006,-73.1212,34906
41.2429,-73.2007,36018
41.4570,-72.8232,17712
41.5581,-73.0515,108802
41.7620,-72.7420,63268
41.2707,-72.9471,54927
41.8184,-73.1437,36000
41.1415,-73.3579,26391
41.7143,-72.6526,26668
41.7107,-72.2081,17737
41.1954,-73.4379,18062
41.6998,-72.1570,23072
41.8526,-72.6437,28778
41.6023,-72.9868,16639
41.6442,-93.4647,16984
42.0347,-93.6199,65060
41.7297,-93.6058,56764
41.5245,-90.5157,35505
40.8075,-91.1129,25410
42.5278,-92.4455,41255
42.0083,-91.6441,130405
41.8445,-90.1887,26064
41.6030,-93.7241,15447
41.6764,-91.5804,20608
41.2619,-95.8608,62597
41.5236,-90.5776,102582
41.6005,-93.6091,214133
42.5006,-90.6646,58799
42.4975,-94.1680,24649
41.3580,-93.5574,15467
41.6611,-91.5302,74220
41.6730,-93.6977,20871
42.0342,-91.5977,37330
42.0494,-92.9080,27620
43.1536,-93.2010,27366
41.4245,-91.0432,23968
41.6997,-93.0480,15125
41.7492,-91.5979,15931
41.0200,-92.4113,24624
42.5000,-96.4003,82821
41.6267,-93.7122,44062
42.4928,-92.3430,68460
41.6117,-93.8852,18990
41.5772,-93.7113,64113
41.9317,-87.9890,37208
41.9684,-87.7234,52079
42.1656,-88.2943,30571
41.6689,-87.7387,19346
42.0884,-87.9806,75926
41.7475,-87.7112,42752
41.7606,-88.3201,200661
41.9389,-87.7112,39721
41.9950,-88.1856,41545
41.8500,-88.3126,26495
41.8814,-87.8831,19308
41.9317,-87.7687,79159
42.2639,-88.8443,25132
41.9550,-87.9401,18440
41.8506,-87.7937,56368
41.9575,-88.0809,22254
40.4842,-88.9937,78292
41.6573,-87.6800,23652
41.6986,-88.0684,74306
41.1538,-87.8875,18569
41.1420,-87.8611,15617
41.8381,-87.6512,33878
41.7500,-87.8042,16407
41.8189,-87.6989,44202
41.8239,-87.8517,18944
42.1514,-87.9598,41496
41.7339,-87.7795,29128
41.6156,-87.5295,37031
41.9125,-88.1348,40356
42.1211,-88.2579,38512
42.2120,-88.2381,17965
40.1164,-88.2434,86096
41.7411,-87.6125,31392
41.8500,-87.6500,2664452
41.5061,-87.6356,30284
41.7750,-87.6964,55551
41.8456,-87.7539,83886
41.5681,-87.7203,16795
41.5547,-88.0987,21153
42.2411,-88.3162,40448
40.1245,-87.6300,32108
41.7520,-87.9740,22256
41.9295,-88.7504,43211
42.1711,-87.8445,19019
42.0334,-87.8834,58677
41.8389,-89.4796,15319
41.6389,-87.6073,23197
41.8348,-87.6181,20323
41.8089,-88.0112,49732
41.8809,-87.7028,20656
41.5009,-90.4443,21350
40.6662,-89.5801,23080
41.9834,-87.6639,54873
42.0373,-88.2812,112111
42.0039,-87.9703,33238
41.8995,-87.9403,45957
41.9211,-87.8092,24840
41.7798,-87.6459,26121
42.0411,-87.6901,75527
41.7206,-87.7017,19841
41.4959,-87.8487,18653
41.9353,-87.8656,18312
42.2967,-89.6212,24476
41.7950,-87.6962,41202
40.9478,-90.3712,31273
41.8875,-88.3054,21806
41.8775,-88.0670,28201
42.0697,-87.7878,47446
41.6292,-87.9309,18569
41.8139,-87.6173,22373
42.3445,-88.0417,20915
42.3703,-87.9020,31056
41.9995,-88.1451,38333
41.6100,-87.6467,25194
42.1817,-87.8003,29743
41.8009,-87.9370,17628
42.0428,-88.0798,52138
41.6000,-87.9381,24395
41.5573,-87.6656,19373
42.1681,-88.4281,26005
41.7942,-87.5939,26893
41.9534,-87.7365,56520
41.5252,-88.0834,147861
41.1200,-87.8611,26676
41.8092,-87.5975,17601
41.8050,-87.8692,15723
42.2586,-87.8406,19408
42.1970,-88.0934,19993
42.1817,-88.3304,29024
41.5648,-87.5389,28349
41.6736,-88.0017,16788
42.2831,-87.9531,20436
41.9217,-87.6478,66959
41.9759,-87.6892,40761
41.8011,-88.0748,22964
41.5895,-88.0578,25175
41.9234,-87.6992,73702
41.8800,-88.0078,43797
42.3200,-89.0582,23455
41.8542,-87.6656,34410
42.3472,-89.0390,22927
40.4592,-90.6718,18547
41.5039,-87.7131,19195
41.8792,-87.8431,24012
42.3334,-88.2668,26657
41.8317,-87.6737,15612
41.9006,-87.8567,25379
41.5261,-87.8892,19923
41.5067,-90.5151,42681
41.7306,-88.3459,19489
41.6903,-87.6667,22924
40.6128,-89.4593,16306
42.0406,-87.7826,23448
41.6981,-87.7087,18783
42.0664,-87.9373,54747
42.2631,-88.0040,31582
41.7859,-88.1473,147100
41.9000,-87.6345,85711
41.8567,-87.6248,22401
41.8075,-87.6564,40997
41.5120,-87.9656,25800
42.0189,-87.8028,29876
40.5142,-88.9906,54373
41.8061,-88.3273,17456
41.9539,-87.6790,34623
42.3256,-87.8412,29491
41.8600,-87.7184,35276
40.7175,-89.5843,113004
42.1275,-87.8290,33663
41.6028,-87.7439,28074
41.7109,-87.7581,56781
41.8850,-87.7845,52287
41.6303,-87.8539,58619
41.6828,-88.3515,33955
41.3456,-88.8426,18342
42.1103,-88.0342,69308
41.6967,-87.8170,17565
41.4914,-87.6745,21954
42.0111,-87.8406,37757
40.5675,-89.6407,33223
40.6936,-89.5890,115070
41.6270,-88.2040,42527
41.9578,-87.7651,64841
42.0953,-87.9376,16386
41.5095,-90.5787,38620
42.2711,-89.0940,148278
42.0086,-87.6667,54402
42.0842,-88.0131,24190
41.6475,-88.0895,39719
41.9847,-88.0798,22994
42.3534,-88.0934,18461
42.3717,-88.0901,27852
41.9142,-88.3087,32974
42.0334,-88.0834,74693
41.5200,-88.2017,16747
42.0334,-87.7334,64821
41.7398,-87.5542,28095
41.9942,-88.2923,22365
41.6009,-87.6070,22043
41.8436,-87.7125,73826
41.7620,-87.5778,51451
41.7886,-89.6962,15057
42.0256,-88.1784,40554
41.9889,-88.6868,17712
41.5734,-87.7845,57143
41.9659,-87.6526,55137
40.1106,-88.2073,42311
42.2195,-87.9795,26314
41.8897,-87.9890,21969
41.9381,-88.4045,22560
40.7037,-89.4073,16664
42.3636,-87.8448,88475
41.8847,-88.2040,27447
41.7939,-87.7245,19219
41.7781,-87.6667,32156
41.8806,-87.7292,17742
41.7728,-87.7223,32749
41.9997,-87.6928,72211
41.8938,-87.6749,86429
41.8506,-87.8820,16729
41.7959,-87.9756,24941
41.8661,-88.1070,53715
42.1392,-87.9290,38079
42.0722,-87.7228,27413
41.7795,-87.5995,24150
41.7470,-88.0503,33370
42.3147,-88.4487,25189
41.6411,-88.4473,18451
42.4461,-87.8328,24117
40.1053,-85.6803,55305
40.0412,-86.8744,16024
41.4170,-87.3653,28879
41.4942,-87.5217,16051
41.6392,-87.4548,28699
41.6820,-85.9767,52348
41.1306,-85.1289,260326
40.2795,-86.5108,16060
41.5934,-87.3464,77156
41.5823,-85.8344,32983
41.7534,-86.1108,30465
41.5284,-87.4236,16378
41.5834,-87.5000,77614
41.5536,-87.4520,22936
41.5323,-87.2550,28404
40.8831,-85.4975,17095
40.4864,-86.1336,57995
40.4167,-86.8753,71111
40.0484,-86.4692,15892
40.7545,-86.3567,17793
40.5584,-85.6591,29081
41.4828,-87.3328,35224
41.7075,-86.8950,31459
41.6620,-86.1586,48261
40.1934,-85.3864,70087
41.5645,-87.5125,22984
41.0706,-85.0144,15709
40.0456,-86.0086,59093
41.5759,-87.1762,36738
41.4789,-87.4548,28791
41.6834,-86.2500,101516
41.4731,-87.0611,32626
40.4259,-86.9081,45550
40.0428,-86.1275,36738
42.1048,-70.9453,15985
42.4851,-71.4328,20897
42.0695,-72.6148,28761
42.3584,-71.1259,28821
42.8584,-70.9300,18313
42.3672,-72.5185,39833
42.3754,-72.5192,19065
42.4154,-71.1564,42844
42.2612,-71.4634,15802
42.2834,-71.0689,30000
41.9445,-71.2856,44284
42.1945,-71.8356,16724
42.3501,-71.0870,17577
41.7001,-70.2995,47821
42.3959,-71.1787,24729
42.5584,-70.8800,41186
42.5534,-70.8537,40365
42.5584,-71.2690,39904
42.3584,-71.0598,653833
42.3501,-71.1564,45977
42.0834,-71.0184,95314
42.3318,-71.1212,58732
42.5048,-71.1956,24498
42.3751,-71.1056,110402
42.1584,-71.1448,21679
42.3779,-71.0620,20397
42.5998,-71.3673,33925
42.3918,-71.0328,39398
42.3306,-71.1662,23649
42.1487,-72.6079,56741
42.4604,-71.3490,16810
42.5751,-70.9300,26493
42.2418,-71.1662,24729
42.2973,-71.0745,97826
42.6704,-71.3020,28831
42.0418,-70.6723,15059
42.3751,-71.0392,43066
42.0645,-72.5126,15102
42.2668,-72.6690,16611
42.0245,-71.1287,23459
42.4084,-71.0537,46050
41.6376,-70.9036,16453
41.7015,-71.1551,94000
42.5834,-71.8023,40545
42.2793,-71.4162,68318
42.2973,-71.4370,65413
42.0834,-71.3967,30636
42.5751,-71.9981,20333
42.6140,-70.6631,29781
42.2070,-71.6856,16583
42.5876,-72.5995,19753
42.1132,-70.8120,16906
42.7762,-71.0773,62765
42.3518,-71.8634,17016
42.2043,-72.6162,40684
42.2557,-71.1245,31845
42.3098,-71.1203,37468
42.7070,-71.1631,80231
42.5251,-71.7598,41569
42.4473,-71.2245,31394
42.0501,-72.5829,15784
42.6334,-71.3162,110699
42.1601,-72.4759,22201
42.4668,-70.9495,92457
42.4251,-71.0662,61068
42.0334,-71.2189,23380
42.5001,-70.8578,19808
42.3459,-71.5523,39818
42.2723,-71.0870,36299
42.4184,-71.1062,57403
42.4584,-71.0662,27997
42.7262,-71.1909,52044
41.8932,-70.9112,23116
42.1398,-71.5162,25055
42.2495,-71.0662,27003
42.2834,-71.3495,32276
42.2834,-71.2328,28886
41.6353,-70.9270,101079
42.8126,-70.8773,17982
42.3370,-71.2092,88817
42.1834,-72.5995,55179
42.3251,-72.6412,28540
41.9668,-71.1870,19808
42.1945,-71.1995,28602
42.3876,-71.0037,15741
42.1584,-72.3287,18261
42.5279,-70.9287,52504
42.4501,-73.2454,43303
42.2529,-71.0023,93618
42.1626,-71.0412,32112
42.5256,-71.0953,24747
42.1307,-70.9162,17982
42.2912,-71.1245,27683
42.3306,-71.0912,15248
42.5198,-70.8955,42869
42.4648,-71.0101,26628
42.2959,-71.7129,33893
41.7696,-71.1287,18165
42.3876,-71.0995,80318
42.3334,-71.0495,571281
42.2584,-72.5745,17652
42.5098,-70.9495,50293
42.0751,-72.0334,19030
42.1015,-72.5898,154341
42.4801,-71.0995,21437
42.1251,-71.1023,26915
42.3834,-71.4162,17343
41.7482,-71.1898,16525
41.9001,-71.0898,56789
42.6106,-71.2342,29326
42.5065,-71.0728,24932
42.3765,-71.2356,63378
42.3709,-71.1828,31915
42.2965,-71.2926,27982
42.1070,-72.6204,27912
42.2793,-71.1495,30442
42.1251,-72.7495,41690
42.5793,-71.4378,21587
42.2209,-70.9398,54395
42.5465,-71.1737,22325
42.4523,-71.1370,21374
42.3751,-70.9828,17618
42.4793,-71.1523,39555
42.2626,-71.8023,206518
41.7057,-70.2286,25243
44.0979,-70.2312,22871
44.3106,-69.7795,18899
44.7988,-68.7726,32391
43.4926,-70.4534,21282
43.9145,-69.9653,15175
44.1003,-70.2148,36202
43.6574,-70.2589,66881
43.5009,-70.4428,19078
43.4393,-70.7742,20893
43.6415,-70.2409,25556
43.6390,-70.3153,23893
44.5520,-69.6317,16261
43.5704,-70.3878,27706
43.6770,-70.3712,17978
41.8976,-84.0372,20691
42.2575,-83.2110,27425
42.9723,-85.9536,17579
42.2776,-83.7409,117070
42.6875,-83.2341,22672
42.3173,-85.1782,51589
43.5945,-83.8889,33917
42.5031,-83.1835,15268
42.5467,-83.2113,20857
42.9995,-83.6163,28788
42.3087,-83.4822,86825
42.5870,-82.9199,99753
42.3223,-83.1763,95171
42.3370,-83.2733,56145
42.3314,-83.0457,645705
42.7370,-84.4839,48471
42.4684,-82.9555,32657
42.4853,-83.3772,81330
42.4606,-83.1346,20177
43.0125,-83.6875,98310
42.9595,-85.4898,25867
42.3256,-83.3310,26920
42.9634,-85.6681,195097
42.9098,-85.7631,15953
42.4436,-82.9069,15762
42.3928,-83.0496,22002
42.7470,-84.4011,19220
42.4625,-83.1041,16597
42.7875,-86.1089,33742
42.6406,-84.5152,23973
42.2459,-84.4013,33133
42.9072,-85.7920,16538
42.2917,-85.5872,76041
42.8695,-85.6448,51357
42.7325,-84.5555,112644
42.2506,-83.1785,37012
42.3684,-83.3527,94635
42.4859,-83.1052,30198
46.5435,-87.3954,21297
43.6156,-84.2472,42200
41.9164,-83.3977,20092
42.5973,-82.8780,16400
43.5978,-84.7675,26060
43.2342,-86.2484,38401
43.1689,-86.2639,24208
42.4806,-83.4755,58723
42.4595,-83.1827,29752
42.7223,-84.4275,21369
42.6389,-83.2910,59917
42.9709,-82.4249,29330
42.2011,-85.5800,48177
42.3834,-83.2966,49936
42.6584,-83.1499,73424
42.2223,-83.3966,23417
42.4973,-82.9371,47637
42.4895,-83.1446,59008
43.4195,-83.9508,49347
42.6709,-83.0330,74099
42.4734,-83.2219,73156
42.2139,-83.1938,29293
42.4970,-82.8888,59715
42.5803,-83.0302,132052
42.2409,-83.2696,61568
44.7631,-85.6206,15218
42.1395,-83.1783,18380
42.6056,-83.1499,83280
43.0014,-85.7681,24647
42.4904,-83.0130,134056
42.6930,-83.4118,75737
42.7392,-84.6208,23925
42.2814,-83.3863,17081
42.3242,-83.4002,82000
42.2142,-83.1499,25156
42.9134,-85.7053,75275
42.2411,-83.6130,19945
43.6480,-93.3683,17674
45.2333,-93.2913,32213
45.1977,-93.3872,17350
44.7319,-93.2177,51221
43.6666,-92.9746,24563
45.1608,-93.2349,62124
44.8408,-93.2983,86435
45.0761,-93.3327,30770
45.0941,-93.3563,79149
45.1719,-93.8747,16026
44.7677,-93.2777,61481
45.1889,-93.3975,23894
44.8622,-93.5308,25332
44.7894,-93.6022,25199
45.0408,-93.2630,19715
45.1200,-93.2877,62240
44.8277,-92.9438,35918
45.0327,-93.3602,22943
46.7833,-92.1066,86110
44.8041,-93.1669,66286
44.8547,-93.4708,63496
44.8897,-93.3500,50138
45.3038,-93.5672,23963
44.2950,-93.2688,23650
44.6402,-93.1436,22731
45.2789,-92.9852,19618
45.0861,-93.2633,27713
45.0097,-93.3491,21270
45.2502,-93.2499,16062
44.7433,-92.8524,22554
47.4271,-92.9377,16204
44.9250,-93.4627,17591
44.8480,-93.0427,34857
44.6497,-93.2427,60633
45.1602,-93.0888,21050
44.1591,-94.0092,41044
45.0725,-93.4558,68385
44.9530,-92.9952,40567
44.9800,-93.2638,410939
44.9133,-93.5033,51669
44.9411,-93.4419,50117
46.8739,-96.7695,42005
45.0655,-93.2019,22351
45.0380,-93.3866,21032
44.4583,-93.1616,20380
44.9630,-92.9649,28080
45.2741,-93.5914,15551
44.0838,-93.2260,25725
45.0105,-93.4555,75907
44.7133,-93.4227,25282
45.2611,-93.4500,25828
44.5625,-92.5338,16445
44.8833,-93.2830,36216
44.0216,-92.4699,112225
44.7394,-93.1258,23413
45.0061,-93.1566,35580
45.5608,-94.1625,65842
44.9483,-93.3480,45250
45.2100,-93.6650,16399
44.9444,-93.0933,303176
45.6216,-94.2069,16788
44.7791,-93.3363,30391
44.7980,-93.5269,39981
45.0791,-93.1472,26477
44.8927,-93.0349,20160
45.0564,-92.8060,18924
45.1597,-93.3497,62528
44.9161,-93.1016,19540
45.0847,-93.0099,25205
45.1219,-95.0433,19638
44.0500,-91.6393,27094
44.9239,-92.9594,67855
40.1947,-92.5833,17520
46.8772,-96.7898,118523
47.9253,-97.0328,57011
46.9105,-98.7084,15422
46.8750,-96.9004,33597
41.1367,-95.8908,55510
41.4297,-97.3684,22797
41.4333,-96.4981,26474
40.9250,-98.3420,51440
40.5861,-98.3884,24924
40.6995,-99.0815,33021
41.1839,-96.0311,16921
40.8000,-96.6670,294757
42.0283,-97.4170,24366
41.2563,-95.9404,486051
41.1544,-96.0422,19510
42.9465,-71.5159,21188
43.2081,-71.5376,43976
42.8806,-71.3273,22015
42.8918,-71.3120,34539
43.1979,-70.8737,30880
43.2420,-71.5381,42605
42.9337,-72.2781,23265
43.5279,-71.4703,16227
42.9956,-71.4548,110229
42.8651,-71.4934,26726
42.7654,-71.4676,87970
43.0770,-70.7577,21530
43.3045,-70.9756,30038
42.7884,-71.2009,29549
40.2204,-74.0121,15818
40.5804,-74.2852,17011
40.7062,-74.5493,21424
40.6687,-74.1143,66311
40.7937,-74.1501,36878
40.9276,-73.9974,27621
40.8068,-74.1854,49120
40.0593,-74.1371,76021
40.5773,-74.2282,24170
40.8215,-73.9876,24857
40.8584,-74.1638,86334
40.5746,-74.3021,17795
40.6584,-74.2996,22627
40.8923,-74.4774,16669
40.8840,-74.5621,18346
40.9406,-73.9968,18001
40.4279,-74.4160,48495
40.7673,-74.2049,64949
40.5187,-74.4121,102548
40.6640,-74.2107,129007
40.9040,-74.1185,20279
40.8929,-73.9726,28539
40.2698,-74.7999,36559
40.9404,-74.1318,33597
40.5293,-74.3160,15187
40.8509,-73.9701,36672
40.8815,-74.1132,31802
40.8859,-74.0435,44834
40.7465,-74.1563,15474
40.9493,-74.1538,19074
40.4776,-74.6268,38303
40.7012,-74.2301,22155
40.7440,-74.0324,53635
40.9440,-74.6707,16267
40.7323,-74.2349,61323
40.5754,-74.3224,18695
40.7282,-74.0776,264290
40.7684,-74.1454,42137
40.0979,-74.2176,53805
40.6221,-74.2446,42021
40.7959,-74.3149,27853
40.8823,-74.0832,24835
40.3043,-73.9924,30941
40.8120,-74.1243,19996
40.7598,-74.4171,16126
41.0887,-74.1438,24062
40.7312,-74.2735,25008
40.3154,-74.2463,40191
40.3943,-74.1171,65490
40.8259,-74.2090,39701
40.7968,-74.4815,18594
40.4862,-74.4518,57035
40.9351,-74.0190,16801
40.7357,-74.1724,281944
40.7884,-74.1332,15904
40.8043,-74.0121,63484
40.6301,-74.4274,22140
40.8223,-74.1599,27572
40.4148,-74.3654,23753
40.7707,-74.2327,34457
40.8482,-73.9976,20743
40.9445,-74.0754,26974
40.8579,-74.4260,51144
40.8568,-74.1285,71085
40.9168,-74.1718,147754
40.5068,-74.2654,52682
40.4993,-74.3990,56044
40.6337,-74.4074,51217
40.0832,-74.0682,18523
40.3487,-74.6590,29603
40.6082,-74.2776,29508
41.0573,-74.1410,15102
40.9793,-74.1165,25621
40.6522,-74.2588,21670
40.8265,-74.1068,18690
40.4593,-74.3610,44920
40.4654,-74.3304,42890
40.6554,-74.3899,23584
40.7895,-74.0565,19104
40.4976,-74.4885,22083
40.4082,-74.3543,23233
40.7490,-74.2613,17295
40.5793,-74.4115,24290
40.4465,-74.3860,16399
41.0334,-74.6385,19722
40.7156,-74.3647,22074
40.8976,-74.0160,40078
40.3043,-74.1004,17772
40.2171,-74.7429,89620
40.6976,-74.2632,56771
40.7796,-74.0238,69156
40.9254,-74.2765,57915
41.1312,-74.3674,26968
40.7879,-74.0143,53366
40.7987,-74.2390,48131
40.6590,-74.3474,30548
40.0279,-74.8691,31668
40.5576,-74.2846,19265
41.0095,-74.1729,17124
42.6526,-73.7562,101228
42.9784,-78.7998,122366
42.9387,-74.1882,18008
40.7721,-73.9301,150165
42.9317,-76.5661,26985
40.6565,-73.6093,24033
42.9981,-78.1875,15010
40.6046,-74.0043,33080
40.7251,-73.2454,26337
40.8693,-73.8364,16274
40.7684,-73.7771,66455
40.6687,-73.5271,16218
40.6018,-73.9940,60000
40.7443,-73.4821,16429
42.0987,-75.9180,46032
40.6340,-73.9968,149248
40.7812,-73.2462,60664
43.1476,-77.5506,36609
40.5779,-73.9596,31462
40.8499,-73.8664,1385108
40.6501,-73.9496,2736074
40.6954,-73.9938,20256
40.6609,-73.9201,74497
42.8865,-78.8784,258071
40.6943,-73.9188,112620
40.6945,-73.7385,20287
40.6437,-73.9007,87366
40.8584,-73.0995,31578
40.7906,-73.2018,34450
42.9034,-78.7548,75178
40.7165,-73.9963,90000
43.1756,-76.1194,31632
43.1859,-76.1724,58206
42.8656,-73.7709,36705
42.7742,-73.7001,16538
40.7876,-73.8460,27307
40.8429,-73.2929,36124
40.5779,-73.9940,60000
40.6815,-73.3998,22993
40.8687,-73.0015,39113
40.7471,-73.8601,109698
42.6012,-76.1805,18907
40.6771,-73.8912,54944
40.7618,-73.3293,27745
42.9040,-78.6923,15146
40.8048,-73.3362,26892
40.6215,-74.0096,34399
43.0184,-78.6967,24914
40.7612,-73.8651,23150
40.6537,-73.9304,178464
40.7140,-73.5590,38132
40.6734,-73.4365,19069
40.6668,-73.8824,173198
40.8768,-73.3246,20217
40.7670,-72.9962,22469
40.9415,-73.1059,17006
40.8454,-73.8910,22886
40.7293,-73.9874,62832
40.9583,-73.8086,19554
42.9634,-78.8039,15019
40.7365,-73.8779,113364
42.0898,-76.8077,28213
40.7009,-73.7129,33198
40.6087,-74.0960,15412
40.6054,-73.7551,39189
40.8312,-73.0296,15481
40.6521,-73.9590,93361
40.6212,-73.9349,63601
40.7237,-73.7048,15969
40.8593,-73.8985,94678
40.7162,-73.8501,67714
40.6187,-74.0332,28966
40.7073,-73.6760,29320
40.6576,-73.5832,43334
40.7348,-73.7935,28397
40.7268,-73.6343,22612
40.8623,-73.6337,27400
40.7015,-73.8868,34389
42.9292,-74.0521,29326
43.0528,-74.3438,15023
43.0331,-78.9625,20813
40.6248,-74.1485,15272
40.5976,-73.9651,112229
40.5543,-74.1515,22000
41.0329,-73.8429,86764
40.7237,-73.9510,34719
40.8079,-73.9454,116345
40.9690,-73.7126,28348
40.8257,-73.2026,20882
40.7650,-73.9909,45884
40.7062,-73.6187,55547
43.0592,-77.6122,42581
40.7684,-73.5251,41547
40.7079,-73.7868,24808
40.8123,-73.0784,27195
40.7134,-73.7671,20269
40.8154,-73.0451,19714
40.6579,-73.8363,26148
40.8681,-73.4257,18046
40.8534,-73.4115,33029
40.8126,-73.8840,27204
43.2134,-77.5797,51692
40.7298,-73.2104,18689
42.4406,-76.4966,30788
40.7557,-73.8854,67067
40.6915,-73.8057,216866
42.0970,-79.2353,30075
42.9659,-78.8700,15160
40.6462,-73.9707,39120
40.7143,-73.8310,18983
40.8787,-73.9051,75132
40.8862,-73.2573,17282
41.9270,-73.9974,23436
41.3420,-74.1679,32954
42.8256,-78.8234,17965
40.8351,-73.1312,20155
42.7470,-73.7590,20736
40.6702,-73.7466,21053
40.7259,-73.5143,51881
40.6868,-73.3735,27277
43.1706,-78.6903,20624
40.5884,-73.6579,33550
40.7448,-73.9488,25595
40.6548,-73.6718,19558
40.9487,-73.7326,19375
40.7834,-73.9663,1487536
40.6368,-74.1587,19905
40.7232,-73.9126,48325
40.6807,-73.4743,21685
40.6804,-73.4551,17232
40.8020,-72.8409,15481
40.8176,-73.0001,24142
40.8246,-73.9104,22470
40.7934,-73.4151,18985
40.6629,-73.5515,22097
40.7165,-73.8812,29491
41.4459,-74.4229,27812
40.7493,-73.6407,19139
41.1112,-74.0685,18412
40.8498,-73.9199,40982
40.8293,-73.9065,23127
40.8090,-73.9229,51450
40.9126,-73.8371,68628
41.0887,-74.0135,17882
41.1476,-73.9893,33559
40.9115,-73.7823,79846
40.5934,-74.1632,20756
40.7143,-74.0060,8804190
41.5034,-74.0104,28290
43.0945,-79.0567,48916
40.6976,-73.4251,17862
40.7165,-73.3218,17509
40.7530,-73.2602,18944
40.6915,-73.5335,19941
40.7009,-73.4621,17886
43.0387,-78.8642,30785
40.6851,-73.7018,16628
40.6387,-73.6401,32109
41.1629,-73.8615,25441
43.4554,-76.5105,17787
40.6768,-73.8438,53985
40.6701,-73.9860,65047
40.8390,-73.8604,65876
41.0590,-74.0218,15876
41.2901,-73.9204,24043
40.7765,-73.4673,26217
44.6995,-73.4529,19806
41.0018,-73.6657,29620
40.6332,-74.1365,15470
40.8257,-73.6982,15846
41.7004,-73.9210,30371
40.7268,-73.7415,51919
40.6815,-73.8365,2316841
43.3773,-73.6132,27703
40.7265,-73.8526,43925
40.6998,-73.8312,98984
40.7001,-73.9057,69317
43.1548,-77.6156,209802
40.6587,-73.6412,24201
43.2129,-75.4557,32573
40.8210,-73.1430,19082
40.6787,-73.5890,16258
40.6621,-73.7354,25812
40.5493,-74.2102,18792
42.7870,-73.9710,20652
40.9806,-73.6837,16046
43.0831,-73.7846,27765
40.7359,-73.0821,16853
41.0051,-73.7846,17885
42.8142,-73.9396,65305
40.6659,-73.4882,15294
40.8665,-73.0357,19851
40.5912,-73.9446,122534
40.8015,-72.8676,27854
40.8559,-73.2007,26470
40.6701,-73.8190,75878
40.6631,-73.7622,30515
41.1131,-74.0438,32598
40.5623,-74.1399,468730
40.7398,-73.9354,49833
40.8262,-73.5021,18829
43.0481,-76.1474,144142
40.7215,-73.7693,15421
40.8226,-73.8196,33683
40.8495,-73.9057,22870
42.7284,-73.6918,49906
40.7004,-73.5929,24759
40.8273,-73.8501,23895
40.8601,-73.9093,27935
40.7871,-73.9754,226989
43.1009,-75.2327,61100
40.6643,-73.7085,37962
40.8484,-73.8637,23700
42.0851,-76.0538,28043
40.8979,-73.8524,52201
40.6837,-73.5101,18871
40.8501,-73.9354,152613
43.9748,-75.9108,26780
42.6831,-73.7785,93794
40.7182,-73.3543,43213
40.7048,-73.6501,18862
40.7062,-73.3062,28335
42.8501,-78.7998,44711
40.7557,-73.5876,15379
41.0340,-73.7629,58459
40.7946,-73.8185,36984
40.7143,-73.9535,33000
43.1801,-73.7443,17361
40.6893,-73.8579,36555
40.6320,-73.7126,17121
40.5415,-74.1911,21005
40.7454,-73.9054,41981
40.9304,-73.8979,201116
41.0814,-81.5190,197542
40.9153,-81.1059,22055
40.8687,-82.3182,20317
41.8650,-80.7898,18371
41.3175,-81.3454,15838
41.1017,-80.7645,29677
41.4517,-82.0354,22544
41.4598,-82.0196,15724
41.5053,-82.0282,23453
41.0128,-81.6051,26234
41.4848,-81.9221,15402
41.3662,-81.8543,18874
41.0242,-80.6629,35376
41.3748,-83.6513,31246
41.3139,-81.6851,19229
41.3984,-81.8046,18809
41.2381,-81.8418,34689
40.7989,-81.3785,71885
41.4995,-81.6954,365379
41.5584,-81.5693,34220
41.1339,-81.4846,49146
41.2845,-84.3558,16776
40.2987,-83.0680,37995
40.0992,-83.1141,45098
41.5331,-81.5790,17344
41.6539,-81.4504,18232
41.3684,-82.1077,53775
41.5931,-81.5268,47676
41.4414,-81.8643,16407
41.0442,-83.6499,41149
41.3503,-83.1219,16297
40.0192,-82.8793,34590
41.4170,-81.6060,28097
41.5334,-81.6174,23559
40.9459,-81.4832,25898
40.0334,-83.1582,33649
41.5120,-81.6365,16359
41.2401,-81.4407,22437
41.1537,-81.3579,29810
41.4820,-81.7982,50656
40.7426,-84.1052,37873
41.4528,-82.1824,63647
40.7584,-82.5155,46830
41.4153,-81.5660,22631
40.5887,-83.1285,36363
40.2364,-83.3671,22817
40.7967,-81.5215,32252
41.5192,-81.4579,18840
41.1384,-81.8637,26339
41.6662,-81.3396,46901
41.3614,-81.8129,15696
40.3934,-82.4857,16742
40.4898,-81.4457,17484
40.0581,-82.4013,47986
41.1828,-80.7654,18651
40.8759,-81.4023,17441
41.4156,-81.9235,32004
41.3895,-82.0190,32483
41.3137,-81.7246,30311
41.2426,-82.6157,16827
41.6437,-83.4869,20102
41.7245,-81.2457,19776
41.4048,-81.7229,79937
41.3901,-81.7596,20246
41.5570,-83.6272,21423
40.1448,-84.2424,20790
41.4756,-81.8393,20376
41.4489,-82.7080,25212
41.4739,-81.5371,27646
40.2842,-84.1555,20858
41.3898,-81.4412,23043
41.5231,-81.5185,21794
40.3698,-80.6340,18219
41.1595,-81.4404,34797
41.2392,-81.3459,16312
41.3145,-81.8357,44668
41.7189,-83.7130,18965
41.1014,-81.4418,17512
41.1145,-83.1780,17687
41.6639,-83.5552,265638
40.0395,-84.2033,25659
41.3126,-81.4401,18872
41.0256,-81.7298,21860
41.2376,-80.8184,40245
40.1262,-82.9291,38384
41.4553,-81.9179,32428
41.6398,-81.4065,22631
40.8052,-81.9365,26749
41.0998,-80.6495,64628
40.1207,-75.1179,55310
40.6084,-75.4902,120207
40.5595,-79.9587,21552
40.5187,-78.3947,45344
41.3359,-75.9963,26973
40.3381,-79.9789,19819
40.1046,-74.9513,60427
40.3276,-80.0395,32118
40.6259,-75.3705,74892
40.0826,-75.0316,32655
40.2015,-77.1889,19143
40.6884,-75.2207,26915
42.1292,-80.0851,99475
40.0812,-75.0802,19730
40.0138,-75.0786,23503
40.2737,-76.8844,50183
40.9584,-75.9746,24825
41.2334,-80.4487,16028
40.0415,-75.0280,28046
40.0165,-75.1438,17682
40.3267,-78.9220,19966
40.0085,-75.1088,17643
40.0893,-75.3960,19936
40.0379,-76.3055,59339
40.2415,-75.2838,16512
40.0504,-75.0916,24134
40.3409,-76.4113,25534
40.1551,-74.8288,52983
40.2309,-75.5221,18074
40.0284,-75.1516,21926
40.3479,-79.8642,19453
40.4212,-79.7881,28176
40.3554,-80.0495,32730
40.4284,-79.6976,20134
41.0037,-80.3470,22375
40.0099,-75.1639,17382
40.1215,-75.3399,34412
40.0412,-75.1238,39154
40.0501,-75.0718,48856
40.0934,-74.9680,16787
40.5012,-79.8392,44610
40.1304,-75.5149,16658
40.4406,-79.9959,304391
40.5003,-79.7495,27505
40.2454,-75.6496,22664
40.0462,-75.3599,30878
40.3357,-75.9269,87879
40.0618,-75.0557,25581
41.4092,-75.6649,77118
40.1234,-75.0149,33247
40.7934,-77.8600,42161
40.0312,-75.0443,17846
40.3359,-80.0834,19229
40.0440,-75.3877,30892
40.3634,-79.8664,20075
40.0693,-75.1663,38699
40.6668,-75.4999,24896
41.2459,-75.8813,40780
40.4417,-79.8820,15731
41.2412,-77.0011,29201
40.1440,-75.1157,15726
40.0223,-75.0632,21445
41.7407,-71.3087,16669
41.6771,-71.2662,22795
41.8907,-71.3923,19303
41.7001,-71.6828,35525
41.7798,-71.4373,81073
41.9668,-71.4328,34843
41.8137,-71.3701,47408
41.5457,-71.2914,17303
41.4501,-71.4495,15868
41.4901,-71.3128,24232
41.5501,-71.4662,28042
41.8501,-71.4662,33835
41.8787,-71.3826,71591
41.6023,-71.2503,17756
41.8240,-71.4128,190934
41.9220,-71.5495,21872
41.7001,-71.4162,81699
41.6969,-71.5219,30146
41.3776,-71.8273,17936
42.0029,-71.5148,41475
45.4647,-98.4865,28102
44.3114,-96.7984,23657
43.7094,-98.0298,15669
43.5437,-96.7280,171544
44.8994,-97.1151,22073
44.4759,-73.2121,42452
44.5439,-73.1479,16986
43.6106,-72.9726,15824
44.4670,-73.1710,18791
44.2619,-88.4154,74139
44.4822,-88.0701,17176
43.4578,-88.8373,16564
44.4442,-87.9201,15317
42.5084,-89.0318,36891
43.0606,-88.1065,38025
42.8078,-87.9243,24684
42.9597,-87.8615,18353
44.4489,-88.0604,24724
44.8113,-91.4985,67778
42.9608,-89.4698,27996
43.7750,-88.4388,42933
42.8886,-88.0384,36222
43.2286,-88.1104,19993
44.5192,-88.0198,105207
42.9614,-88.0126,37349
44.5436,-88.0882,19250
42.6828,-89.0187,64123
44.2780,-88.2720,15854
42.5847,-87.8212,99858
43.8014,-91.2396,52306
43.0731,-89.4012,280305
44.0886,-87.6576,33010
44.6688,-90.1718,18620
44.2022,-88.4465,17572
43.1789,-88.1173,36119
44.8755,-91.9193,16305
43.2156,-88.0300,23132
43.0972,-89.5043,18979
43.0389,-87.9065,563531
42.9059,-88.1390,24755
44.1858,-88.4626,25792
42.9764,-88.1084,39825
43.8464,-91.2482,50470
42.8858,-87.8631,35243
43.1117,-88.4993,16360
43.8844,-91.2351,18468
44.0247,-88.5426,66555
42.5531,-87.9334,20726
42.7261,-87.7828,77742
44.8614,-92.6238,15269
43.7508,-87.7145,48797
42.9106,-87.8606,21233
44.5236,-89.5746,26604
43.1836,-89.2137,32365
46.7208,-92.1041,26579
43.1947,-88.7290,23819
43.0117,-88.2315,71970
44.9591,-89.6301,39094
43.0495,-88.0076,47614
43.0167,-88.0070,60620
43.4253,-88.1834,31695
44.8908,-89.5476,15069
44.3836,-89.8174,17897
40.4190,-80.5895,19175
40.4084,-80.5392,19450
40.0640,-80.7209,27648
41.3462,-73.0790,18854
41.8098,-72.8307,18932
41.8265,-72.7301,21535
41.1792,-73.1894,147629
41.6718,-72.9493,60452
41.2795,-72.8151,29438
41.4990,-72.9007,29443
34.3992,-118.9181,15548
33.3703,-112.5838,50876
35.1478,-114.5683,39445
32.8795,-111.7574,51460
32.3234,-110.9951,66795
32.2978,-110.9187,50796
33.3062,-111.8413,260828
33.6839,-112.1349,165656
31.3446,-109.5453,16592
32.1412,-111.0284,27749
33.6131,-112.3246,33935
32.7559,-111.5548,17059
35.1981,-111.6513,70320
33.0314,-111.3873,31110
32.2940,-111.0098,16419
32.6578,-114.4119,26265
33.6117,-111.7174,23899
33.3528,-111.7890,247542
33.5386,-112.1860,240126
33.4353,-112.3582,79003
31.8543,-110.9937,21391
35.1894,-114.0530,28912
34.4839,-114.3225,53553
32.4367,-111.2254,41315
33.0581,-112.0476,48602
33.5020,-112.1776,208189
33.4223,-111.8226,471825
31.3404,-110.9343,20252
32.3909,-110.9665,45303
34.2309,-111.3251,15345
33.5806,-112.2374,190985
33.4484,-112.0740,1650070
34.5400,-112.4685,41899
34.6100,-112.3157,42197
33.2487,-111.6343,34614
31.4715,-110.9765,18962
31.9576,-110.9557,25707
32.4870,-114.7822,31520
33.5092,-111.8990,236839
31.5545,-110.3037,43355
32.5964,-114.7097,15048
33.5975,-112.2718,37499
33.6620,-112.3413,24535
33.6306,-112.3332,143148
32.2517,-110.7373,16901
33.4148,-111.9093,175826
33.4142,-111.9435,158368
32.2217,-110.9265,542629
32.7253,-114.6244,95548
34.5828,-117.4092,33166
34.1431,-118.7379,20537
34.1364,-118.7745,20915
38.3241,-122.4880,27090
37.7710,-122.2609,78630
37.8869,-122.2977,19735
34.0953,-118.1270,85551
33.5650,-117.7271,50195
34.1897,-118.1312,42777
37.3661,-121.8272,15536
38.1749,-122.2608,20554
33.8353,-117.9145,350742
38.7082,-121.3299,45770
38.0049,-121.8058,110542
34.5008,-117.1859,72174
34.1397,-118.0353,58408
35.1186,-120.5907,18108
33.8659,-118.0831,16961
35.2091,-118.8284,20876
37.6947,-122.1138,21925
35.4894,-120.6707,29819
34.1164,-118.2565,15455
37.3477,-120.6091,29237
34.0361,-117.9912,15411
34.1336,-117.9076,49690
35.3733,-119.0187,373640
34.0853,-117.9609,77071
33.9256,-116.8764,30945
34.8986,-117.0228,23692
34.8697,-117.0562,24202
38.0291,-121.9616,21534
33.9295,-116.9772,43811
33.9775,-118.1870,36205
33.9653,-118.1515,43106
33.8817,-118.1170,78441
37.5202,-122.2758,27218
38.0494,-122.1586,28167
37.8716,-122.2728,120972
34.0736,-118.4004,34869
34.0703,-117.3959,23851
33.6103,-114.5964,19208
32.8075,-116.9364,15379
34.0339,-118.2053,92785
32.9787,-115.5303,25897
33.9167,-117.9001,41944
37.9319,-121.6958,58968
34.0519,-118.4740,33312
33.8675,-117.9981,83270
34.1808,-118.3090,105319
37.5841,-122.3661,30459
34.1578,-118.6384,23058
32.6790,-115.4989,40053
34.2164,-119.0376,67608
38.6688,-120.9872,18228
37.2872,-121.9500,41117
34.2011,-118.5981,60578
34.4233,-118.4720,59530
33.1581,-117.3506,114746
38.6171,-121.3283,61762
33.8314,-118.2820,93281
34.4889,-118.6229,19015
37.6941,-122.0863,61388
33.7797,-116.4653,53826
37.5949,-120.9577,47963
33.8584,-118.0648,49975
34.2572,-118.6012,41255
39.7285,-121.8375,121345
37.7966,-122.4086,100574
34.0122,-117.6889,85595
33.9938,-117.7589,78309
37.1230,-120.2602,18510
32.6401,-117.0842,265757
38.7071,-121.2811,87056
34.0967,-117.7198,36283
38.9582,-122.6264,15182
36.8252,-119.7029,104180
33.6803,-116.1739,44635
36.1397,-120.3602,16564
34.0739,-117.3136,54621
33.8959,-118.2201,98462
37.9780,-122.0311,128667
36.0980,-119.5604,22477
33.8753,-117.5664,164226
32.6859,-117.1831,24812
33.6411,-117.9187,113204
34.0900,-117.8903,48984
33.9606,-118.1853,24311
34.0211,-118.3965,39717
37.3230,-122.0322,60572
33.8170,-118.0373,49290
37.7058,-122.4619,106562
33.4670,-117.6981,34181
37.8216,-122.0000,44400
38.5449,-121.7405,67666
35.7688,-119.2471,52733
33.9617,-116.5035,28335
34.0286,-117.8103,56897
36.5433,-119.3871,23702
38.4455,-121.8233,19390
33.9400,-118.1326,114219
34.1394,-117.9773,21990
37.7022,-121.9358,57721
33.8981,-118.1954,15135
33.7400,-116.9389,17418
34.0239,-118.1720,126496
37.4688,-122.1411,29662
32.7948,-116.9625,103679
32.7920,-115.5631,43956
37.9158,-122.3116,23549
38.6857,-121.0822,42108
34.0686,-118.0276,116732
33.9192,-118.4165,17037
38.4088,-121.3716,166913
33.0370,-117.2920,62930
34.1592,-118.5012,44581
33.1192,-117.0864,151038
38.6446,-121.2722,30912
38.2494,-122.0400,112970
33.3764,-117.2511,30534
38.4960,-121.4088,47513
38.6780,-121.1761,76375
34.0922,-117.4351,212704
38.6788,-121.3511,33121
37.5585,-122.2711,33477
33.7092,-117.9537,56987
37.5483,-121.9886,232206
36.7477,-119.7724,542107
33.8703,-117.9253,140847
38.2546,-121.2999,25303
33.7739,-117.9415,175393
33.8884,-118.3090,60447
37.0058,-121.5683,53231
34.0117,-117.4848,20199
34.1425,-118.2551,201020
34.1361,-117.8653,52009
34.4358,-119.8276,30944
38.7632,-121.1638,20402
36.3208,-121.2438,17184
33.9931,-117.9687,54038
36.3274,-119.6457,55659
33.9164,-118.3526,88451
37.6688,-122.0808,158289
33.7476,-116.9731,83861
38.0171,-122.2886,25314
33.8622,-118.3995,19860
34.4264,-117.3009,93295
34.1283,-117.2087,54854
36.8524,-121.4016,37462
34.0983,-118.3267,167664
33.6603,-117.9992,201899
33.9817,-118.2251,59430
32.8475,-115.5694,17095
32.5839,-117.1131,27408
33.7207,-116.2168,87533
33.9617,-118.3531,111666
33.6695,-117.8231,256927
34.4133,-119.8610,23096
34.0578,-118.3009,124281
34.1992,-118.1878,20246
33.9320,-117.9462,62131
32.8473,-117.2742,42808
32.7678,-117.0231,60089
33.9172,-118.0120,49520
33.8464,-118.0467,15904
32.7081,-116.9972,34169
34.0200,-117.9495,40745
33.6634,-116.3100,40476
34.1008,-117.7678,32681
33.5709,-117.6356,22980
37.8858,-122.1180,25843
38.4210,-121.4238,46621
33.5423,-117.7831,23365
33.6125,-117.7128,31748
33.5225,-117.7075,65806
33.6103,-117.7253,16406
33.6681,-117.3273,61981
33.6470,-117.6892,82492
32.8573,-116.9223,20648
33.8536,-118.1340,81611
35.2597,-118.9143,15120
34.6980,-118.1367,161103
37.8227,-121.2766,20866
33.8872,-118.3526,33430
32.7426,-117.0314,26709
36.3008,-119.7829,25647
33.9381,-118.3526,22753
38.8916,-121.2930,49757
39.1277,-121.5508,17773
36.9836,-121.9805,17158
37.6819,-121.7680,88126
38.1302,-121.2725,64596
34.0483,-117.2612,24045
33.7922,-118.3151,20785
34.6392,-120.4579,44164
33.7670,-118.1892,474140
37.3852,-122.1141,30671
34.0522,-118.2437,3820914
37.0583,-120.8499,37457
37.2266,-121.9747,30705
33.9303,-118.2115,71989
36.9613,-120.0607,64208
33.8847,-118.4109,35818
37.7974,-121.2160,75448
36.6844,-121.8022,21229
38.0194,-122.1341,38137
33.9867,-118.1853,27888
33.8334,-117.2961,18510
33.7283,-117.1464,87174
37.4538,-122.1822,33449
37.3022,-120.4830,82436
37.5986,-122.3872,22795
37.4283,-121.9066,77604
33.9925,-117.5164,21930
32.9156,-117.1439,70000
37.7599,-122.4191,47234
33.6000,-117.6720,97156
37.6391,-120.9969,211266
34.1481,-117.9989,37463
34.0775,-117.6898,38690
34.0095,-118.1054,63921
36.6002,-121.8947,28338
34.0625,-118.1228,61468
34.2856,-118.8820,36104
37.8349,-122.1297,17256
33.9375,-117.2306,204198
37.1305,-121.6544,42948
37.3860,-122.0838,80435
33.5539,-117.2139,109830
38.2971,-122.2855,80434
32.6781,-117.0992,61060
37.5297,-122.0402,45336
33.6189,-117.9290,87127
35.0427,-120.4760,16714
33.9311,-117.5487,26289
38.6857,-121.3722,42694
34.1722,-118.3790,64587
34.2283,-118.5367,68469
33.9022,-118.0817,107140
38.1074,-122.5697,55530
37.7666,-120.8471,22259
37.8044,-122.2708,419267
37.9974,-121.7125,39813
33.1959,-117.3795,175691
35.4197,-119.0195,32684
34.0633,-117.6509,171214
33.7878,-117.8531,140992
38.6785,-121.2258,33960
34.8653,-120.4360,28905
37.8772,-122.1797,19279
39.5139,-121.5578,16260
34.1975,-119.1770,207254
34.0481,-118.5265,23121
37.6138,-122.4869,39260
36.6177,-121.9166,15674
33.7225,-116.3770,51869
33.8303,-116.5453,47371
34.5794,-118.1165,158351
37.4419,-122.1430,66853
39.7596,-121.6219,26476
33.8895,-118.1598,55412
36.6116,-119.5271,15138
34.1478,-118.1445,142250
35.6266,-120.6910,27157
37.4716,-121.1297,21498
33.7825,-117.2287,74971
38.2324,-122.6367,60438
33.9831,-118.0967,64218
38.0044,-122.2989,19269
38.0280,-121.8847,69424
33.8722,-117.8703,52495
37.9480,-122.0608,34810
37.6624,-121.8747,79510
34.0553,-117.7523,153266
34.1478,-119.1951,22423
36.0652,-119.0168,56058
32.9628,-117.0359,50157
36.7758,-121.6697,17560
33.0417,-116.8681,20292
38.5891,-121.3027,71017
34.1064,-117.5931,175236
33.7397,-116.4128,18083
33.7445,-118.3870,42732
32.9595,-117.1153,60000
32.7473,-116.9353,21208
33.6409,-117.6031,49324
34.0556,-117.1825,71035
33.8492,-118.3884,68166
37.4852,-122.2364,85288
36.5963,-119.4504,25569
34.2011,-118.5365,65000
34.1064,-117.3703,103132
37.9358,-122.3478,109708
35.6225,-117.6709,28780
38.6910,-121.4486,15106
37.7416,-121.1244,15151
37.7360,-120.9355,24122
33.9534,-117.3962,317261
38.7907,-121.2358,61213
38.3396,-122.7011,42407
34.8641,-118.1634,18150
34.0806,-118.0729,54908
38.5519,-121.3647,22681
38.7521,-121.2880,130269
33.9761,-117.9053,48993
33.9961,-117.4056,34280
38.5816,-121.4944,524943
36.6777,-121.6555,157380
34.1083,-117.2898,216108
37.6305,-122.4111,43185
37.5072,-122.2605,29931
33.4270,-117.6120,65526
32.7157,-117.1647,1404452
34.1067,-117.8067,34630
34.2820,-118.4390,24931
37.7749,-122.4194,827526
34.0961,-118.1058,40424
33.7839,-116.9586,46951
37.3394,-121.8950,997368
33.5017,-117.6625,36454
37.7249,-122.1561,90712
37.6810,-122.1244,23452
35.2828,-120.6596,47339
33.1434,-117.1661,92931
37.5630,-122.3255,103536
37.9622,-122.3455,30407
33.7358,-118.2923,83556
37.9735,-122.5311,59162
37.7799,-121.9780,76134
36.7080,-119.5560,24950
33.7456,-117.8678,310227
34.4208,-119.6982,91842
37.3541,-121.9552,126215
34.3917,-118.5426,182371
36.9741,-122.0308,64220
33.9472,-118.0854,18026
34.9530,-120.4357,105093
34.0195,-118.4914,93220
34.3542,-119.0593,30546
38.4405,-122.7144,178127
32.8384,-116.9739,57787
37.2638,-122.0230,30968
34.0363,-118.4495,39757
33.7414,-118.1048,24619
36.6111,-121.8516,33025
36.5708,-119.6121,24414
34.2364,-118.4847,56946
35.5005,-119.2718,18336
34.1511,-118.4493,52677
34.2694,-118.7815,126788
36.4247,-121.3263,25003
34.0519,-118.0467,20878
33.9547,-118.2120,96401
38.9332,-119.9844,21706
34.1161,-118.1504,26151
37.6547,-122.4077,67271
34.0128,-117.9048,20551
33.9502,-118.0392,57156
39.1166,-121.6391,15217
32.7448,-116.9989,28205
33.8025,-117.9931,38872
37.9577,-121.2908,305658
34.1486,-118.3965,34034
38.2383,-122.0402,28111
33.7092,-117.1973,19579
34.2670,-118.3023,15316
37.3688,-122.0363,155805
34.3078,-118.4493,79614
33.4936,-117.1484,110003
34.1072,-118.0579,36365
34.1706,-118.8376,129339
33.8359,-118.3406,143592
37.7399,-121.4262,87075
39.3280,-120.1833,16299
34.2522,-118.2884,26527
36.2077,-119.3473,62315
37.4947,-120.8466,72292
33.7458,-117.8262,80583
33.7645,-117.7939,24917
34.1356,-116.0542,26025
39.1502,-123.2078,15917
37.5958,-122.0191,74494
34.1389,-118.3534,105000
34.0975,-117.6484,76443
38.3566,-121.9877,96803
34.4436,-118.6095,148456
34.0453,-117.9437,22822
38.1041,-122.2566,121692
34.1867,-118.4490,136443
33.9908,-118.4601,40885
34.2783,-119.2932,96769
34.5361,-117.2912,122225
34.5005,-118.1165,15922
36.3302,-119.2921,130104
33.2000,-117.2425,100890
34.0203,-117.8653,30237
37.9063,-122.0650,68910
33.9681,-118.2251,15966
36.9102,-121.7569,53628
33.8217,-118.2926,21699
34.0686,-117.9390,108484
34.0900,-118.3617,36222
34.0517,-117.9684,22636
38.5805,-121.5302,52721
33.7592,-118.0067,92114
33.9414,-118.3023,31853
33.9792,-118.0328,87438
33.5989,-117.2800,35632
33.9170,-118.2551,35983
33.7800,-118.2626,52000
38.5471,-122.8164,27464
34.2133,-118.5720,47000
32.8312,-116.9334,20631
38.6785,-121.7733,58567
34.1683,-118.6059,70000
33.8886,-117.8131,67973
39.1405,-121.6169,66941
34.0336,-117.0431,53328
34.1142,-116.4322,21600
39.8028,-105.0875,115368
39.7294,-104.8319,359407
39.9853,-104.8205,37585
39.9205,-105.0867,65065
38.4410,-105.2425,16400
39.3722,-104.8561,55591
39.5847,-104.9011,25271
39.5792,-104.8769,109741
38.8586,-104.6989,16161
39.0919,-108.4490,19889
38.8339,-104.8214,456568
39.5878,-105.0694,24280
39.8083,-104.9339,53696
39.7392,-104.9847,729019
37.2753,-107.8801,18006
39.6478,-104.9878,33082
38.6822,-104.7008,27767
39.7555,-105.2211,20330
39.0639,-108.5507,60358
39.6172,-104.9508,15663
39.5539,-104.9694,96713
39.5758,-105.1122,32438
39.9936,-105.0897,27729
39.7047,-105.0814,152597
39.6133,-105.0166,46368
39.9778,-105.1319,20396
38.4783,-107.8762,19062
39.8855,-104.9872,39197
39.5186,-104.7614,49550
38.2544,-104.6091,109412
38.3500,-104.7228,29637
39.8378,-105.0014,18287
39.5872,-104.9528,42268
39.8680,-104.9719,133451
39.8366,-105.0372,116317
39.7661,-105.0772,31192
37.7528,-100.0171,27912
37.9717,-100.8727,27005
37.0431,-100.9210,20746
32.8995,-105.9603,30753
35.0845,-106.6511,564559
32.4207,-104.2288,28957
34.4048,-103.2052,39480
36.7281,-108.2187,42871
35.5281,-108.7426,23240
32.7026,-103.1360,38416
32.3123,-106.7783,101643
34.8062,-106.7334,15336
35.2334,-106.6645,87521
33.3944,-104.5249,48544
35.6870,-105.9378,87505
35.0100,-106.6781,40976
31.7965,-106.5800,15940
35.9786,-114.8325,15551
39.1638,-119.7674,58639
36.0252,-115.2419,108481
39.6080,-119.2518,19418
36.0397,-114.9819,285667
36.1750,-115.1372,641903
36.8055,-114.0672,17496
36.1989,-115.1175,234807
36.2083,-115.9839,36441
36.0972,-115.1467,223167
39.5296,-119.8138,264165
39.6491,-119.7074,15064
39.5349,-119.7527,96094
36.1080,-115.2450,178395
39.5963,-119.7760,19299
36.2111,-115.0731,189372
36.0983,-115.0363,38585
36.1300,-115.1189,27978
35.2220,-101.8313,198645
32.2504,-101.4787,28862
29.3627,-100.8968,36153
35.8656,-101.9732,15001
28.7091,-100.4995,28765
31.7587,-106.4869,678815
34.8152,-102.3993,15021
31.6926,-106.2075,19288
33.5779,-101.8552,249042
31.9974,-102.0779,132524
31.8457,-102.3676,114428
35.5362,-100.9599,18177
34.1848,-101.7068,20919
31.4638,-100.4370,99893
31.6546,-106.3033,33222
31.6362,-106.2905,28637
31.8423,-102.4988,22707
37.6775,-113.0619,30184
37.1753,-113.2900,15501
37.1041,-113.5841,72897
37.1305,-113.5083,24299
35.5941,-119.3410,26279
33.4984,-112.1343,127764
33.8673,-112.1468,21700
33.4151,-111.5496,38074
33.4356,-112.3496,80684
33.3417,-111.9840,83464
58.3019,-134.4197,31555
40.8665,-124.0828,17843
40.8424,-124.0637,17132
40.8021,-124.1637,27017
40.9465,-124.1006,15177
40.5865,-122.3917,91582
40.4163,-120.6530,15247
40.0150,-105.2706,106803
40.0503,-105.0500,21420
40.3764,-104.6922,21383
40.5853,-105.0844,170924
40.4233,-104.7091,108795
40.1672,-105.1019,92088
40.3978,-105.0750,75182
40.4775,-104.9014,32716
43.6135,-116.2035,235684
43.6629,-116.6874,51686
47.6777,-116.7805,49122
42.7283,-111.5324,21260
43.6954,-116.3540,23612
43.4666,-112.0341,59184
43.4918,-116.4201,17226
46.4166,-117.0177,32544
46.3804,-116.9754,31422
43.6121,-116.3915,90739
46.7324,-117.0002,25060
43.5407,-116.5635,89839
42.8713,-112.4455,54441
47.7180,-116.9516,30453
43.8260,-111.7897,27663
42.5630,-114.4609,47468
45.7833,-108.5007,117116
45.6797,-111.0386,43405
46.0038,-112.5347,34190
47.5002,-111.3008,59638
46.5927,-112.0361,32091
48.1958,-114.3129,22052
46.8721,-113.9940,71022
46.8083,-100.7837,75092
46.8792,-102.7896,23765
46.8267,-100.8896,21382
48.2325,-101.2963,49450
48.1470,-103.6180,26977
41.1239,-100.7654,24194
40.8324,-115.7631,20279
44.6365,-123.1059,52175
45.4943,-122.8671,49425
42.2068,-121.7372,19257
42.1946,-122.7095,20861
45.4871,-122.8037,96577
44.0582,-121.3153,87014
45.5579,-122.8676,20646
45.2629,-122.6926,17271
42.3760,-122.9164,17995
43.3665,-124.2179,16182
44.5646,-123.2620,55780
44.9193,-123.3170,15277
44.0521,-123.0867,176654
45.5198,-123.1107,24457
44.9279,-122.9837,15947
42.4393,-123.3307,37088
45.4982,-122.4315,110553
45.4468,-122.5304,18493
44.9860,-122.9829,19936
45.8404,-119.2895,17201
45.5229,-122.9898,102347
44.9901,-123.0262,37895
42.2249,-121.7817,21399
45.4207,-122.6706,38496
44.5365,-122.9070,16324
45.4798,-122.5673,20156
45.2101,-123.1987,33892
42.3265,-122.8756,79805
45.4462,-122.6393,20830
45.3001,-122.9732,22780
45.4168,-122.6401,16629
45.3573,-122.6068,35831
45.6721,-118.7886,16881
45.5234,-122.6762,652503
44.2726,-121.1739,28654
43.2165,-123.3417,22114
44.9429,-123.0351,175535
45.3565,-122.8401,19283
44.0462,-123.0220,60870
45.5946,-121.1787,15340
45.4312,-122.7715,51253
45.5393,-122.3873,16631
45.3840,-122.7640,27154
45.3657,-122.6123,26593
45.2998,-122.7737,22729
45.1437,-122.8554,25173
44.0805,-103.2310,73569
40.8894,-111.8808,43784
41.5102,-112.0155,18752
40.9180,-111.8722,16877
41.1108,-112.0260,30653
41.1397,-112.0505,21399
40.6197,-111.8102,34343
40.5247,-111.8638,46774
40.3141,-112.0069,27332
40.7000,-111.8105,20816
40.9805,-111.8874,22566
40.5141,-112.0330,30835
40.4255,-111.7945,17989
40.6688,-111.8247,30864
41.0352,-111.9386,30472
40.6600,-111.9963,35731
41.0602,-111.9711,74143
40.3916,-111.8508,58486
41.7355,-111.8344,50371
40.7091,-112.1016,26505
40.6111,-111.8999,32613
40.6869,-111.8755,62139
40.6669,-111.8880,49250
41.3072,-111.9602,18446
40.8486,-111.9069,19796
41.2230,-111.9738,85444
40.2969,-111.6946,94457
40.0444,-111.7322,19548
40.3641,-111.7385,38052
40.2338,-111.6585,115162
40.5219,-111.9391,41900
41.1616,-112.0263,37964
40.7608,-111.8911,215548
40.5916,-111.8841,87461
40.5811,-111.8508,89575
40.3491,-111.9047,25407
40.5638,-111.9494,37141
40.5622,-111.9297,66648
41.1919,-111.9713,16955
40.7188,-111.8883,24788
40.1150,-111.6549,37935
40.1652,-111.6107,32286
41.0894,-112.0647,27395
40.6677,-111.9388,60514
40.5308,-112.2983,33157
40.6097,-111.9391,111946
40.6916,-112.0011,136208
46.9754,-123.8157,16276
48.5126,-122.6127,18103
48.1987,-122.1251,18949
47.3073,-122.2284,77006
45.7809,-122.5334,19407
47.6104,-122.2007,139820
48.7595,-122.4882,85146
47.1771,-122.1865,19903
47.7623,-122.2054,42939
47.5673,-122.6326,39520
47.4704,-122.3468,50467
45.5871,-122.3995,21846
46.7162,-122.9543,16753
47.5640,-122.2754,19000
47.7443,-122.0773,22494
47.3582,-122.1222,19197
47.4018,-122.3243,31221
47.8107,-122.3774,41375
46.9965,-120.5478,19001
47.9790,-122.2021,108010
47.4484,-122.1573,19102
47.3223,-122.3126,95171
45.6846,-122.5751,18159
47.0962,-122.3587,18719
47.0529,-122.2943,23491
45.6715,-122.6629,19435
47.5301,-122.0326,36081
47.7573,-122.2440,22030
46.2112,-119.1372,78896
47.3809,-122.2348,126952
47.6815,-122.2087,87281
47.0343,-122.8232,46409
48.0151,-122.0637,30886
47.1718,-122.5185,59829
46.1382,-122.9382,36848
47.8209,-122.3151,36997
47.3927,-122.0464,25686
47.8509,-122.2393,15473
48.0518,-122.1771,66773
47.5707,-122.2221,25042
47.8601,-122.2043,20043
47.8554,-121.9710,18090
47.1301,-119.2781,22082
48.4212,-122.3341,34053
47.7882,-122.3087,20989
47.9445,-122.3046,21226
47.8195,-122.1762,26410
48.2932,-122.6432,22693
47.0449,-122.9017,55733
47.6499,-117.2399,25877
45.6665,-122.5609,19556
47.1554,-122.4340,35803
46.2396,-119.1006,69451
48.1181,-123.4307,19448
46.7313,-117.1796,32816
47.1854,-122.2929,39659
47.6740,-122.1215,60598
47.4829,-122.2171,100242
46.2857,-119.2845,54248
45.7107,-122.6490,19686
47.6418,-122.0804,52253
47.4485,-122.2922,28215
47.6062,-122.3321,780995
47.7557,-122.3415,55439
47.6445,-122.6949,19204
47.1412,-122.2701,52431
47.1040,-122.4346,27227
47.6597,-117.4291,229447
47.6732,-117.2394,94919
46.3237,-120.0087,16325
47.2529,-122.4443,222906
47.4740,-122.2610,20018
47.0073,-122.9093,19190
47.2356,-122.5504,32842
45.6387,-122.6615,196442
46.0646,-118.3430,32237
45.5826,-122.3534,15288
47.4235,-120.3103,33636
47.5776,-122.1012,33929
47.9934,-122.1018,21047
47.6262,-122.5212,23840
46.6021,-120.5059,93701
42.8666,-106.3131,60285
41.1400,-104.8203,65132
44.2911,-105.5022,32649
41.3114,-105.5911,32158
41.5875,-109.2029,23962
44.7972,-106.9562,17873
40.3769,-111.7958,28326
20.8893,-156.4729,26337
21.4024,-157.7405,38635
21.2791,-157.8014,20878
21.3261,-157.8759,43805
21.3999,-157.7989,34597
21.2770,-157.8113,19769
20.7646,-156.4458,20881
21.3469,-158.0858,15383
21.4504,-158.0150,27629
21.2947,-157.8300,24778
21.2843,-157.7371,19250
21.3973,-157.9752,47698
21.5028,-158.0246,17821
21.2855,-157.8359,19862
20.8913,-156.5060,15313
21.3867,-158.0092,38216
21.3156,-158.0072,16415
21.3400,-158.0304,22690
21.2964,-157.7018,30620
19.7299,-155.0907,43263
21.3069,-157.8583,350964
61.3214,-149.5678,24793
64.8378,-147.7164,32325
61.2181,-149.9003,289600
64.8000,-147.5333,19482
34.1322,-84.3007,37547
34.0289,-84.1986,83335
25.5783,-80.3377,45425
40.7939,-73.9650,38500
40.8100,-73.9625,55929
40.7947,-73.9425,115921
28.5641,-81.2114,78113
25.7681,-80.2331,53430
40.7248,-74.3040,20149
40.7094,-73.8153,53877
34.3905,-118.5737,17557
40.7564,-73.9864,17749
35.1390,-79.0060,29183
40.4540,-74.4820,43905
21.3356,-158.0582,15186
40.0645,-75.1875,18516
41.2237,-73.0616,51271
47.6044,-122.0377,45780
47.8660,-122.1551,20891
38.4645,-121.3469,24836
40.7375,-73.9861,27988
40.7300,-73.8234,37479
41.4499,-72.8189,18209
42.2038,-71.0022,37297
41.9726,-71.3247,16796
39.5543,-76.3731,30568
39.5051,-76.3198,47709
40.2313,-74.6722,26419
38.7961,-76.9750,35355
43.1655,-77.7007,15138
38.8314,-76.7483,18720
38.8648,-77.1879,29207
38.9684,-76.8511,18190
39.4400,-76.6110,15814
40.9306,-73.1018,15477
38.6073,-76.9248,33379
38.8469,-76.9259,33515
37.7057,-92.1572,15061
43.4600,-84.0067,24994
42.5689,-83.3836,64690
27.9827,-82.3788,22753
28.3329,-81.6474,26116
28.1055,-82.5259,22079
33.7267,-84.2725,23025
26.3386,-80.1869,16582
28.0739,-82.4390,41163
27.6164,-80.4131,23092
25.7065,-80.4388,36154
27.9239,-82.3794,21024
38.6025,-121.3785,92186
47.4943,-122.2409,15645
32.7640,-116.9688,18762
33.9677,-118.2444,63387
31.1349,-97.7756,29589
47.7205,-122.2317,22707
34.2322,-118.2353,19653
47.4105,-122.1737,29878
47.8628,-122.2950,22953
38.7473,-104.7144,32882
47.6789,-122.0283,18805
34.0984,-117.9238,15922
33.9760,-118.0691,25540
36.1171,-115.3300,24085
21.3524,-158.0865,18248
21.4984,-158.0651,16370
46.2454,-119.1962,244036
33.1911,-111.5280,81321
30.4065,-87.0055,16115
30.1708,-81.8355,20315
21.2891,-157.7173,49914
38.8349,-90.2851,19184
47.8053,-122.2406,16607
47.8974,-122.1815,20101
47.8360,-122.1877,15709
35.3368,-106.5930,87521
34.1973,-118.6440,41426
41.4777,-81.7299,17382
41.4640,-81.7098,18185
26.7940,-80.2675,38704
33.9636,-117.5642,59039
38.9258,-77.4016,33811
40.6008,-74.6482,44464
40.6082,-74.5180,15311
39.8286,-86.3822,21285
41.8841,-87.6333,33442
41.7611,-87.6149,32346
41.7418,-87.6532,45842
40.7079,-74.0086,60976
40.6455,-74.0124,126000
41.4472,-71.5249,30826
37.7420,-122.4863,16874
37.7502,-122.4337,22893
37.7171,-122.4043,22534
41.6077,-86.7139,21916
40.8483,-74.5815,25734
42.6974,-87.8558,26272
28.0939,-82.5056,22079
41.3417,-72.1360,19281
37.4488,-77.4735,18312
41.9211,-71.4350,21670
42.3449,-71.1002,37733
42.3344,-71.1085,18722
41.8219,-71.5067,29247
33.7402,-86.6494,22940
40.6850,-80.1071,28098
21.2971,-157.7450,16195
21.3161,-157.8042,23343
21.3176,-157.8312,31434
21.3637,-157.8429,20647
39.9512,-75.1592,57239
34.0867,-118.2702,32890
34.0781,-118.2607,43832
21.2965,-157.8567,18957
21.3491,-157.9471,42184
21.2946,-157.8312,28249
21.3422,-157.8285,16205
21.3374,-157.8542,24953
30.0815,-81.5477,40000
33.7085,-84.1349,50000
41.2800,-73.8716,19929
34.1857,-118.4203,60000
33.4794,-112.0782,54614
33.4400,-112.0580,58161
39.3293,-76.5446,17135
37.7285,-122.3811,34835
33.5926,-84.6729,107436
33.6772,-117.7944,24966
33.6853,-117.8137,22993
33.6397,-117.8416,15807
33.6966,-117.7767,15999
33.7053,-117.7401,18938
33.7137,-117.7609,22218
33.7001,-117.8259,21428
21.3602,-157.9184,38833
21.4789,-157.9880,18072
21.6058,-157.9265,15697
21.3374,-158.0968,46389
34.0020,-118.2990,47555
34.0413,-118.3606,83000
39.9196,-75.1647,16481
38.8780,-77.0031,18874
38.9371,-77.0327,25899
38.8935,-77.0199,52560
38.9052,-77.0436,17674
38.9001,-76.9959,21480
38.9563,-77.0180,15251
38.9023,-77.0169,21897
38.9037,-77.0060,20700
38.9043,-77.0120,23386
38.8793,-77.0176,15129
33.1609,-96.8718,51059
44.9426,-93.2256,29295
21.3399,-157.9284,28916
39.6164,-105.1393,33892
-32.6984,-57.6269,16756
-33.5165,-56.8996,21429
-33.2310,-54.3858,25653
-31.7188,-55.9793,51854
-34.4533,-56.3906,16438
-34.3390,-56.7134,36529
-34.7912,-54.9182,27471
-31.3881,-57.9598,99823
-34.4800,-54.3306,25515
-30.9053,-55.5508,64631
-34.6674,-56.2176,16244
-32.3171,-58.0807,73249
-34.8603,-56.0522,15393
-34.7172,-55.9584,24047
-34.9033,-56.1882,1270737
-34.3759,-55.2377,38025
-33.2524,-58.0305,42359
-32.3682,-54.1641,51023
-34.8979,-54.9502,55478
-34.7302,-56.2191,69682
-34.7603,-56.2259,19913
-33.1165,-58.3107,23279
-34.1003,-56.2148,32234
-33.3806,-56.5231,33926
-33.5301,-58.2170,17174
-34.7649,-56.3645,17973
-34.4626,-57.8398,21714
-34.0002,-58.2840,18041
-34.5238,-56.2822,19698
-30.4043,-56.4693,41909
-34.7524,-56.0026,31650
42.4586,59.6058,332500
43.0433,58.8394,80090
42.4088,59.4454,67800
43.0687,58.9037,59122
39.9606,68.3958,27077
39.4190,67.2612,65300
37.2242,67.2783,182800
37.9994,67.7875,25000
39.0578,66.8342,142700
39.6546,66.9644,595200
38.8606,65.7891,278300
39.2553,65.1528,30100
39.1216,66.8860,40800
39.9055,66.2656,90600
39.0375,65.5850,68900
39.5333,63.8333,22487
39.7275,64.5547,62300
38.6213,66.2515,24500
39.7161,66.6642,21500
38.2675,67.8989,78300
39.0336,66.5722,19356
39.9200,66.8623,16727
39.7600,67.2744,29200
39.7703,64.4307,280187
38.8214,65.6531,18900
38.2084,67.2066,26934
39.9214,65.9253,38307
40.9833,68.9000,24781
41.3714,69.2794,352000
40.3758,70.8156,24900
41.1120,69.0471,61700
40.2750,68.8225,44200
40.0254,65.9609,17000
41.1947,71.7238,28422
41.1192,70.0941,24900
40.0003,64.5021,17800
41.0807,71.9233,29683
41.5518,60.6314,145000
40.1269,68.4944,36500
41.1137,72.0791,40000
41.0500,62.7833,26800
41.0321,69.3625,51400
40.9998,71.5116,30300
40.4772,71.7678,18600
41.2647,69.2163,1978028
40.9162,71.5782,28562
40.8436,68.6617,28800
41.6582,60.2945,26950
40.7133,72.0571,71400
40.1200,64.5014,26527
41.3722,69.3817,26494
40.3567,71.2847,34800
41.5328,60.3470,17800
40.5286,70.9425,259700
40.8972,69.3506,34900
40.8977,72.2449,26000
40.0114,66.2311,24772
41.2944,69.6764,60200
40.8736,71.1089,28000
40.3118,67.9567,21384
40.9294,72.4969,34400
40.8447,69.5983,133400
40.9064,69.6383,37784
40.5614,65.6886,32300
41.5500,61.0167,48908
40.0844,65.3792,144158
40.9983,71.6726,713220
40.4724,71.7246,253500
42.1156,60.0597,33200
40.6415,72.2387,62200
40.2972,71.9803,96900
40.7319,72.7618,25861
40.4355,71.7672,20459
41.3897,69.4650,27750
40.8026,72.9750,44000
40.6689,72.5600,20200
41.3856,60.3641,115000
40.9167,72.1167,26257
41.2494,71.5474,50900
40.1335,67.8296,179200
41.5539,69.7008,27636
40.7278,72.8858,33000
41.3194,61.0742,17643
41.8412,60.3927,50900
40.4954,68.7754,90398
40.1022,64.6823,43400
41.5581,69.7708,21600
40.0270,67.5878,24700
40.6647,68.1677,24856
40.3842,71.7843,299200
40.6892,72.6093,24000
40.5288,68.0315,18300
41.2222,61.3067,16800
40.8158,72.8317,26055
41.0033,71.2379,100200
41.4689,69.5822,162800
40.9363,68.7613,23700
40.8768,71.9726,24000
41.2819,69.1811,260700
41.1983,69.2222,105700
41.0692,71.8237,53400
40.8111,69.1942,19642
40.4358,70.6103,96900
41.6911,60.7525,66090
41.2097,69.3342,31400
40.2208,69.2697,96900
41.0167,70.1436,191300
40.7834,72.3507,747800
40.3919,71.4742,25543
40.8195,72.7423,32750
40.5220,72.0729,46400
40.7646,72.9765,20000
13.1553,-61.2274,24518
13.1287,-61.1918,24205
10.9974,-64.0181,34700
11.0333,-63.8628,35084
9.4296,-64.4643,139397
8.5931,-70.2261,284289
9.3503,-65.3245,74017
10.5970,-68.6733,15661
10.0808,-69.1242,113343
10.0386,-67.4894,99669
9.3319,-69.1197,55244
9.2155,-66.0073,153136
9.3178,-70.6036,244708
10.1615,-68.0004,1619470
7.9216,-72.4440,56509
10.1585,-69.0078,26755
8.0162,-62.4056,112617
10.2286,-67.4742,344700
7.2986,-61.5050,37614
9.0626,-62.0521,99778
9.2730,-65.7715,42633
8.9700,-71.2728,24034
10.7901,-68.3256,34407
9.3659,-70.4366,71362
8.3301,-71.7528,48395
9.9186,-68.3047,115937
9.6989,-68.4327,38172
8.9822,-70.7393,20098
10.2593,-71.3634,23714
9.0053,-62.6449,36447
7.8212,-72.2233,138402
8.6317,-71.0783,23539
8.1621,-63.5654,29763
8.2306,-70.8220,72352
9.7901,-71.0708,81017
10.2329,-66.6647,278890
10.5364,-71.5110,31810
4.6023,-61.1103,29795
8.3993,-71.6408,21209
10.7927,-71.6851,69781
7.8135,-71.1779,45808
11.0683,-63.9226,19215
7.6429,-72.2764,35452
9.6781,-68.9728,17402
10.9620,-71.7303,55810
10.2130,-67.4236,50401
9.9125,-67.3540,160868
8.0312,-72.2605,62513
11.0124,-63.9441,90387
10.3012,-65.9905,22352
8.8872,-64.1651,83092
10.2606,-67.7935,69894
10.3401,-68.7430,206270
7.7659,-72.2358,289852
9.0010,-71.9268,126353
9.6641,-68.5866,120375
9.7521,-69.6524,35850
7.8112,-72.4444,66392
10.3885,-66.9518,63873
8.7523,-69.9335,39493
10.1211,-69.0364,24262
9.4349,-70.7750,34869
7.7016,-72.3555,93197
10.3258,-72.3134,82766
10.3190,-65.9775,22830
9.9287,-69.6201,51377
11.6915,-70.1992,141729
10.9012,-64.0969,31886
9.6913,-63.6092,61080
11.6581,-70.2150,113999
10.0590,-65.0370,37745
10.2138,-64.6328,370000
11.4861,-69.3532,31644
10.4731,-68.0125,174000
5.6605,-67.5834,125840
11.9479,-69.9231,18525
8.9625,-71.6075,41740
10.9577,-63.8697,216234
9.3708,-69.2103,43746
10.4768,-66.8079,364684
8.8436,-64.7105,40751
11.0008,-63.7930,64983
9.4104,-70.5012,35847
9.4452,-70.4756,59657
10.1739,-67.5419,128875
7.8375,-72.2279,48087
9.2957,-69.4543,33547
10.1182,-66.7751,166072
8.6070,-70.1049,17440
9.1401,-71.0914,19885
10.1504,-68.5648,54080
9.3918,-70.5906,25437
10.4871,-68.2008,68084
10.2131,-68.3267,29451
10.1508,-68.3932,32907
7.9564,-72.2424,20539
8.5790,-71.1692,300000
9.8464,-70.9266,60580
10.6809,-71.0361,19174
10.2953,-67.7177,116142
10.2497,-67.5948,464700
10.6423,-71.6109,1752602
10.3656,-66.1339,30918
10.5945,-66.9562,52564
10.0608,-72.5521,132734
10.3495,-67.0427,252242
10.0259,-69.2417,100497
10.4939,-66.8286,58168
10.2268,-67.3312,126721
11.4608,-69.5657,34680
9.5372,-68.6302,20172
10.2542,-67.1733,43445
6.8333,-63.3333,18591
10.1833,-66.7000,176346
10.1301,-71.2595,44257
8.5046,-71.3894,28176
10.6016,-66.9329,25259
10.6192,-71.8381,120478
10.4119,-71.6892,92463
8.7136,-71.4442,17111
11.7591,-70.1842,23182
11.0817,-63.9655,28256
10.4829,-66.1010,41364
10.5772,-62.2984,40000
10.0834,-67.7780,80627
10.4740,-66.5424,227666
7.4770,-61.8967,27988
10.4703,-66.6193,248588
8.6962,-69.2083,37219
9.0393,-69.7336,112286
10.2664,-68.8199,24570
10.2261,-67.8770,198883
9.2969,-70.6719,18128
9.0598,-72.2346,26121
8.6135,-71.6570,162289
9.7871,-69.7929,74829
8.8890,-64.2527,222450
9.3863,-67.0582,31788
9.6393,-68.1292,18520
7.0609,-69.4976,27795
10.1917,-64.6921,47778
10.3059,-67.6321,148247
10.4241,-66.8258,57591
6.7158,-61.6374,16100
9.4751,-70.7349,19243
8.5466,-71.2409,120978
10.2855,-69.1624,39653
11.0227,-70.6777,28117
10.2506,-63.9194,25858
10.4639,-64.1786,405626
10.1624,-66.8825,182558
11.4077,-69.6782,246657
8.3261,-72.0874,25352
10.3195,-68.7830,52803
9.9399,-65.1652,21582
7.4521,-63.3199,51967
10.2016,-71.3148,240283
8.3512,-62.6410,978202
8.3530,-70.5712,52476
8.1237,-63.5469,412619
10.1595,-68.8945,70298
10.4433,-71.6472,17271
10.2425,-66.8572,129182
9.3375,-66.2528,17728
10.4958,-66.8537,64609
10.0862,-67.9198,69636
10.4867,-66.7380,52556
10.2831,-66.3759,31788
10.6054,-67.0324,106822
8.7460,-72.5189,24592
10.5042,-63.4173,20609
10.6652,-63.2539,167187
10.3498,-66.9863,40618
10.1728,-70.0810,121741
10.1113,-63.0999,43448
10.4968,-63.5529,41589
10.4880,-66.8792,3000000
10.6122,-66.8519,37824
9.3057,-64.3584,68885
8.1073,-67.6074,20791
8.9242,-67.4293,168605
9.1415,-71.0674,34165
9.8176,-63.6133,23625
7.6350,-66.1681,67277
10.1863,-67.4594,119033
10.0266,-69.2620,102686
10.3991,-71.4521,351736
10.2475,-68.7697,21588
8.8466,-69.9803,18086
9.2538,-70.2511,68990
7.8448,-67.5168,76553
10.1738,-68.2589,34618
10.4342,-66.8756,244216
8.7696,-70.1109,24354
8.6989,-62.1966,19474
10.0647,-69.3570,1240714
8.7617,-70.4120,51556
8.6206,-70.2310,397279
10.1384,-64.6877,815141
8.2535,-71.8282,20113
10.4395,-68.8950,35508
10.5800,-64.2555,23693
9.5814,-69.2385,181820
9.4559,-64.8293,34048
9.8600,-66.3814,68207
10.7149,-71.5217,101527
7.7792,-68.2237,45311
9.5545,-69.1956,188278
7.6611,-72.2201,54669
9.7457,-63.1832,647459
8.2152,-72.2489,61568
8.1332,-71.9839,37545
7.8247,-72.3084,40169
10.4654,-66.8295,80029
10.4883,-66.7861,56846
7.2424,-70.7323,64608
7.8896,-67.4718,229197
11.8235,-70.2564,25047
18.4269,-64.6208,8449
18.3419,-64.9307,20000
17.7275,-64.7470,50601
18.6667,105.6667,107082
21.0333,105.8333,23942
21.7229,104.9113,100631
20.9000,105.5833,25100
10.9333,107.2333,253140
10.6167,107.0667,32345
9.8000,105.1000,54397
8.8571,104.8120,36444
10.9536,107.0059,57560
10.3871,107.2388,35167
10.3460,107.0843,464860
9.7845,105.4701,24477
21.3089,105.6049,119128
21.0000,105.8833,86618
10.2537,105.9722,137870
9.3244,105.9801,183918
18.6734,105.6923,790000
21.2667,106.1333,205900
21.3227,105.4020,415280
21.0343,106.7705,63829
13.0955,109.3209,155921
21.8236,105.2142,104645
12.7667,109.3000,29751
21.0000,105.8333,16998
18.5286,105.7064,36940
22.8351,106.5250,17849
9.9472,106.3423,160310
11.0299,106.3575,161831
21.0333,105.9000,347829
10.6700,105.5647,22725
10.5959,104.9367,143098
21.3313,107.4053,22164
21.0934,105.7319,87406
10.8486,106.7721,524670
10.9804,106.6519,373105
21.0460,106.0790,199577
10.2721,105.5338,158225
10.0652,105.5586,109684
9.3558,105.0993,38116
22.2553,106.4736,20153
10.8230,106.6296,14002598
20.9667,105.8167,76238
19.8000,105.7667,850000
21.5942,105.8482,420000
20.4500,106.3400,53071
11.3100,106.0983,135254
21.0690,105.8105,168300
10.7983,105.2389,175211
10.8025,106.6600,89373
10.5359,106.4137,215250
15.5736,108.4740,165240
8.8000,105.1833,23277
21.1405,105.5069,230577
21.3256,103.9188,106052
13.4556,109.2235,94066
9.5999,105.9719,221430
19.7333,105.9000,129801
10.2909,105.7563,214610
10.0124,105.0809,459860
13.7765,109.2237,519208
17.7535,106.4236,106413
17.4044,106.6407,36210
15.1205,108.7923,278496
13.9833,108.0000,114225
21.3996,105.2222,91650
12.1000,107.1167,15418
12.7130,108.3015,25120
10.6333,107.0667,287055
20.5453,105.9122,136654
11.2833,106.1333,47966
21.0167,105.7667,15983
21.2370,105.7048,180000
9.3236,105.3464,53912
16.5832,107.3644,114820
9.9975,105.6673,98424
22.3192,104.1872,32800
21.2716,107.2836,17504
10.9289,108.1021,228536
11.5643,108.9886,207998
10.1097,105.6232,129683
22.7374,106.1522,20309
12.4919,109.1249,230566
20.2581,105.9797,36864
12.2451,109.1943,579000
10.6967,106.7403,17264
18.6580,105.7520,118000
19.3275,105.8214,302210
21.6000,104.5167,68206
21.0500,105.8000,96418
10.6471,107.2458,49065
20.4339,106.1773,448225
8.7590,104.9929,30135
21.7025,106.9555,24369
10.3600,106.3600,270700
15.1876,108.8890,23978
15.1500,108.9000,23978
20.9167,106.0833,115608
22.0000,103.1333,20450
21.5247,107.9662,108553
21.0586,106.5926,72012
21.0333,105.7833,40527
10.3864,105.4352,286140
9.6814,105.5723,61781
21.0333,105.8167,20546
22.4856,103.9707,130671
21.8526,106.7610,200108
10.5347,107.4020,51895
19.9047,105.4056,33117
10.6599,107.7721,160652
18.0624,106.2983,150226
14.3545,108.0076,205762
20.8053,106.6256,118047
16.5254,107.4755,72677
16.4218,107.6400,95299
20.6464,106.0511,118646
8.9000,104.9833,38687
16.4619,107.5955,1380000
10.8000,105.3500,101155
20.9505,107.0734,270054
15.8794,108.3350,32757
20.8172,105.3376,105260
18.3428,105.9057,27728
10.3831,104.4875,100560
21.0245,105.8412,8053663
10.1806,104.0477,33503
20.8648,106.6834,2625200
20.9410,106.3330,241373
15.9167,108.1333,131427
22.8233,104.9836,55559
20.9714,105.7788,50877
10.8167,106.6833,110850
10.3667,106.6667,97709
9.2344,105.4583,145340
12.0042,107.6907,85082
11.7356,108.3733,161232
14.8135,108.9593,155743
20.7136,106.7894,51417
11.5350,106.8832,168000
21.0824,106.5138,248896
17.4688,106.6223,133672
16.8163,107.1003,164228
18.9765,105.6003,21605
21.3860,103.0230,84672
15.8885,108.2545,226564
21.0333,105.8000,27979
10.9068,106.7694,463023
10.4909,107.2701,20187
21.0892,105.6625,39917
16.0678,108.2208,1276000
21.3531,107.5972,47060
11.9465,108.4419,258014
21.6338,105.6377,179192
20.9833,105.7667,59980
15.8821,108.1209,16215
10.9733,106.4933,75000
10.3500,105.0167,31278
10.0938,105.4292,116576
21.1167,105.8667,16514
21.2796,105.3640,70706
21.3738,106.5665,127881
11.4282,106.6354,121083
10.7500,106.6500,561000
21.0667,106.3167,220421
10.7167,105.1333,56322
10.7000,105.1167,70239
20.7278,107.0482,30000
10.4602,105.6329,211912
22.6657,106.2579,73549
10.0371,105.7883,1507187
10.4111,106.9547,55137
10.5097,106.6031,50473
10.6086,106.6714,152200
11.9214,109.1591,146771
21.0167,107.3000,135477
21.0100,107.2734,190232
16.8080,106.9941,83544
9.1768,105.1524,226372
10.0009,105.7510,86278
10.4000,106.1167,143050
12.4848,108.0298,23683
12.6675,108.0378,434256
12.9523,108.2962,127920
10.0743,105.7397,113565
20.0781,105.8603,53754
10.9447,106.8243,1272235
10.2415,106.3758,124449
18.6500,105.7000,17000
11.1500,106.6000,364578
21.0833,105.3833,282600
11.5480,107.8077,170920
21.5175,104.0270,16153
21.4385,103.6900,153000
15.9833,107.9833,15276
22.4833,104.8667,118690
21.1861,106.0763,287658
9.2941,105.7278,156110
20.9833,105.8333,91308
21.2731,106.1946,450000
22.1470,105.8348,45036
10.4000,107.1833,22106
10.2500,105.6000,80649
9.2258,105.4186,22317
10.5500,107.5500,15344
9.0686,105.3958,28412
13.8858,109.1082,308396
13.9500,108.6500,81600
16.0667,108.2333,82635
10.8110,106.7060,552164
21.0365,105.8268,221893
10.9331,108.2833,50166
11.0842,106.7883,52873
10.2648,105.2668,25633
21.1870,106.1608,80000
22.3964,103.4582,42973
22.4151,104.8068,16072
10.2241,103.9716,294419
10.0682,105.8222,94862
10.4963,107.1685,235192
20.7400,106.0600,39420
21.2578,105.8489,85431
21.0393,105.7666,27017
21.0195,105.9369,30051
21.0323,105.8007,292536
20.9947,105.7998,293292
21.0130,105.8250,371606
21.0286,105.8506,135618
21.0134,105.8477,303586
21.0025,105.7457,46469
18.9203,104.9744,66127
18.4512,105.7797,18965
16.0706,108.1910,201240
16.0177,108.2038,78837
16.0607,108.2326,86890
16.0431,108.1821,119363
15.4319,108.6595,69406
15.3720,109.1189,22174
13.4002,108.4350,35058
13.2045,108.2103,20600
12.8196,108.0774,26733
11.7862,108.2428,16036
10.5166,108.9329,25267
10.9266,107.2478,171276
11.2870,106.1294,147666
11.3841,106.2308,35878
9.6350,106.4924,69961
10.2226,105.3984,98399
9.8137,105.8210,101192
9.8422,105.5360,42766
9.0771,104.9791,55897
10.7668,106.7057,199329
10.7468,106.6490,271050
10.7557,106.6675,187510
10.7638,106.6436,332536
10.7682,106.6663,399000
10.7749,106.6863,220375
21.0200,105.9390,309353
9.0283,105.4212,31552
21.0211,105.8523,52750
9.9727,104.8475,23179
10.3099,105.7386,132000
11.8155,108.2144,144707
10.2872,104.0105,179480
16.7508,107.1828,23356
21.1888,105.7727,25000
10.9239,106.7143,588616
21.0215,105.8246,36318
21.0237,105.8036,31279
10.2421,105.1550,39481
21.0653,105.7466,340605
20.9948,105.9465,60000
20.9621,105.9318,25000
21.0045,105.7404,50000
20.9945,105.8677,50000
21.0028,105.8151,20000
21.4772,105.8414,128357
9.5651,105.5990,58588
21.0219,105.7915,77029
20.9644,105.8305,70000
21.0562,105.8667,120028
19.2676,105.7159,113360
21.4198,105.8899,231363
-17.7365,168.3137,35901
-13.8333,-171.7667,40407
42.9075,20.8403,17000
42.8231,20.9675,30651
42.3214,21.3583,46959
42.3706,21.1553,59504
42.3586,20.8250,72229
42.4331,21.0397,35000
42.2139,20.7397,171464
42.6727,21.1669,550000
42.9106,21.1931,35000
42.6591,20.2883,48962
42.3994,20.6547,22049
42.5553,20.7633,19863
43.1039,20.8028,19000
42.8833,20.8667,107045
42.6639,21.0961,16154
42.7808,20.4875,40000
42.4605,21.4699,51912
42.6283,20.8939,58579
42.0265,20.6533,35000
42.5402,20.2879,50500
42.3803,20.4308,94158
13.1287,45.3807,19879
14.1951,43.3152,52590
14.2980,44.3779,33050
13.5795,44.0209,940600
15.1718,44.3244,69404
15.3545,44.2065,1937451
15.3164,44.3088,31859
16.9402,43.7639,51870
15.4625,45.3258,16794
13.0567,44.8819,23375
13.9667,44.1833,771514
15.6943,43.6058,43549
14.7761,49.3661,21259
13.8345,44.1147,37997
14.5427,44.4051,160114
14.5163,43.3245,34204
15.0590,43.2873,48218
14.5377,46.8319,37315
15.6594,43.9438,90792
13.3181,43.2499,16794
14.5425,49.1242,594951
14.7978,42.9545,734699
16.1641,44.7769,18241
13.9852,45.5727,37821
12.7796,45.0385,1079670
-12.7823,45.2288,54831
-12.7834,45.2569,15339
-12.7336,45.2042,18118
-12.7712,45.2242,17060
-12.7864,45.2173,15880
-12.7770,45.2823,17739
-26.1625,27.8725,326416
-25.5370,26.0751,19154
-30.3023,27.0840,18699
-27.1974,25.9831,49366
-25.3318,31.0117,25607
-25.8713,29.2332,373403
-28.5180,27.0093,16862
-32.1759,26.8244,33844
-26.3191,27.6486,156831
-27.8549,26.3658,42552
-29.0491,29.7823,33849
-27.9774,26.7351,431944
-28.1140,24.8475,17946
-24.8833,28.2833,90210
-27.7695,30.7917,150012
-26.9566,24.7284,55879
-27.0081,27.3646,17515
-27.4257,29.1658,21193
-27.3654,29.8818,43378
-28.1039,26.8659,122502
-27.0303,28.6006,20745
-27.2084,26.9486,54955
-25.4825,29.0276,21252
-26.6731,27.9261,474681
-26.3140,26.8222,26446
-26.7117,27.8379,246754
-24.2957,28.1141,19723
-28.4478,21.2561,71373
-30.3100,30.6627,19415
-31.5889,28.7844,164848
-30.2067,30.7964,20410
-28.3352,31.4162,31795
-33.7556,25.4007,291052
-31.1981,28.2335,16133
-23.8332,30.1635,17457
-26.4916,29.2288,52776
-29.5737,31.1155,64829
-26.3600,28.1290,106000
-24.7246,31.1994,15974
-22.9456,30.4850,107144
-28.4110,26.7011,34718
-24.5917,27.4115,34561
-29.2093,26.8390,72721
-25.9964,28.2268,511655
-34.0226,20.4417,20993
-32.5708,27.4240,35510
-26.8449,26.7683,93110
-29.3282,31.2895,161177
-26.9337,29.2415,101101
-26.2500,28.4000,186394
-26.2678,27.8585,1695047
-25.4729,28.0992,872309
-32.7217,25.5880,22553
-25.1132,29.0445,44189
-29.4493,31.2153,27345
-28.3197,27.6208,39584
-26.5500,29.1667,20418
-30.2867,30.7532,23949
-27.1887,25.3293,70214
-25.7087,31.5102,23257
-26.8136,27.8169,135828
-25.0999,30.7800,18903
-25.6676,27.2421,373695
-34.0934,21.2572,19382
-29.8720,30.2723,32445
-28.7830,32.0377,252968
-27.8014,28.4273,24181
-26.1844,27.7020,133654
-26.0941,28.0012,337053
-31.8976,26.8753,118599
-31.8710,26.9786,20009
-25.7449,28.1878,2112693
-24.1944,29.0097,101090
-26.7167,27.1000,178285
-28.3339,23.0654,30089
-30.7414,30.4550,52793
-33.9611,25.6149,1050078
-33.5860,26.8833,30981
-34.0527,23.3716,38126
-29.8207,30.8867,144026
-27.0071,30.8132,84349
-23.9045,29.4688,272461
-29.6168,30.3928,839327
-28.5242,28.8158,84258
-23.9430,31.1411,109468
-27.6661,28.1313,15447
-26.9033,27.4573,71319
-27.7832,24.6877,21707
-33.6005,22.1995,73694
-26.8091,26.0054,22011
-26.9802,26.6727,110052
-27.8739,26.6907,76371
-24.7000,28.4000,50306
-24.9578,27.2654,15598
-23.8878,30.2871,51350
-26.4314,28.4771,140644
-27.7580,29.9318,404838
-25.4751,30.9693,110159
-24.5167,28.7167,29778
-28.4179,32.1848,33182
-29.8129,30.6365,140121
-29.5682,30.1862,30830
-30.6927,28.5061,15884
-34.1831,22.1460,78940
-29.2082,29.9946,21730
-33.7866,20.1211,18182
-27.9830,30.7177,53892
-25.4628,28.6504,22076
-25.8500,25.6333,76754
-31.4929,25.0063,22380
-25.7751,29.4648,196263
-32.9332,27.7766,205504
-25.5230,31.3569,47306
-28.6645,27.4305,18573
-30.8636,30.3705,34407
-27.3156,25.9950,15996
-25.8652,25.6442,77110
-25.5090,28.0640,110972
-25.0960,30.4439,49605
-23.0438,29.9032,86854
-26.1520,26.1597,65863
-26.3674,28.9189,39514
-27.2371,26.2351,16042
-28.5587,29.7790,143446
-31.7031,27.2329,25041
-29.1945,27.4574,30930
-25.3273,28.9422,54040
-27.8333,26.7500,95008
-34.0033,24.7314,18991
-26.0858,27.7752,378821
-27.6504,27.2349,117152
-26.2500,29.2600,18255
-25.8630,26.8976,23361
-27.2418,27.5742,16537
-25.4332,31.9548,20508
-30.5472,29.4241,61751
-34.0363,23.0471,68659
-26.8521,26.6667,227039
-26.4166,29.0867,18266
-32.8808,27.3938,93072
-28.7323,24.7623,142089
-26.2023,28.0436,9418183
-34.0453,24.9215,32477
-26.0816,25.8812,23913
-34.0290,24.7691,34733
-29.4779,30.2306,32453
-27.8327,25.9083,19209
-27.9765,27.0242,22847
-26.1588,29.7153,27300
-27.2812,27.9709,32836
-26.5048,28.3592,85858
-25.7287,27.8700,26732
-26.7657,26.4202,22294
-28.2728,29.1295,33390
-25.4089,28.2870,112950
-34.0437,22.2257,18008
-29.0642,30.5928,23139
-33.3042,26.5328,91548
-32.2522,24.5308,62896
-32.9443,28.0150,23733
-28.1783,30.1470,21024
-23.3025,30.7187,37024
-26.2348,28.1766,255863
-33.9630,22.4617,188580
-25.6169,27.9947,90945
-27.2789,28.4970,31323
-28.6196,28.2097,15544
-32.7748,26.6338,58419
-26.4886,27.4939,62416
-28.8720,27.8751,49420
-26.5333,27.8500,725468
-29.0127,29.8662,26444
-28.8710,31.8996,49265
-28.8865,31.4699,17663
-26.5333,29.9833,100324
-28.7620,31.8933,33075
-26.5333,29.0667,142443
-31.3331,27.8500,17224
-26.1410,28.1525,49292
-33.0153,27.9116,478676
-33.5757,22.4439,15029
-24.7946,31.1028,35397
-29.8579,31.0292,3338026
-28.1668,30.2337,84413
-23.6934,30.1400,24572
-25.6978,31.5640,18498
-26.9650,30.4357,28127
-32.8348,27.2174,26099
-26.8908,28.0971,23337
-26.1466,28.6832,92046
-30.6497,24.0123,32318
-25.6709,28.5236,34087
-32.1642,25.6192,43936
-26.3317,26.3207,20701
-30.2983,29.9377,18357
-28.9159,27.5696,21089
-27.9140,25.1611,25019
-26.0693,30.1149,20184
-26.3609,27.3977,182304
-24.9832,31.2349,35864
-31.5236,27.6952,15764
-32.3308,28.1498,53086
-30.9977,26.3286,19159
-28.2876,26.1500,27994
-25.8102,28.7425,41209
-25.6347,27.7802,122497
-26.3018,29.9870,17189
-34.5322,20.0403,18599
-28.7003,26.4581,15454
-26.2366,28.3694,305692
-29.2674,26.7260,309714
-27.3887,26.6170,71934
-26.2120,28.2596,445168
-27.6469,25.6070,33432
-29.1211,26.2140,556637
-32.8472,27.4422,137287
-28.2308,28.3071,91075
-26.4579,29.4655,72821
-26.1885,28.3208,605344
-25.6899,30.0350,20036
-32.3567,22.5830,44737
-25.7884,31.0532,67927
-29.5390,31.2144,27718
-26.6633,28.5902,46008
-33.8314,20.0559,15964
-24.8181,27.2966,25587
-27.7543,26.6438,31700
-30.6937,26.7114,44436
-32.7875,26.8344,18141
-24.9591,31.1702,21506
-26.1053,28.0988,179624
-26.2679,28.1223,121536
-24.5878,31.0947,33529
-25.6680,28.7300,58099
-25.3460,28.8343,114369
-25.9760,28.1180,87387
-25.8589,28.1858,236580
-33.6465,19.4485,127597
-33.6398,19.0112,55543
-31.6683,18.5012,21769
-32.9072,17.9900,45986
-33.9346,18.8668,96228
-33.0117,17.9442,68284
-33.8034,19.8854,33204
-33.7338,18.9752,236910
-34.0970,18.4797,36857
-33.1539,18.6603,15428
-33.4608,18.7271,43009
-33.9873,18.4975,17399
-33.8481,18.7172,57911
-34.4187,19.2345,56139
-34.1515,19.0151,37490
-34.5830,19.3505,15957
-33.9108,19.1198,20000
-33.8308,18.6486,54286
-33.3689,19.3109,41596
-33.9258,18.4232,4772846
-34.2300,19.4265,16752
-33.5667,18.4834,82736
-33.9672,18.5021,237414
-34.0840,18.8211,225289
-33.9633,18.4764,15158
-23.6661,27.7448,21133
-22.3488,30.0407,51132
-25.9185,28.1988,25000
-29.1469,31.4140,37533
-34.0551,18.4762,25745
-25.4414,27.5111,31554
-23.6551,27.6249,31424
-25.9331,28.0121,350000
-26.1252,28.4547,151866
-25.6990,27.4748,23389
-30.8063,30.3348,16891
-25.9957,28.1971,184383
-26.0550,30.8229,37362
-23.8838,29.7056,49480
-24.9878,31.2385,42969
-25.6703,31.8629,25390
-26.0020,29.0340,38202
-29.7390,30.9490,125394
-27.3420,31.5800,19562
-22.9711,30.6736,15659
-29.9957,30.8072,36425
-26.3794,28.9211,31553
-32.9077,27.5097,18151
-28.3306,28.9909,17800
-28.0127,27.0823,24635
-26.0657,27.6476,16087
-27.3898,30.9547,16192
-22.8842,30.4936,19092
-24.5840,30.3168,26675
-24.3146,29.5008,42040
-26.3050,30.7736,15008
-27.1325,29.9764,15793
-26.2155,29.2916,15876
-25.4778,31.1456,17846
-25.1523,28.8556,19517
-26.2607,30.8255,23153
-25.4824,27.8392,49718
-33.8906,19.1033,17432
-26.0403,30.7927,28224
-26.3901,30.7874,15693
-24.7886,31.0794,20389
-9.3451,28.7340,77746
-9.3421,32.7450,91107
-8.7623,31.1140,55405
-9.3727,30.1250,30381
-8.8402,31.3659,42424
-9.7915,29.0791,31161
-8.4689,29.6619,35663
-8.6604,29.1614,15165
-13.5432,23.1047,26885
-12.1688,26.3894,301370
-14.2100,31.7629,18716
-17.2614,27.4618,15191
-16.5382,28.7088,26951
-17.4759,24.2968,29922
-13.2325,30.2352,30217
-16.1167,23.2667,20878
-11.3649,29.5565,51309
-14.2412,31.3197,58156
-14.5566,30.8149,19252
-12.9587,28.6366,627503
-15.7504,26.4384,15614
-11.7358,24.4293,25425
-14.9829,27.0619,49461
-12.5498,28.2407,169136
-13.5091,28.1550,25388
-11.8343,31.4529,63740
-16.2715,27.4772,60281
-15.2484,23.1274,111450
-13.6202,29.3939,45927
-15.8560,27.7480,104412
-13.4165,24.3353,19317
-11.1998,28.8943,170965
-17.3667,27.1500,21676
-10.2621,29.9271,28436
-15.4067,28.2871,2212301
-12.2929,33.1782,45149
-14.3707,23.2420,19344
-13.1367,28.4166,193293
-17.8419,25.8543,178361
-12.8024,28.2132,665961
-14.0500,32.0833,45402
-13.4584,25.8338,28894
-10.2129,31.1808,179636
-13.9715,28.6699,83211
-14.7833,24.8000,34347
-12.0951,26.4273,40705
-12.8415,28.0948,104046
-17.0258,26.4837,30781
-14.9931,22.6793,18477
-15.7691,28.1814,104174
-14.4469,28.4464,288598
-13.5927,24.2008,15069
-10.1606,32.6335,31739
-15.3292,28.6820,57443
-16.8089,26.9875,98974
-12.1093,25.4961,17169
-16.0358,28.8431,35403
-13.6333,32.6500,327059
-10.5414,32.0816,38805
-12.5290,27.8838,256560
-12.3648,27.8229,113876
-13.0667,22.6833,18902
-12.6325,28.0537,34888
-15.7369,26.0416,22449
-15.5708,28.2701,54046
-15.5082,27.9244,16396
-15.4821,28.3510,41014
-15.3174,28.2687,115539
-15.3186,28.1103,21655
-15.3545,28.3742,80782
-12.3148,25.8486,28825
-12.9369,28.6721,26986
-13.1370,25.0065,25667
-9.8220,28.7604,16077
-15.3905,28.1899,97758
-15.3896,28.4220,20254
-15.4462,28.5344,19769
-20.3267,30.0665,59717
-17.9328,25.8307,35215
-19.6702,30.0059,23304
-17.8897,31.2447,94083
-18.5279,32.1284,37906
-19.0333,29.7833,41526
-17.8833,30.7000,87039
-17.0333,30.8500,15646
-18.9707,32.6709,224802
-20.0637,30.8277,90286
-18.1853,31.5519,66204
-18.9281,29.8149,119863
-16.8099,29.6925,37564
-16.5167,28.8000,27600
-18.3333,29.9153,117381
-18.3645,26.4988,39750
-17.8277,31.0534,1542813
-19.4500,29.8167,158200
-20.9362,29.0070,26700
-18.2048,28.9349,33073
-21.0500,31.6667,40100
-20.1883,32.6236,34959
-17.3667,30.2000,90800
-18.1302,30.1407,65800
-20.1500,28.5833,665952
-17.3019,31.3306,50400
-22.2167,30.0000,58574
-17.8900,31.1475,206368
-18.0127,31.0755,371246
-17.8415,30.8767,15556